project_id,project_name,agency,state,report_month,risk_score,risk_level,progress_risk,schedule_risk,cost_risk,trend_risk,risk_explanation
108841,"Amended BharatNet Program - KTK, GOA, PY",Department of Telecommunications,PAN India,2026-07,26.25,LOW,75.0,0.0,0.0,0.0,Physical progress (8.2%) is 28.0 points below expected progress (36.1%). | No completion-date revision recorded (schedule risk based on original plan only). | Cost is within (or close to) the originally approved budget. | Recent progress growth is healthy (~8.15 points/month).
124199,Amended BharatNet Program - HR,Department of Telecommunications,PAN India,2026-07,19.44,LOW,50.0,0.0,0.0,,Physical progress (0.0%) is 11.1 points below expected progress (11.1%). | No completion-date revision recorded (schedule risk based on original plan only). | Cost is within (or close to) the originally approved budget. | Recent progress trend could not be assessed (no prior month to compare).
171218,Amended BharatNet Program - PB,Department of Telecommunications,PAN India,2026-07,19.44,LOW,50.0,0.0,0.0,,Physical progress (26.6%) is 20.6 points below expected progress (47.2%). | No completion-date revision recorded (schedule risk based on original plan only). | Cost is within (or close to) the originally approved budget. | Recent progress trend could not be assessed (no prior month to compare).
175860,"Amended BharatNet Program - MP, DD and DNH",Department of Telecommunications,PAN India,2026-07,29.17,LOW,75.0,0.0,0.0,,Physical progress (8.4%) is 30.5 points below expected progress (38.9%). | No completion-date revision recorded (schedule risk based on original plan only). | Cost is within (or close to) the originally approved budget. | Recent progress trend could not be assessed (no prior month to compare).
210914,Amended BharatNet Program - WB & ANI,Department of Telecommunications,PAN India,2026-07,29.17,LOW,75.0,0.0,0.0,,Physical progress (15.1%) is 32.1 points below expected progress (47.2%). | No completion-date revision recorded (schedule risk based on original plan only). | Cost is within (or close to) the originally approved budget. | Recent progress trend could not be assessed (no prior month to compare).
222253,Amended BharatNet Program - UP (East),Department of Telecommunications,Uttar Pradesh,2026-07,26.25,LOW,75.0,0.0,0.0,0.0,Physical progress (7.7%) is 39.6 points below expected progress (47.2%). | No completion-date revision recorded (schedule risk based on original plan only). | Cost is within (or close to) the originally approved budget. | Recent progress growth is healthy (~7.65 points/month).
240484,Amended BharatNet Program - AS,Department of Telecommunications,PAN India,2026-07,19.44,LOW,50.0,0.0,0.0,,Physical progress (0.0%) is 11.1 points below expected progress (11.1%). | No completion-date revision recorded (schedule risk based on original plan only). | Cost is within (or close to) the originally approved budget. | Recent progress trend could not be assessed (no prior month to compare).
245986,Jaipur Metro Rail Project Phase 2 (Prahladpura to Todi Mod),Jaipur Metro Rail Corporation,Rajasthan,2026-07,9.72,LOW,25.0,0.0,0.0,,No completion-date revision recorded (schedule risk based on original plan only). | Cost is within (or close to) the originally approved budget. | Recent progress trend could not be assessed (no prior month to compare).
298178,"Meja Thermal Power Project, Stage-II , (3x800 MW)",National Thermal Power Corporation [NTPC],Uttar Pradesh,2026-07,9.72,LOW,25.0,0.0,0.0,,No completion-date revision recorded (schedule risk based on original plan only). | Cost is within (or close to) the originally approved budget. | Recent progress trend could not be assessed (no prior month to compare).
317725,Amended BharatNet Program - OD,Department of Telecommunications,PAN India,2026-07,0.0,LOW,0.0,0.0,0.0,,Physical progress (0.0%) is on track or ahead of expected progress (0.0%). | No completion-date revision recorded (schedule risk based on original plan only). | Cost is within (or close to) the originally approved budget. | Recent progress trend could not be assessed (no prior month to compare).
364934,Stamp Charge Battery No.12 By-product Plant at IISCO Steel Plant,Steel Authority of India Limited (SAIL),West Bengal,2026-07,19.44,LOW,50.0,0.0,0.0,,Physical progress (18.7%) is 22.7 points below expected progress (41.5%). | No completion-date revision recorded (schedule risk based on original plan only). | Cost is within (or close to) the originally approved budget. | Recent progress trend could not be assessed (no prior month to compare).
400005,Transmission Network Expansion in Gujarat to increase its ATC from ISTS Part B,Power Grid Corporation of India Limited [POWERGRID],"Multi-States (Dadra & Nagar Haveli and Daman & Diu, Gujarat, Maharashtra)",2026-04,43.06,MEDIUM,25.0,100.0,0.0,,Completion date has been revised by 35 month(s) (from 06/2023 to 05/2026). | Cost is within (or close to) the originally approved budget. | Recent progress trend could not be assessed (no prior month to compare).
400006,Jharsuguda-Barpali-Sardega Ph II Works- Rail Connectivity for Coal Loading Bulb at Barpali.,South Eastern Railway [SER] - I,Odisha,2026-07,57.5,MEDIUM,100.0,75.0,0.0,0.0,Physical progress (44.0%) is 56.0 points below expected progress (100.0%). | Completion date has been revised by 14 month(s) (from 10/2025 to 12/2026). | Cost is within (or close to) the originally approved budget. | Recent progress growth is healthy (~4.00 points/month).
400010,"Construction of Terminal Building & Associated works at Leh Airport, Ladakh",Airport Authority of India [AAI],Ladakh,2026-07,68.75,HIGH,50.0,100.0,85.0,0.0,Physical progress (88.0%) is 12.0 points below expected progress (100.0%). | Completion date has been revised by 58 month(s) (from 09/2021 to 07/2026). | Cost overrun of 33.3% (original Rs. 480.00 Cr -> revised Rs. 640.00 Cr). | Recent progress growth is healthy (~4.60 points/month).
400012,Kandla Gorakhpur LPG Pipeline,Indian Oil Corporation Limited [IOCL],Uttar Pradesh,2026-07,43.75,MEDIUM,25.0,100.0,0.0,50.0,Completion date has been revised by 58 month(s) (from 12/2021 to 10/2026). | Cost is within (or close to) the originally approved budget. | Recent progress growth is low (~0.30 points/month).
400013,Saturation 4G mobile coverage of Uncovered Villages through USOF,Department of Telecommunications [DoT],PAN India,2026-07,47.5,MEDIUM,50.0,100.0,0.0,0.0,Physical progress (87.7%) is 12.3 points below expected progress (100.0%). | Completion date has been revised by 33 month(s) (from 06/2024 to 03/2027). | Cost is within (or close to) the originally approved budget. | Recent progress growth is healthy (~2.70 points/month).
400018,HURA C OCP,Eastern Coal Fields Limited [ECL],Jharkhand,2026-07,7.5,LOW,0.0,0.0,0.0,75.0,Physical progress (63.3%) is on track or ahead of expected progress (59.5%). | No completion-date revision recorded (schedule risk based on original plan only). | Cost is within (or close to) the originally approved budget. | Recent progress growth is stalled or negative (no measurable gain last month).
400019,DHULE [BORVIHIR] - NARDANA NEW LINE [50.60 KMS],Central Railway,Maharashtra,2026-06,66.25,HIGH,75.0,50.0,100.0,0.0,Physical progress (38.0%) is 48.4 points below expected progress (86.4%). | Completion date has been revised by 9 month(s) (from 12/2026 to 09/2027). | Cost overrun of 137.6% (original Rs. 492.76 Cr -> revised Rs. 1170.83 Cr). | Recent progress growth is healthy (~13.00 points/month).
400022,Taranga Hill-Abu Road via Ambaji 116.65 km,CAOC/NWR NWR mor,"Multi-States (Gujarat, Rajasthan)",2026-07,10.0,LOW,0.0,0.0,40.0,0.0,Physical progress (48.0%) is on track or ahead of expected progress (44.2%). | Completion date has not slipped versus the original plan. | Cost overrun of 14.3% (original Rs. 2798.00 Cr -> revised Rs. 3198.16 Cr). | Recent progress growth is healthy (~3.00 points/month).
400023,Construction of New BG line between Hassan to Belur [27 Km],South Western Railway [SWR] - II,Karnataka,2026-07,47.5,MEDIUM,50.0,75.0,0.0,75.0,Physical progress (0.5%) is 24.5 points below expected progress (25.0%). | Completion date has been revised by 23 month(s) (from 04/2028 to 03/2030). | Cost is within (or close to) the originally approved budget. | Recent progress growth is stalled or negative (no measurable gain last month).
400033,BHATADI EXPANSION OC,WCL - CIL,Maharashtra,2026-07,31.25,MEDIUM,75.0,0.0,0.0,50.0,Physical progress (34.2%) is 37.2 points below expected progress (71.4%). | No completion-date revision recorded (schedule risk based on original plan only). | Cost is within (or close to) the originally approved budget. | Recent progress growth is low (~0.34 points/month).
400035,"Grass Root Rail-fed Depot at Sekerkote, Agartala as resitement of existing Dharmanagar Depot",Indian Oil Corporation Limited [IOCL],Tripura,2026-05,28.75,LOW,25.0,50.0,0.0,50.0,Completion date has been revised by 9 month(s) (from 09/2025 to 06/2026). | Cost is within (or close to) the originally approved budget. | Recent progress growth is low (~0.70 points/month).
400043,Laying of POL Pipelines in Common Corridor for proposed grass root terminal at Vallur [Chennai],MinistryofPetroleumNaturalGas,Tamil Nadu,2026-07,35.0,MEDIUM,50.0,50.0,0.0,25.0,Physical progress (81.0%) is 19.0 points below expected progress (100.0%). | Completion date has been revised by 10 month(s) (from 05/2026 to 03/2027). | Cost is within (or close to) the originally approved budget. | Recent progress growth is healthy (~1.40 points/month).
400045,Proposed 6 nos Road Over Bridge [ROB] at different locations under MCL Talcher Under Deposit Scheme.,East Coast Railway [ECoR] - II,Odisha,2026-07,25.0,LOW,50.0,0.0,0.0,75.0,Physical progress (82.0%) is 18.0 points below expected progress (100.0%). | Completion date has not slipped versus the original plan. | Cost is within (or close to) the originally approved budget. | Recent progress growth is stalled or negative (no measurable gain last month).
400047,Doubling of Lingaraj SILO connectivity of NTPC line and augmentation of NTPC exchange yard and NTPC Block Cabin.,East Coast Railway [ECoR] - II,Odisha,2026-07,56.25,MEDIUM,75.0,75.0,0.0,75.0,Physical progress (53.0%) is 47.0 points below expected progress (100.0%). | Completion date has been revised by 24 month(s) (from 12/2024 to 12/2026). | Cost is within (or close to) the originally approved budget. | Recent progress growth is stalled or negative (no measurable gain last month).
400048,Doubling of lines connecting the loading spurs in Talcher Yard.,East Coast Railway [ECoR] - II,Odisha,2026-07,55.0,MEDIUM,50.0,100.0,0.0,75.0,Physical progress (88.0%) is 12.0 points below expected progress (100.0%). | Completion date has been revised by 30 month(s) (from 12/2024 to 06/2027). | Cost is within (or close to) the originally approved budget. | Recent progress growth is stalled or negative (no measurable gain last month).
400062,"Raghunathpur Thermal Power Station Phase II [2X660 MW] at Raghunathpur, Purulia, West Bengal",Damodar Valley Corporation,West Bengal,2026-07,20.0,LOW,50.0,0.0,0.0,25.0,Physical progress (13.0%) is 18.5 points below expected progress (31.5%). | No completion-date revision recorded (schedule risk based on original plan only). | Cost is within (or close to) the originally approved budget. | Recent progress growth is healthy (~1.50 points/month).
400073,KONAR EXPANSION OCP,CCL - CIL,Jharkhand,2026-07,7.5,LOW,0.0,0.0,0.0,75.0,Physical progress (50.8%) is on track or ahead of expected progress (44.3%). | No completion-date revision recorded (schedule risk based on original plan only). | Cost is within (or close to) the originally approved budget. | Recent progress growth is stalled or negative (no measurable gain last month).
400074,KARO EXPANSION OCP,CCL - CIL,Jharkhand,2026-07,33.75,MEDIUM,75.0,0.0,0.0,75.0,Physical progress (23.3%) is 39.5 points below expected progress (62.8%). | No completion-date revision recorded (schedule risk based on original plan only). | Cost is within (or close to) the originally approved budget. | Recent progress growth is stalled or negative (no measurable gain last month).
400078,New Mundra Panipat Crude Oil Pipeline,Ministry of Petroleum & Natural Gas,"Multi-States (Gujarat, Haryana, Rajasthan)",2026-06,33.75,MEDIUM,25.0,75.0,0.0,25.0,Completion date has been revised by 18 month(s) (from 12/2024 to 06/2026). | Cost is within (or close to) the originally approved budget. | Recent progress growth is healthy (~1.40 points/month).
400081,"National Sports University [NSU], Imphal [Manipur]",Department of Sports & Youth Affairs,Manipur,2026-07,36.25,MEDIUM,25.0,75.0,0.0,50.0,Completion date has been revised by 24 month(s) (from 08/2024 to 08/2026). | Cost is within (or close to) the originally approved budget. | Recent progress growth is low (~0.25 points/month).
400087,Redevelopment of Sobhasan Complex,Oil and Natural Gas Corporation Limited [ONGC],Gujarat,2026-07,23.75,LOW,0.0,0.0,85.0,25.0,Physical progress (95.6%) is on track or ahead of expected progress (88.1%). | No completion-date revision recorded (schedule risk based on original plan only). | Cost overrun of 52.2% (original Rs. 885.63 Cr -> revised Rs. 1347.61 Cr). | Recent progress growth is healthy (~1.30 points/month).
400093,Saryu Nahar CADWM Project,Irrigation & Water Resources-UP,Uttar Pradesh,2026-04,72.22,HIGH,100.0,100.0,0.0,,Physical progress (1.8%) is 98.2 points below expected progress (100.0%). | Completion date has been revised by 75 month(s) (from 12/2019 to 03/2026). | Cost is within (or close to) the originally approved budget. | Recent progress trend could not be assessed (no prior month to compare).
400095,Gosikhurd CADWM Project,Department of water resources-MH - II,Maharashtra,2026-04,62.5,HIGH,75.0,100.0,0.0,,Physical progress (53.9%) is 46.1 points below expected progress (100.0%). | Completion date has been revised by 78 month(s) (from 12/2019 to 06/2026). | Cost is within (or close to) the originally approved budget. | Recent progress trend could not be assessed (no prior month to compare).
400096,Omkareshwar CADWM Project,Water resource-mp,Madhya Pradesh,2026-04,72.22,HIGH,100.0,100.0,0.0,,Physical progress (49.8%) is 50.2 points below expected progress (100.0%). | Completion date has been revised by 90 month(s) (from 12/2019 to 06/2027). | Cost is within (or close to) the originally approved budget. | Recent progress trend could not be assessed (no prior month to compare).
400097,Sardar Sarovar CADWM Project,"Narmada and Water Resources, Water Supply and Kalpsar Department-GJ",Gujarat,2026-04,66.67,HIGH,25.0,100.0,85.0,,Completion date has been revised by 75 month(s) (from 12/2019 to 03/2026). | Cost overrun of 32.8% (original Rs. 5021.76 Cr -> revised Rs. 6670.31 Cr). | Recent progress trend could not be assessed (no prior month to compare).
400100,Sardar Gouthu Latchanna Thotapalli Barrage Project,Water Resources-AP,Andhra Pradesh,2026-07,71.25,HIGH,25.0,100.0,100.0,75.0,Completion date has been revised by 78 month(s) (from 12/2019 to 06/2026). | Cost overrun of 189.8% (original Rs. 353.05 Cr -> revised Rs. 1023.24 Cr). | Recent progress growth is stalled or negative (no measurable gain last month).
400101,Gundlakamma project,Water Resources-AP,Andhra Pradesh,2026-07,71.25,HIGH,25.0,100.0,100.0,75.0,Completion date has been revised by 87 month(s) (from 12/2019 to 03/2027). | Cost overrun of 75.5% (original Rs. 397.41 Cr -> revised Rs. 697.39 Cr). | Recent progress growth is stalled or negative (no measurable gain last month).
400102,Sri Ram Sagar Project Stage - II,Irrigation and CAD-TG,Telangana,2026-07,62.5,HIGH,25.0,100.0,65.0,75.0,Completion date has been revised by 72 month(s) (from 12/2019 to 12/2025). | Cost overrun of 29.0% (original Rs. 736.13 Cr -> revised Rs. 949.87 Cr). | Recent progress growth is stalled or negative (no measurable gain last month).
400103,Indiramma Flood Flow Canal Project,Irrigation and CAD-TG,Telangana,2026-07,71.25,HIGH,25.0,100.0,100.0,75.0,Completion date has been revised by 84 month(s) (from 12/2019 to 12/2026). | Cost overrun of 346.2% (original Rs. 1331.30 Cr -> revised Rs. 5940.09 Cr). | Recent progress growth is stalled or negative (no measurable gain last month).
400105,Urmodi Irrigation Project,Department of water resources-MH - II,Maharashtra,2026-04,76.39,HIGH,50.0,100.0,85.0,,Physical progress (76.2%) is 23.8 points below expected progress (100.0%). | Completion date has been revised by 54 month(s) (from 06/2022 to 12/2026). | Cost overrun of 54.2% (original Rs. 580.79 Cr -> revised Rs. 895.81 Cr). | Recent progress trend could not be assessed (no prior month to compare).
400107,Sulwade-Jamphal-Kanoli Lift Irrigation Scheme,Department of water resources-MH - II,Maharashtra,2026-04,52.78,MEDIUM,50.0,100.0,0.0,,Physical progress (80.5%) is 19.5 points below expected progress (100.0%). | Completion date has been revised by 48 month(s) (from 06/2023 to 06/2027). | Cost is within (or close to) the originally approved budget. | Recent progress trend could not be assessed (no prior month to compare).
400109,Purna Barrage-2 [Ner Dhamana] Medium Irrigation Project,Department of water resources-MH - II,Maharashtra,2026-04,68.06,HIGH,75.0,100.0,20.0,,Physical progress (69.6%) is 30.4 points below expected progress (100.0%). | Completion date has been revised by 72 month(s) (from 06/2020 to 06/2026). | Cost is within (or close to) the originally approved budget. | Recent progress trend could not be assessed (no prior month to compare).
400111,Kelo Irrigation Project,Water Resources-CT,Chhattisgarh,2026-07,85.0,HIGH,75.0,100.0,85.0,75.0,Physical progress (73.0%) is 27.0 points below expected progress (100.0%). | Completion date has been revised by 78 month(s) (from 12/2019 to 06/2026). | Cost overrun of 58.1% (original Rs. 459.97 Cr -> revised Rs. 727.04 Cr). | Recent progress growth is stalled or negative (no measurable gain last month).
400112,Jigaon Irrigation Project,Department of water resources-MH - II,Maharashtra,2026-04,0.0,LOW,0.0,0.0,0.0,,Physical progress (92.0%) is on track or ahead of expected progress (78.7%). | No completion-date revision recorded (schedule risk based on original plan only). | Cost is within (or close to) the originally approved budget. | Recent progress trend could not be assessed (no prior month to compare).
400115,Bargi Diversion Project Phase - IV [km. 154 to km 197],Water Resources-MP,Madhya Pradesh,2026-07,71.25,HIGH,50.0,100.0,65.0,75.0,Physical progress (75.0%) is 25.0 points below expected progress (100.0%). | Completion date has been revised by 75 month(s) (from 12/2019 to 03/2026). | Cost overrun of 18.9% (original Rs. 751.03 Cr -> revised Rs. 893.35 Cr). | Recent progress growth is stalled or negative (no measurable gain last month).
400116,Bargi Diversion Project Phase - III [km. 104 to km 154],Water Resources-MP,Madhya Pradesh,2026-07,65.0,HIGH,50.0,100.0,40.0,75.0,Physical progress (81.5%) is 18.5 points below expected progress (100.0%). | Completion date has been revised by 84 month(s) (from 12/2019 to 12/2026). | Cost overrun of 13.9% (original Rs. 1229.15 Cr -> revised Rs. 1399.70 Cr). | Recent progress growth is stalled or negative (no measurable gain last month).
400119,Life Extension of 48 well platforms of Mumbai High & Heera Fields,Oil and Natural Gas Corporation Limited [ONGC],Offshore,2026-07,56.25,MEDIUM,25.0,100.0,40.0,75.0,Completion date has been revised by 102 month(s) (from 04/2018 to 10/2026). | Cost overrun of 5.8% (original Rs. 3190.69 Cr -> revised Rs. 3375.90 Cr). | Recent progress growth is stalled or negative (no measurable gain last month).
400120,KG-DWN-98/2 Cluster - II Development Project - NELP Block,Oil and Natural Gas Corporation Limited [ONGC],Andhra Pradesh,2026-07,43.75,MEDIUM,25.0,100.0,0.0,50.0,Completion date has been revised by 75 month(s) (from 06/2020 to 09/2026). | Cost is within (or close to) the originally approved budget. | Recent progress growth is low (~0.10 points/month).
400121,"Construction of Screening Plant-II for Donimalai and Kumaraswamy Iron Ore Mining Complex of NMDC Limited at Ballari Dt, Karnataka.",National Mineral Development Corporation Limited [NMDC],Karnataka,2026-07,26.25,LOW,75.0,0.0,0.0,0.0,Physical progress (70.3%) is 25.8 points below expected progress (96.2%). | No completion-date revision recorded (schedule risk based on original plan only). | Cost is within (or close to) the originally approved budget. | Recent progress growth is healthy (~5.33 points/month).
400136,SANGHMITRA OC,CCL - CIL,Jharkhand,2026-07,25.0,LOW,50.0,0.0,0.0,75.0,Physical progress (16.8%) is 12.4 points below expected progress (29.2%). | No completion-date revision recorded (schedule risk based on original plan only). | Cost is within (or close to) the originally approved budget. | Recent progress growth is stalled or negative (no measurable gain last month).
400138,CHANDRAGUPT OCP,CCL - CIL,Jharkhand,2026-07,33.75,MEDIUM,75.0,0.0,0.0,75.0,Physical progress (25.1%) is 26.0 points below expected progress (51.1%). | No completion-date revision recorded (schedule risk based on original plan only). | Cost is within (or close to) the originally approved budget. | Recent progress growth is stalled or negative (no measurable gain last month).
400139,KOTRE BASANTPUR PACHMO OCP,Ministry of Coal,Jharkhand,2026-07,16.25,LOW,25.0,0.0,0.0,75.0,No completion-date revision recorded (schedule risk based on original plan only). | Cost is within (or close to) the originally approved budget. | Recent progress growth is stalled or negative (no measurable gain last month).
400141,Expansion of Alumina Refinery Plant with addition of 5th Stream having capacity enhancement of 1.0 Million Tonee Per Annum,National Aluminium Company Limited [NALCO],Odisha,2026-07,65.0,HIGH,25.0,100.0,85.0,50.0,Completion date has been revised by 42 month(s) (from 12/2022 to 06/2026). | Cost overrun of 38.4% (original Rs. 4103.00 Cr -> revised Rs. 5677.40 Cr). | Recent progress growth is low (~0.44 points/month).
400142,Pachwara South Coal Block,NLC India Limited,Jharkhand,2026-07,7.5,LOW,0.0,0.0,0.0,75.0,Physical progress (87.0%) is on track or ahead of expected progress (75.5%). | No completion-date revision recorded (schedule risk based on original plan only). | Cost is within (or close to) the originally approved budget. | Recent progress growth is stalled or negative (no measurable gain last month).
400144,PORDA CHIMTAPANI OCP [10 MTY],SECL - CIL,Chhattisgarh,2026-07,42.5,MEDIUM,100.0,0.0,0.0,75.0,Physical progress (11.8%) is 55.9 points below expected progress (67.7%). | No completion-date revision recorded (schedule risk based on original plan only). | Cost is within (or close to) the originally approved budget. | Recent progress growth is stalled or negative (no measurable gain last month).
400148,AMADAND OCP[4.0MTY],SECL - CIL,Madhya Pradesh,2026-07,55.0,MEDIUM,50.0,100.0,0.0,75.0,Physical progress (75.2%) is 24.9 points below expected progress (100.0%). | Completion date has been revised by 72 month(s) (from 03/2021 to 03/2027). | Cost is within (or close to) the originally approved budget. | Recent progress growth is stalled or negative (no measurable gain last month).
400149,BAROUD OC EXPANSION [3.0-10.0M,SECL - CIL,Chhattisgarh,2026-07,25.0,LOW,50.0,0.0,0.0,75.0,Physical progress (56.0%) is 13.0 points below expected progress (68.9%). | No completion-date revision recorded (schedule risk based on original plan only). | Cost is within (or close to) the originally approved budget. | Recent progress growth is stalled or negative (no measurable gain last month).
400150,RPR MAGADH EXP OCP,Ministry of Coal,Jharkhand,2026-07,33.75,MEDIUM,75.0,0.0,0.0,75.0,Physical progress (39.4%) is 38.6 points below expected progress (78.0%). | No completion-date revision recorded (schedule risk based on original plan only). | Cost is within (or close to) the originally approved budget. | Recent progress growth is stalled or negative (no measurable gain last month).
400151,NORTH URIMARI EXPANSION OCP,Ministry of Coal,Jharkhand,2026-07,7.5,LOW,0.0,0.0,0.0,75.0,Physical progress (68.9%) is on track or ahead of expected progress (65.2%). | No completion-date revision recorded (schedule risk based on original plan only). | Cost is within (or close to) the originally approved budget. | Recent progress growth is stalled or negative (no measurable gain last month).
400153,EPR ROHINI - KARKETTA OCP,Ministry of Coal,Jharkhand,2026-07,42.5,MEDIUM,100.0,0.0,0.0,75.0,Physical progress (24.0%) is 52.7 points below expected progress (76.7%). | No completion-date revision recorded (schedule risk based on original plan only). | Cost is within (or close to) the originally approved budget. | Recent progress growth is stalled or negative (no measurable gain last month).
400154,EPR PUNDI OCP,Ministry of Coal,Jharkhand,2026-07,42.5,MEDIUM,100.0,0.0,0.0,75.0,Physical progress (11.2%) is 78.2 points below expected progress (89.5%). | No completion-date revision recorded (schedule risk based on original plan only). | Cost is within (or close to) the originally approved budget. | Recent progress growth is stalled or negative (no measurable gain last month).
400155,EPR ASHOK OC,Ministry of Coal,Jharkhand,2026-07,25.0,LOW,50.0,0.0,0.0,75.0,Physical progress (27.7%) is 24.8 points below expected progress (52.5%). | No completion-date revision recorded (schedule risk based on original plan only). | Cost is within (or close to) the originally approved budget. | Recent progress growth is stalled or negative (no measurable gain last month).
400156,EPR AMRAPALI OCP,CCL - CIL,Jharkhand,2026-07,33.75,MEDIUM,75.0,0.0,0.0,75.0,Physical progress (43.7%) is 35.7 points below expected progress (79.4%). | No completion-date revision recorded (schedule risk based on original plan only). | Cost is within (or close to) the originally approved budget. | Recent progress growth is stalled or negative (no measurable gain last month).
400160,RAJRAPPA RCE OCP,CCL - CIL,Jharkhand,2026-07,55.0,MEDIUM,50.0,100.0,0.0,75.0,Physical progress (75.6%) is 24.4 points below expected progress (100.0%). | Completion date has been revised by 132 month(s) (from 03/2016 to 03/2027). | Cost is within (or close to) the originally approved budget. | Recent progress growth is stalled or negative (no measurable gain last month).
400162,BLOCK B EXPANSION [3.5 TO 8.0,NCL - CIL,Madhya Pradesh,2026-07,61.25,HIGH,75.0,100.0,0.0,50.0,Physical progress (51.3%) is 48.7 points below expected progress (100.0%). | Completion date has been revised by 48 month(s) (from 03/2023 to 03/2027). | Cost is within (or close to) the originally approved budget. | Recent progress growth is low (~0.23 points/month).
400165,SUBHADRA OCP,MCL - CIL,Odisha,2026-07,13.75,LOW,25.0,0.0,0.0,50.0,No completion-date revision recorded (schedule risk based on original plan only). | Cost is within (or close to) the originally approved budget. | Recent progress growth is low (~0.30 points/month).
400166,SIARMAL OCP,Mahanadi Coalfields Limited [MCL],Odisha,2026-07,13.75,LOW,25.0,0.0,0.0,50.0,No completion-date revision recorded (schedule risk based on original plan only). | Cost is within (or close to) the originally approved budget. | Recent progress growth is low (~0.38 points/month).
400167,Redevelopment of Santhal Field [Onshore-Mehsana Asset],Oil and Natural Gas Corporation Limited [ONGC],Gujarat,2026-07,31.25,MEDIUM,25.0,50.0,0.0,75.0,Completion date has been revised by 9 month(s) (from 03/2026 to 12/2026). | Cost is within (or close to) the originally approved budget. | Recent progress growth is stalled or negative (no measurable gain last month).
400168,"500 KTA PDHPP Project, Usar",Gas Authority of India Limited [GAIL],Maharashtra,2026-07,60.0,MEDIUM,25.0,100.0,65.0,50.0,Completion date has been revised by 26 month(s) (from 04/2025 to 06/2027). | Cost overrun of 27.9% (original Rs. 8797.00 Cr -> revised Rs. 11256.00 Cr). | Recent progress growth is low (~0.30 points/month).
400169,Redevelopment of Linch Field,Oil and Natural Gas Corporation Limited [ONGC],Gujarat,2026-07,55.0,MEDIUM,25.0,75.0,85.0,25.0,Completion date has been revised by 19 month(s) (from 03/2025 to 10/2026). | Cost overrun of 34.0% (original Rs. 631.03 Cr -> revised Rs. 845.42 Cr). | Recent progress growth is healthy (~1.60 points/month).
400171,2G Ethanol Biorefinery at Bathinda,Hindustan Petroleum Corporation Limited,Punjab,2026-07,41.25,MEDIUM,25.0,100.0,0.0,25.0,Completion date has been revised by 46 month(s) (from 02/2023 to 12/2026). | Cost is within (or close to) the originally approved budget. | Recent progress growth is healthy (~1.90 points/month).
400172,CHITRA EAST OC,ECL - CIL,Jharkhand,2026-07,56.25,MEDIUM,75.0,75.0,0.0,75.0,Physical progress (53.0%) is 47.0 points below expected progress (100.0%). | Completion date has been revised by 24 month(s) (from 03/2026 to 03/2028). | Cost is within (or close to) the originally approved budget. | Recent progress growth is stalled or negative (no measurable gain last month).
400173,MOHANPUR EXPANSION OC -PHASE I,Eastern Coal Fields Limited [ECL],West Bengal,2026-07,72.5,HIGH,100.0,100.0,0.0,75.0,Physical progress (31.5%) is 68.5 points below expected progress (100.0%). | Completion date has been revised by 48 month(s) (from 03/2026 to 03/2030). | Cost is within (or close to) the originally approved budget. | Recent progress growth is stalled or negative (no measurable gain last month).
400174,"New Sinter Plant at BSL, SAIL",Steel Authority of India Limited [SAIL],Jharkhand,2026-07,56.25,MEDIUM,75.0,0.0,100.0,50.0,Physical progress (64.3%) is 25.3 points below expected progress (89.6%). | Completion date has not slipped versus the original plan. | Cost overrun of 69.5% (original Rs. 1034.01 Cr -> revised Rs. 1752.30 Cr). | Recent progress growth is low (~0.50 points/month).
400177,AMALGAMATED YEKONA I & YEKONA,WCL - CIL,Maharashtra,2026-07,47.5,MEDIUM,50.0,75.0,0.0,75.0,Physical progress (80.8%) is 19.2 points below expected progress (100.0%). | Completion date has been revised by 24 month(s) (from 03/2025 to 03/2027). | Cost is within (or close to) the originally approved budget. | Recent progress growth is stalled or negative (no measurable gain last month).
400178,DINESH[MAKARDHOKRA-III] OC,WCL - CIL,Maharashtra,2026-07,33.75,MEDIUM,75.0,0.0,0.0,75.0,Physical progress (40.6%) is 50.0 points below expected progress (90.6%). | No completion-date revision recorded (schedule risk based on original plan only). | Cost is within (or close to) the originally approved budget. | Recent progress growth is stalled or negative (no measurable gain last month).
400180,BONJEMEHARI EXPANSION OCP,Eastern Coal Fields Limited [ECL],West Bengal,2026-07,72.5,HIGH,100.0,100.0,0.0,75.0,Physical progress (17.1%) is 82.9 points below expected progress (100.0%). | Completion date has been revised by 48 month(s) (from 03/2026 to 03/2030). | Cost is within (or close to) the originally approved budget. | Recent progress growth is stalled or negative (no measurable gain last month).
400181,NAKRAKONDA KUMARDIH- B OCP,ECL - CIL,West Bengal,2026-07,33.75,MEDIUM,75.0,0.0,0.0,75.0,Physical progress (28.6%) is 46.2 points below expected progress (74.8%). | No completion-date revision recorded (schedule risk based on original plan only). | Cost is within (or close to) the originally approved budget. | Recent progress growth is stalled or negative (no measurable gain last month).
400182,SIDULI [OC & UG],ECL - CIL,West Bengal,2026-04,72.22,HIGH,100.0,100.0,0.0,,Physical progress (14.6%) is 75.0 points below expected progress (89.6%). | Completion date has been revised by 36 month(s) (from 03/2027 to 03/2030). | Cost is within (or close to) the originally approved budget. | Recent progress trend could not be assessed (no prior month to compare).
400183,BALARAM EXPANSION OCP,Mahanadi Coalfields Limited [MCL],Odisha,2026-07,8.75,LOW,25.0,0.0,0.0,0.0,No completion-date revision recorded (schedule risk based on original plan only). | Cost is within (or close to) the originally approved budget. | Recent progress growth is healthy (~3.83 points/month).
400185,GOPALJI KANIHA OCP [10 TO 30 M,MCL - CIL,Odisha,2026-07,22.5,LOW,50.0,0.0,0.0,50.0,Physical progress (35.8%) is 17.9 points below expected progress (53.7%). | No completion-date revision recorded (schedule risk based on original plan only). | Cost is within (or close to) the originally approved budget. | Recent progress growth is low (~0.11 points/month).
400186,TILABONI UG,ECL - CIL,West Bengal,2026-07,33.75,MEDIUM,75.0,0.0,0.0,75.0,Physical progress (12.1%) is 44.6 points below expected progress (56.8%). | No completion-date revision recorded (schedule risk based on original plan only). | Cost is within (or close to) the originally approved budget. | Recent progress growth is stalled or negative (no measurable gain last month).
400187,INTEGRATED LAKHANPUR-BELPAHAR-,MCL - CIL,Odisha,2026-07,13.75,LOW,25.0,0.0,0.0,50.0,No completion-date revision recorded (schedule risk based on original plan only). | Cost is within (or close to) the originally approved budget. | Recent progress growth is low (~0.40 points/month).
400188,Redevelopment of Seven General Pool Residential Accommodation [GPRA] Colonies in Delhi,National Buildings Construction Corporation [NBCC],Delhi,2026-07,42.5,MEDIUM,100.0,0.0,0.0,75.0,Physical progress (46.7%) is 53.3 points below expected progress (100.0%). | Completion date has not slipped versus the original plan. | Cost is within (or close to) the originally approved budget. | Recent progress growth is stalled or negative (no measurable gain last month).
400192,Tubed Coal Mine,Damodar Valley Corporation,Jharkhand,2026-07,55.0,MEDIUM,100.0,50.0,0.0,50.0,Physical progress (37.0%) is 63.0 points below expected progress (100.0%). | Completion date has been revised by 7 month(s) (from 05/2026 to 12/2026). | Cost is within (or close to) the originally approved budget. | Recent progress growth is low (~0.50 points/month).
400203,Dharamjaigarh-Korba,Railway,Chhattisgarh,2026-07,63.75,HIGH,100.0,0.0,85.0,75.0,Physical progress (43.7%) is 52.0 points below expected progress (95.7%). | Completion date has not slipped versus the original plan. | Cost overrun of 44.6% (original Rs. 1686.22 Cr -> revised Rs. 2438.53 Cr). | Recent progress growth is stalled or negative (no measurable gain last month).
400204,"Bahraich - Khalilabad via Bhinga, Shravasti, Balrampur, Utraula, Domriyaganj, Mehdawal, Bansi 240.26 km",CAOC/NER NER mor,Uttar Pradesh,2026-07,20.0,LOW,50.0,0.0,0.0,25.0,Physical progress (15.0%) is 22.0 points below expected progress (37.0%). | Completion date has not slipped versus the original plan. | Cost is within (or close to) the originally approved budget. | Recent progress growth is healthy (~1.90 points/month).
400205,Sahjanwa - Dohrighat 81.17 km,CAOC/NER NER mor,Uttar Pradesh,2026-07,36.25,MEDIUM,75.0,0.0,0.0,100.0,Physical progress (1.0%) is 30.9 points below expected progress (31.9%). | Completion date has not slipped versus the original plan. | Cost is within (or close to) the originally approved budget. | Recent progress growth is stalled or negative (no measurable gain last month).
400220,Kharsia-Dharamjaygarh with Spur line [East Corridor-Phase 1],Indian Railway Construction International Limited [IRCON],Chhattisgarh,2026-07,62.5,HIGH,25.0,100.0,65.0,75.0,Completion date has been revised by 99 month(s) (from 09/2018 to 12/2026). | Cost overrun of 24.3% (original Rs. 3055.00 Cr -> revised Rs. 3798.06 Cr). | Recent progress growth is stalled or negative (no measurable gain last month).
400223,Tiruchchirappalli-Nagore-Karaikal with extension of Nagapattinam-Velankani- Tiruthiraipundi incl. new material modification of Karaikal - Peralam 23 km new line,CAOC/SR SR mor,"Multi-States (Puducherry, Tamil Nadu)",2026-07,82.5,HIGH,50.0,100.0,100.0,100.0,Physical progress (80.0%) is 20.0 points below expected progress (100.0%). | Completion date has been revised by 36 month(s) (from 03/2025 to 03/2028). | Cost overrun of 145.2% (original Rs. 713.00 Cr -> revised Rs. 1748.55 Cr). | Recent progress growth is stalled or negative (no measurable gain last month).
400231,NLC Talabira Thermal Power Project,NLC India Limited,Odisha,2026-07,31.25,MEDIUM,75.0,0.0,0.0,50.0,Physical progress (4.1%) is 36.4 points below expected progress (40.5%). | No completion-date revision recorded (schedule risk based on original plan only). | Cost is within (or close to) the originally approved budget. | Recent progress growth is low (~0.56 points/month).
400232,Brundamal - Jharsuguda - Fly-over connection for joining down line 6.6 km,CAO/C/ECOR ECoR mor,Odisha,2026-07,36.25,MEDIUM,75.0,0.0,0.0,100.0,Physical progress (55.0%) is 30.3 points below expected progress (85.3%). | Completion date has not slipped versus the original plan. | Cost is within (or close to) the originally approved budget. | Recent progress growth is stalled or negative (no measurable gain last month).
400247,"Kalinarayanpur-Krishnanagar with Krishnanagar-Shantipur-Nabadwipghat - GC, Krishnanagar-Chartala, MM for Krishnanagar-Chapra-NL, Naihati-Ranaghat-3rd line, Nabadwipghat-Nabadwipdham upto BB loop 9.58 km, Ranaghat-Lalgola- strengthening bridge No.2",CAOC/ER ER mor,West Bengal,2026-07,83.75,HIGH,75.0,75.0,100.0,100.0,Physical progress (49.0%) is 48.2 points below expected progress (97.2%). | Completion date has been revised by 13 month(s) (from 02/2027 to 03/2028). | Cost overrun of 115.4% (original Rs. 1000.00 Cr -> revised Rs. 2153.91 Cr). | Recent progress growth is stalled or negative (no measurable gain last month).
400253,Vizianagaram - Titlagarh 3rd line [272 Km including By - pass line of 7.68 KM],RVNL - II,"Multi-States (Andhra Pradesh, Odisha)",2026-06,47.5,MEDIUM,25.0,50.0,85.0,25.0,Completion date has been revised by 12 month(s) (from 12/2025 to 12/2026). | Cost overrun of 38.9% (original Rs. 4803.00 Cr -> revised Rs. 6669.91 Cr). | Recent progress growth is healthy (~1.00 points/month).
400254,Sakri-Hasanpur 79 km,CAO/Con/North/MHX ECR mor,Bihar,2026-07,67.5,HIGH,50.0,100.0,40.0,100.0,Physical progress (80.0%) is 20.0 points below expected progress (100.0%). | Completion date has been revised by 27 month(s) (from 12/2024 to 03/2027). | Cost overrun of 9.2% (original Rs. 735.20 Cr -> revised Rs. 802.45 Cr). | Recent progress growth is stalled or negative (no measurable gain last month).
400259,Ghatampur Thermal Power Plant 3 X 660 MW,NLC India Limited [NLCIL],Uttar Pradesh,2026-04,61.11,HIGH,25.0,100.0,65.0,,Completion date has been revised by 64 month(s) (from 11/2020 to 03/2026). | Cost overrun of 26.4% (original Rs. 17237.80 Cr -> revised Rs. 21780.90 Cr). | Recent progress trend could not be assessed (no prior month to compare).
400261,Patratu Thermal Power Station Expansion Project Phase-I [3x800 MW],National Thermal Power Corporation [NTPC],Jharkhand,2026-07,51.25,MEDIUM,25.0,100.0,40.0,25.0,Completion date has been revised by 49 month(s) (from 03/2023 to 04/2027). | Cost overrun of 8.8% (original Rs. 18668.00 Cr -> revised Rs. 20302.00 Cr). | Recent progress growth is healthy (~1.50 points/month).
400271,Wardha-Nanded Via Yavatmal New BG Line,Central Railway [CR] - II,Maharashtra,2026-06,56.25,MEDIUM,75.0,75.0,0.0,75.0,Physical progress (50.0%) is 50.0 points below expected progress (100.0%). | Completion date has been revised by 21 month(s) (from 03/2025 to 12/2026). | Cost is within (or close to) the originally approved budget. | Recent progress growth is stalled or negative (no measurable gain last month).
400273,"Tarakeswar-Bishnupur with extension upto Dhaniakhali, Arambagh-Irphala, Irphala- Ghatal 11.2 km, Arambagh-Champadanga 23.3 km & Bishnupur-Uparsol 31.8 km and new material modification for Mynapur-Kamarpukur via Birsha 19 km",CAOC/ER ER mor,West Bengal,2026-07,78.75,HIGH,50.0,100.0,85.0,100.0,Physical progress (75.0%) is 25.0 points below expected progress (100.0%). | Completion date has been revised by 83 month(s) (from 03/2019 to 02/2026). | Cost overrun of 58.0% (original Rs. 1189.00 Cr -> revised Rs. 1878.82 Cr). | Recent progress growth is stalled or negative (no measurable gain last month).
400275,Tindivanam-Nagari 179.2 km,CAOC/SR SR mor,"Multi-States (Andhra Pradesh, Tamil Nadu)",2026-07,80.0,HIGH,100.0,100.0,20.0,100.0,Physical progress (16.0%) is 84.0 points below expected progress (100.0%). | Completion date has been revised by 138 month(s) (from 09/2016 to 03/2028). | Cost is within (or close to) the originally approved budget. | Recent progress growth is stalled or negative (no measurable gain last month).
400277,Dum Dum Airport-New Garia via Rajarhat-Construction of Metro Railway,RVNL - II,West Bengal,2026-06,47.5,MEDIUM,50.0,75.0,0.0,75.0,Physical progress (87.0%) is 13.0 points below expected progress (100.0%). | Completion date has been revised by 24 month(s) (from 12/2025 to 12/2027). | Cost is within (or close to) the originally approved budget. | Recent progress growth is stalled or negative (no measurable gain last month).
400280,Phase II extension of MRTS from Velachery to St Thomas Mount,Ministry of Railways,Tamil Nadu,2026-07,25.25,LOW,25.0,30.0,0.0,75.0,Completion date has been revised by 2 month(s) (from 07/2025 to 09/2025). | Cost is within (or close to) the originally approved budget. | Recent progress growth is stalled or negative (no measurable gain last month).
400291,Kirandul-Jagdalpur 150 km,CAO/C/ECOR ECoR mor,Chhattisgarh,2026-07,67.5,HIGH,50.0,100.0,40.0,100.0,Physical progress (89.0%) is 11.0 points below expected progress (100.0%). | Completion date has been revised by 85 month(s) (from 03/2020 to 04/2027). | Cost overrun of 13.2% (original Rs. 1589.00 Cr -> revised Rs. 1798.00 Cr). | Recent progress growth is stalled or negative (no measurable gain last month).
400298,Nadikude-Srikalahasti 308.7 km,CAO/C/SCoR SCoR mor,Andhra Pradesh,2026-07,85.0,HIGH,100.0,50.0,100.0,100.0,Physical progress (2.0%) is 90.9 points below expected progress (92.9%). | Completion date has been revised by 10 month(s) (from 05/2027 to 03/2028). | Cost overrun of 155.4% (original Rs. 2312.00 Cr -> revised Rs. 5906.03 Cr). | Recent progress growth is stalled or negative (no measurable gain last month).
400299,Pottangi Bauxite Mines Project,National Aluminium Company Limited [NALCO],Odisha,2026-07,75.0,HIGH,75.0,75.0,85.0,50.0,Physical progress (52.4%) is 47.6 points below expected progress (100.0%). | Completion date has been revised by 20 month(s) (from 03/2025 to 11/2026). | Cost overrun of 42.0% (original Rs. 1381.00 Cr -> revised Rs. 1960.77 Cr). | Recent progress growth is low (~0.20 points/month).
400301,Multi Product Pipeline from Irugur to Devangonthi,MinistryofPetroleumNaturalGas,Tamil Nadu,2026-07,72.5,HIGH,50.0,100.0,100.0,0.0,Physical progress (86.4%) is 13.6 points below expected progress (100.0%). | Completion date has been revised by 115 month(s) (from 02/2017 to 09/2026). | Cost overrun of 155.5% (original Rs. 678.00 Cr -> revised Rs. 1732.00 Cr). | Recent progress growth is healthy (~2.10 points/month).
400312,JHANJRA EXPANSION UG,Eastern Coal Fields Limited [ECL],West Bengal,2026-07,25.0,LOW,50.0,0.0,0.0,75.0,Physical progress (52.0%) is 18.1 points below expected progress (70.1%). | No completion-date revision recorded (schedule risk based on original plan only). | Cost is within (or close to) the originally approved budget. | Recent progress growth is stalled or negative (no measurable gain last month).
400315,SONEPUR BAZARI EXPANSION OCP [,Eastern Coal Fields Limited [ECL],West Bengal,2026-07,33.75,MEDIUM,75.0,0.0,0.0,75.0,Physical progress (18.5%) is 46.7 points below expected progress (65.2%). | No completion-date revision recorded (schedule risk based on original plan only). | Cost is within (or close to) the originally approved budget. | Recent progress growth is stalled or negative (no measurable gain last month).
400321,NIGAHI EXPANSION [15 TO 25 MTP,NCL - CIL,Madhya Pradesh,2026-07,63.75,HIGH,75.0,100.0,0.0,75.0,Physical progress (53.7%) is 46.3 points below expected progress (100.0%). | Completion date has been revised by 36 month(s) (from 03/2025 to 03/2028). | Cost is within (or close to) the originally approved budget. | Recent progress growth is stalled or negative (no measurable gain last month).
400352,JHARKHAND-LAIYO OCP,Ministry of Coal,Jharkhand,2026-07,25.0,LOW,50.0,0.0,0.0,75.0,Physical progress (32.5%) is 23.5 points below expected progress (55.9%). | No completion-date revision recorded (schedule risk based on original plan only). | Cost is within (or close to) the originally approved budget. | Recent progress growth is stalled or negative (no measurable gain last month).
400353,DHUPTALA OC [SASTI UG TO OC ],WCL - CIL,Maharashtra,2026-07,42.5,MEDIUM,100.0,0.0,0.0,75.0,Physical progress (19.0%) is 55.0 points below expected progress (74.0%). | No completion-date revision recorded (schedule risk based on original plan only). | Cost is within (or close to) the originally approved budget. | Recent progress growth is stalled or negative (no measurable gain last month).
400354,DIPKA EXPANSION OCP [40 MTY],SECL - CIL,Chhattisgarh,2026-07,33.75,MEDIUM,75.0,0.0,0.0,75.0,Physical progress (39.3%) is 28.3 points below expected progress (67.7%). | No completion-date revision recorded (schedule risk based on original plan only). | Cost is within (or close to) the originally approved budget. | Recent progress growth is stalled or negative (no measurable gain last month).
400369,BINA KAKRI AMALGAMATION EXPANS,NCL - CIL,"Multi-States (Madhya Pradesh, Uttar Pradesh)",2026-07,46.25,MEDIUM,25.0,100.0,0.0,75.0,Completion date has been revised by 36 month(s) (from 03/2024 to 03/2027). | Cost is within (or close to) the originally approved budget. | Recent progress growth is stalled or negative (no measurable gain last month).
400382,Rewas Port Project,Reliance Industries Ltd,Maharashtra,2026-06,25.0,LOW,50.0,0.0,0.0,75.0,Physical progress (88.0%) is 12.0 points below expected progress (100.0%). | No completion-date revision recorded (schedule risk based on original plan only). | Cost is within (or close to) the originally approved budget. | Recent progress growth is stalled or negative (no measurable gain last month).
400392,BHARATPUR RE-ORGANIZATION OCP,MCL - CIL,Odisha,2026-07,22.5,LOW,50.0,0.0,0.0,50.0,Physical progress (53.5%) is 20.6 points below expected progress (74.2%). | No completion-date revision recorded (schedule risk based on original plan only). | Cost is within (or close to) the originally approved budget. | Recent progress growth is low (~0.50 points/month).
400416,Shivpur-Kathautia New Rail [BG] Line [49 km] [Package II of Tori-Shivpur-Kathautia line],Ministry of Coal,Jharkhand,2026-07,72.5,HIGH,75.0,75.0,85.0,25.0,Physical progress (72.0%) is 28.0 points below expected progress (100.0%). | Completion date has been revised by 24 month(s) (from 06/2025 to 06/2027). | Cost overrun of 42.5% (original Rs. 1799.64 Cr -> revised Rs. 2564.34 Cr). | Recent progress growth is healthy (~1.00 points/month).
400424,GEVRA OC [70 MTY],SECL - CIL,Chhattisgarh,2026-07,55.0,MEDIUM,50.0,100.0,0.0,75.0,Physical progress (78.5%) is 21.5 points below expected progress (100.0%). | Completion date has been revised by 48 month(s) (from 03/2023 to 03/2027). | Cost is within (or close to) the originally approved budget. | Recent progress growth is stalled or negative (no measurable gain last month).
400425,MOONIDIH XV SEAM UG,BCCL - CIL,Jharkhand,2026-07,55.0,MEDIUM,50.0,100.0,0.0,75.0,Physical progress (84.0%) is 16.0 points below expected progress (100.0%). | Completion date has been revised by 90 month(s) (from 03/2019 to 09/2026). | Cost is within (or close to) the originally approved budget. | Recent progress growth is stalled or negative (no measurable gain last month).
400426,Expansion of Malanjkhand Copper Project,Hindustan Copper Limited [HCL],Madhya Pradesh,2026-07,90.0,HIGH,100.0,100.0,100.0,0.0,Physical progress (28.0%) is 72.0 points below expected progress (100.0%). | Completion date has been revised by 107 month(s) (from 04/2020 to 03/2029). | Cost overrun of 104.7% (original Rs. 1856.36 Cr -> revised Rs. 3800.00 Cr). | Recent progress growth is healthy (~2.00 points/month).
425828,Stamp Charge Battery No.12 Coke Dry Cooling Plant at IISCO Steel Plant,Steel Authority of India Limited (SAIL),West Bengal,2026-07,29.17,LOW,75.0,0.0,0.0,,Physical progress (11.9%) is 29.6 points below expected progress (41.5%). | No completion-date revision recorded (schedule risk based on original plan only). | Cost is within (or close to) the originally approved budget. | Recent progress trend could not be assessed (no prior month to compare).
437130,"Amended BharatNet Program - J&K, LAD",Department of Telecommunications,PAN India,2026-07,29.17,LOW,75.0,0.0,0.0,,Physical progress (8.3%) is 27.8 points below expected progress (36.1%). | No completion-date revision recorded (schedule risk based on original plan only). | Cost is within (or close to) the originally approved budget. | Recent progress trend could not be assessed (no prior month to compare).
462136,"Amended BharatNet Program - MGH, MZM, TRP",Department of Telecommunications,PAN India,2026-07,29.17,LOW,75.0,0.0,0.0,,Physical progress (0.0%) is 31.2 points below expected progress (31.2%). | No completion-date revision recorded (schedule risk based on original plan only). | Cost is within (or close to) the originally approved budget. | Recent progress trend could not be assessed (no prior month to compare).
476006,Amended BharatNet Program - HP,Department of Telecommunications,PAN India,2026-07,19.44,LOW,50.0,0.0,0.0,,Physical progress (23.2%) is 24.0 points below expected progress (47.2%). | No completion-date revision recorded (schedule risk based on original plan only). | Cost is within (or close to) the originally approved budget. | Recent progress trend could not be assessed (no prior month to compare).
478482,Stamp Charge Battery No.7 Coke Dry Cooling Plant at RSP,Steel Authority of India Limited (SAIL),Odisha,2026-07,19.44,LOW,50.0,0.0,0.0,,Physical progress (0.0%) is 16.7 points below expected progress (16.7%). | No completion-date revision recorded (schedule risk based on original plan only). | Cost is within (or close to) the originally approved budget. | Recent progress trend could not be assessed (no prior month to compare).
505491,Installation of 140 TPH Walking Beam type Reheating Furnace in Plate Mill at BSP,Steel Authority of India Limited (SAIL),Chhattisgarh,2026-07,19.44,LOW,50.0,0.0,0.0,,Physical progress (0.0%) is 16.7 points below expected progress (16.7%). | No completion-date revision recorded (schedule risk based on original plan only). | Cost is within (or close to) the originally approved budget. | Recent progress trend could not be assessed (no prior month to compare).
547243,BharatNet Phase-II,Department of Telecommunications,PAN India,2026-07,9.72,LOW,25.0,0.0,0.0,,No completion-date revision recorded (schedule risk based on original plan only). | Cost is within (or close to) the originally approved budget. | Recent progress trend could not be assessed (no prior month to compare).
589703,Implementation of Treatment System-2 Under ZLD at RSP,Steel Authority of India Limited (SAIL),Odisha,2026-07,0.0,LOW,0.0,0.0,0.0,,Physical progress (89.8%) is on track or ahead of expected progress (88.9%). | No completion-date revision recorded (schedule risk based on original plan only). | Cost is within (or close to) the originally approved budget. | Recent progress trend could not be assessed (no prior month to compare).
601812,Development of Zaheerabad Node under Hyderabad Nagpur Industrial Corridor,National Industrial Corridor Development Corporation,Telangana,2026-07,11.25,LOW,25.0,0.0,0.0,25.0,No completion-date revision recorded (schedule risk based on original plan only). | Cost is within (or close to) the originally approved budget. | Recent progress growth is healthy (~1.29 points/month).
602096,Subansiri Lower HE Project [2000 MW],National Hydroelectric Power Corporation Limited [NHPC],"Multi-States (Arunachal Pradesh, Assam)",2026-07,68.75,HIGH,25.0,100.0,100.0,50.0,Completion date has been revised by 198 month(s) (from 09/2010 to 03/2027). | Cost overrun of 314.9% (original Rs. 6285.33 Cr -> revised Rs. 26075.54 Cr). | Recent progress growth is low (~0.14 points/month).
602098,"Construction of Permanent Campus for IIM Jammu Phase-1 at Jagti, Nagrota, Jammu, J&K","Indian Institute of Management, Jammu",Jammu and Kashmir,2026-07,62.5,HIGH,25.0,100.0,65.0,75.0,Completion date has been revised by 29 month(s) (from 06/2023 to 11/2025). | Cost overrun of 17.9% (original Rs. 424.93 Cr -> revised Rs. 500.91 Cr). | Recent progress growth is stalled or negative (no measurable gain last month).
602099,Establishment of Permanent campus Phase 1 of IIM Sirmaur,"Indian Institute of Management, Sirmaur",Himachal Pradesh,2026-07,60.0,MEDIUM,25.0,100.0,65.0,50.0,Completion date has been revised by 34 month(s) (from 10/2023 to 08/2026). | Cost overrun of 15.9% (original Rs. 392.51 Cr -> revised Rs. 454.78 Cr). | Recent progress growth is low (~0.30 points/month).
602181,"TEESTA-VI HE PROJECT, SIKKIM [500 MW], executed by LANCO TEESTA HYDRO POWER LIMITED [A wholly owned Subsidiary of NHPC LTD. acquired through NCLT]",National Hydroelectric Power Corporation Limited [NHPC],Sikkim,2026-07,61.25,HIGH,75.0,100.0,0.0,50.0,Physical progress (73.8%) is 26.2 points below expected progress (100.0%). | Completion date has been revised by 66 month(s) (from 03/2024 to 09/2029). | Cost is within (or close to) the originally approved budget. | Recent progress growth is low (~0.30 points/month).
602182,Dibang Multipurpose Project,National Hydroelectric Power Corporation Limited [NHPC],Arunachal Pradesh,2026-07,22.5,LOW,50.0,0.0,0.0,50.0,Physical progress (17.9%) is 20.0 points below expected progress (38.0%). | Completion date has not slipped versus the original plan. | Cost is within (or close to) the originally approved budget. | Recent progress growth is low (~0.15 points/month).
602184,Rammam-III HEPP [3x40 MW],National Thermal Power Corporation [NTPC],West Bengal,2026-07,86.25,HIGH,75.0,100.0,100.0,50.0,Physical progress (57.9%) is 42.1 points below expected progress (100.0%). | Completion date has been revised by 120 month(s) (from 09/2019 to 09/2029). | Cost overrun of 107.4% (original Rs. 1381.84 Cr -> revised Rs. 2865.56 Cr). | Recent progress growth is low (~0.76 points/month).
602185,Tapovan-Vishnugad HEP [4x130 MW],National Thermal Power Corporation [NTPC],Uttarakhand,2026-07,77.5,HIGH,50.0,100.0,100.0,50.0,Physical progress (76.1%) is 23.9 points below expected progress (100.0%). | Completion date has been revised by 196 month(s) (from 03/2013 to 07/2029). | Cost overrun of 266.3% (original Rs. 2978.00 Cr -> revised Rs. 10907.30 Cr). | Recent progress growth is low (~0.26 points/month).
602195,Vishnugad Pipalkoti Hydro Electric Project [444 MW],THDC India Limited,Uttarakhand,2026-07,77.5,HIGH,50.0,100.0,100.0,50.0,Physical progress (81.5%) is 18.5 points below expected progress (100.0%). | Completion date has been revised by 66 month(s) (from 12/2022 to 06/2028). | Cost overrun of 65.9% (original Rs. 3860.35 Cr -> revised Rs. 6405.08 Cr). | Recent progress growth is low (~0.50 points/month).
602223,Comprehensive Scheme for Strengthening of Transmission and Distribution [T&D] Systems [CSST&DS] in Arunachal Pradesh and Sikkim,Power Grid Corporation of India Limited [POWERGRID],"Multi-States (Arunachal Pradesh, Sikkim)",2026-07,77.5,HIGH,50.0,100.0,100.0,50.0,Physical progress (83.9%) is 16.1 points below expected progress (100.0%). | Completion date has been revised by 99 month(s) (from 12/2018 to 03/2027). | Cost overrun of 92.0% (original Rs. 4754.42 Cr -> revised Rs. 9129.32 Cr). | Recent progress growth is low (~0.10 points/month).
602525,"Pakal Dul [Drangdhuran] Hydroelectric Project, 1000 MW",National Hydroelectric Power Corporation Limited [NHPC],Jammu and Kashmir,2026-07,76.25,HIGH,50.0,100.0,85.0,75.0,Physical progress (82.0%) is 17.9 points below expected progress (100.0%). | Completion date has been revised by 80 month(s) (from 04/2020 to 12/2026). | Cost overrun of 56.9% (original Rs. 8112.12 Cr -> revised Rs. 12728.00 Cr). | Recent progress growth is stalled or negative (no measurable gain last month).
602532,Kiru HE Project,National Hydroelectric Power Corporation Limited [NHPC],Jammu and Kashmir,2026-07,71.25,HIGH,50.0,100.0,65.0,75.0,Physical progress (87.0%) is 13.0 points below expected progress (100.0%). | Completion date has been revised by 39 month(s) (from 09/2023 to 12/2026). | Cost overrun of 26.1% (original Rs. 4287.59 Cr -> revised Rs. 5409.00 Cr). | Recent progress growth is stalled or negative (no measurable gain last month).
602535,"Ratle HE Project - 850 MW, Ratle Hydroelectric Power Corporation Limited.",National Hydroelectric Power Corporation Limited [NHPC],Jammu and Kashmir,2026-07,70.0,HIGH,100.0,100.0,0.0,50.0,Physical progress (31.5%) is 68.5 points below expected progress (100.0%). | Completion date has been revised by 33 month(s) (from 02/2026 to 11/2028). | Cost is within (or close to) the originally approved budget. | Recent progress growth is low (~0.24 points/month).
602538,Installation of FGD for 4x210 & 2x250 MW MTPS U 1-6,Damodar Valley Corporation,West Bengal,2026-07,56.25,MEDIUM,25.0,100.0,40.0,75.0,Completion date has been revised by 32 month(s) (from 01/2024 to 09/2026). | Cost overrun of 6.7% (original Rs. 1037.00 Cr -> revised Rs. 1106.00 Cr). | Recent progress growth is stalled or negative (no measurable gain last month).
602579,Buxar Thermal Power Project [1320 MW],Satluj Jal Vidyut Nigam [SJVN] Thermal Limited,Bihar,2026-07,65.0,HIGH,25.0,100.0,85.0,50.0,Completion date has been revised by 28 month(s) (from 01/2024 to 05/2026). | Cost overrun of 31.8% (original Rs. 10439.09 Cr -> revised Rs. 13756.56 Cr). | Recent progress growth is low (~0.07 points/month).
602582,Dhaulasidh Hydro Electric Project [66 MW],Satluj Jal Vidyut Nigam [SJVN] Thermal Limited,Himachal Pradesh,2026-07,67.5,HIGH,50.0,75.0,100.0,25.0,Physical progress (80.7%) is 19.3 points below expected progress (100.0%). | Completion date has been revised by 16 month(s) (from 11/2025 to 03/2027). | Cost overrun of 156.3% (original Rs. 687.97 Cr -> revised Rs. 1763.31 Cr). | Recent progress growth is healthy (~1.10 points/month).
602593,Luhri Stage-I Hydro Electric Project [210 MW],Satluj Jal Vidyut Nigam [SJVN] Thermal Limited,Himachal Pradesh,2026-07,88.75,HIGH,75.0,100.0,100.0,75.0,Physical progress (52.1%) is 47.9 points below expected progress (100.0%). | Completion date has been revised by 52 month(s) (from 01/2026 to 05/2030). | Cost overrun of 140.0% (original Rs. 1810.56 Cr -> revised Rs. 4345.31 Cr). | Recent progress growth is stalled or negative (no measurable gain last month).
602792,Gauge Conversion of Kendri-Dhamtari including Abhanpur - Rajim Branch line 67.20 Kms - 2nd Material Modification to Raipur Titlagarh doubling.,SECR,Chhattisgarh,2026-07,30.0,LOW,0.0,75.0,0.0,75.0,Physical progress (100.0%) is on track or ahead of expected progress (100.0%). | Completion date has been revised by 16 month(s) (from 02/2025 to 06/2026). | Cost is within (or close to) the originally approved budget. | Recent progress growth is stalled or negative (no measurable gain last month).
602797,"Sainthia, Sitarampur, Mughalsarai, Allahabad & Etawah - Bypass 35 km",CAOC/ER ER mor,"Multi-States (Uttar Pradesh, West Bengal)",2026-07,70.0,HIGH,100.0,0.0,100.0,100.0,Physical progress (15.0%) is 60.8 points below expected progress (75.8%). | Completion date has not slipped versus the original plan. | Cost overrun of 72.8% (original Rs. 461.64 Cr -> revised Rs. 797.94 Cr). | Recent progress growth is stalled or negative (no measurable gain last month).
602961,Talcher Thermal Power Station Stage III [2 x 660 MW] Expansion,National Thermal Power Corporation [NTPC],Odisha,2026-07,53.75,MEDIUM,75.0,50.0,40.0,25.0,Physical progress (55.0%) is 27.1 points below expected progress (82.1%). | Completion date has been revised by 12 month(s) (from 05/2027 to 05/2028). | Cost overrun of 5.9% (original Rs. 11843.75 Cr -> revised Rs. 12543.00 Cr). | Recent progress growth is healthy (~1.50 points/month).
603210,Development of Jodhpur Pali Marwar Industrial Area JPMIA in Rajasthan,National Industrial Corridor Development Corporation,Rajasthan,2026-07,20.0,LOW,50.0,0.0,0.0,25.0,Physical progress (6.3%) is 13.7 points below expected progress (20.0%). | No completion-date revision recorded (schedule risk based on original plan only). | Cost is within (or close to) the originally approved budget. | Recent progress growth is healthy (~1.65 points/month).
603293,Badam Coal Mining project of NTPC,National Thermal Power Corporation [NTPC],Jharkhand,2026-07,28.75,LOW,0.0,0.0,85.0,75.0,Physical progress (67.9%) is on track or ahead of expected progress (18.3%). | Completion date has not slipped versus the original plan. | Cost overrun of 56.2% (original Rs. 502.00 Cr -> revised Rs. 784.00 Cr). | Recent progress growth is stalled or negative (no measurable gain last month).
603945,Integrated Anandpur Barrage Project,Water Resources-OR,Odisha,2026-07,88.75,HIGH,75.0,100.0,100.0,75.0,Physical progress (62.9%) is 37.1 points below expected progress (100.0%). | Completion date has been revised by 78 month(s) (from 12/2019 to 06/2026). | Cost overrun of 427.3% (original Rs. 567.03 Cr -> revised Rs. 2990.05 Cr). | Recent progress growth is stalled or negative (no measurable gain last month).
604791,Numaligarh Refinery Expansion Project,Numaligarh Refinery Limited,Assam,2026-07,77.5,HIGH,50.0,100.0,100.0,50.0,Physical progress (87.0%) is 13.0 points below expected progress (100.0%). | Completion date has been revised by 32 month(s) (from 07/2024 to 03/2027). | Cost overrun of 104.7% (original Rs. 12366.00 Cr -> revised Rs. 25313.00 Cr). | Recent progress growth is low (~0.80 points/month).
604795,CBR 9 MMTPA Project,Chennai Petroleum Corporation Limited [CPCL],Tamil Nadu,2026-07,58.75,MEDIUM,100.0,0.0,65.0,75.0,Physical progress (10.2%) is 89.8 points below expected progress (100.0%). | No completion-date revision recorded (schedule risk based on original plan only). | Cost overrun of 15.1% (original Rs. 31580.00 Cr -> revised Rs. 36354.00 Cr). | Recent progress growth is stalled or negative (no measurable gain last month).
604833,"Andheri Residential Towers, Mumbai",Indian Oil Corporation Limited [IOCL],Maharashtra,2026-07,68.75,HIGH,50.0,100.0,85.0,0.0,Physical progress (86.0%) is 14.0 points below expected progress (100.0%). | Completion date has been revised by 25 month(s) (from 05/2025 to 06/2027). | Cost overrun of 38.5% (original Rs. 281.35 Cr -> revised Rs. 389.67 Cr). | Recent progress growth is healthy (~3.00 points/month).
604852,"Grass-root Terminal at Mirzapur, Uttar Pradesh",Indian Oil Corporation Limited [IOCL],Uttar Pradesh,2026-07,22.5,LOW,50.0,0.0,0.0,50.0,Physical progress (77.2%) is 14.8 points below expected progress (92.0%). | No completion-date revision recorded (schedule risk based on original plan only). | Cost is within (or close to) the originally approved budget. | Recent progress growth is low (~0.70 points/month).
604853,"Indian Oil Technology Development and Deployment Centre at R&D Campus-II, Faridabad",Indian Oil Corporation Limited [IOCL],Haryana,2026-07,82.5,HIGH,75.0,100.0,85.0,50.0,Physical progress (65.4%) is 34.6 points below expected progress (100.0%). | Completion date has been revised by 55 month(s) (from 12/2022 to 07/2027). | Cost overrun of 40.2% (original Rs. 2281.94 Cr -> revised Rs. 3200.00 Cr). | Recent progress growth is low (~0.10 points/month).
604859,Integrated Para Xylene [PX] and Purified Terephthalic Acid [PTA] Project at Paradip Refinery,Indian Oil Corporation Limited [IOCL],Odisha,2026-07,43.75,MEDIUM,25.0,100.0,0.0,50.0,Completion date has been revised by 31 month(s) (from 01/2024 to 08/2026). | Cost is within (or close to) the originally approved budget. | Recent progress growth is low (~0.30 points/month).
604863,Development of Surface Facilities for production and evacuation of Crude Oil and Natural Gas from Nadua and East Khagorija,Oil India Limited,Assam,2026-07,56.25,MEDIUM,25.0,100.0,40.0,75.0,Completion date has been revised by 82 month(s) (from 02/2020 to 12/2026). | Cost overrun of 6.5% (original Rs. 682.90 Cr -> revised Rs. 726.93 Cr). | Recent progress growth is stalled or negative (no measurable gain last month).
605155,Kwar HE Project,National Hydroelectric Power Corporation Limited [NHPC],Jammu and Kashmir,2026-07,65.0,HIGH,100.0,75.0,0.0,75.0,Physical progress (36.5%) is 55.1 points below expected progress (91.7%). | Completion date has been revised by 16 month(s) (from 11/2026 to 03/2028). | Cost is within (or close to) the originally approved budget. | Recent progress growth is stalled or negative (no measurable gain last month).
605156,Rangit-IV HE Project [120 MW] executed by Jal Power Corporation Ltd. [JPCL] - A wholly owned subsidiary of NHPC Ltd. acquired through NCLT,National Hydroelectric Power Corporation Limited [NHPC],Sikkim,2026-07,68.75,HIGH,25.0,100.0,100.0,50.0,Completion date has been revised by 30 month(s) (from 05/2024 to 11/2026). | Cost overrun of 94.8% (original Rs. 938.29 Cr -> revised Rs. 1828.11 Cr). | Recent progress growth is low (~0.22 points/month).
605292,"Construction of Permanent Campus of Indian Institute of Management [IIM] Amritsar, Punjab, Phase-I","Indian intitue of Management, Amritsar",Punjab,2026-07,56.25,MEDIUM,25.0,100.0,40.0,75.0,Completion date has been revised by 41 month(s) (from 06/2023 to 11/2026). | Cost overrun of 11.1% (original Rs. 348.31 Cr -> revised Rs. 386.86 Cr). | Recent progress growth is stalled or negative (no measurable gain last month).
606013,Additional Campus of NITPatna,NIT Patna,Bihar,2026-07,38.75,MEDIUM,25.0,75.0,0.0,75.0,Completion date has been revised by 18 month(s) (from 07/2024 to 01/2026). | Cost is within (or close to) the originally approved budget. | Recent progress growth is stalled or negative (no measurable gain last month).
606112,Tezpur University Projects,Tezpur University,Assam,2026-07,43.75,MEDIUM,25.0,100.0,0.0,50.0,Completion date has been revised by 25 month(s) (from 11/2023 to 12/2025). | Cost is within (or close to) the originally approved budget. | Recent progress growth is low (~0.01 points/month).
606431,CONSTRUCTION OF PERMANENT CAMPUS FOR IIT PALAKKAD UNDER PHASE 1A,INDIAN INSTITUTE OF TECHNOLOGY PALAKKAD,Kerala,2026-07,71.25,HIGH,50.0,100.0,65.0,75.0,Physical progress (86.5%) is 13.5 points below expected progress (100.0%). | Completion date has been revised by 48 month(s) (from 06/2022 to 06/2026). | Cost overrun of 21.0% (original Rs. 1006.45 Cr -> revised Rs. 1217.40 Cr). | Recent progress growth is stalled or negative (no measurable gain last month).
606479,Banaras Hindu University [ Kayakalp of Institute of Medical Sciences],Banaras Hindu University,Uttar Pradesh,2026-07,43.75,MEDIUM,25.0,100.0,0.0,50.0,Completion date has been revised by 58 month(s) (from 09/2022 to 07/2027). | Cost is within (or close to) the originally approved budget. | Recent progress growth is low (~0.10 points/month).
607653,Ludhiana Mullanpur 21Km Doubling Railway project,CAO/C/NR,Punjab,2026-07,46.25,MEDIUM,25.0,100.0,0.0,75.0,Completion date has been revised by 32 month(s) (from 06/2024 to 02/2027). | Cost is within (or close to) the originally approved budget. | Recent progress growth is stalled or negative (no measurable gain last month).
607701,"Guwahati Refinery Expansion [1.0 to 1.2 MMTPA] along with installation of CRU, Guwahati Refinery",Ministry of Petroleum & Natural Gas,Assam,2026-04,66.67,HIGH,25.0,100.0,85.0,,Completion date has been revised by 31 month(s) (from 10/2023 to 05/2026). | Cost overrun of 40.0% (original Rs. 412.30 Cr -> revised Rs. 577.00 Cr). | Recent progress trend could not be assessed (no prior month to compare).
607709,NORTH EASTERN REGION POWER SYSTEM IMPROVEMENT PROJECT [NERPSIP],Power Grid Corporation of India Limited [POWERGRID],"Multi-States (Assam, Manipur, Meghalaya, Mizoram, Nagaland, Tripura)",2026-07,65.0,HIGH,25.0,100.0,85.0,50.0,Completion date has been revised by 99 month(s) (from 12/2018 to 03/2027). | Cost overrun of 31.1% (original Rs. 5111.33 Cr -> revised Rs. 6700.00 Cr). | Recent progress growth is low (~0.10 points/month).
609019,"HEFA projects on development of student hostels, playgrounds, departmental buildings, class room complex and other campus facilities in IIT Kharagpur","Indian Institute of Technology, Kharagpur",West Bengal,2026-07,46.25,MEDIUM,25.0,100.0,0.0,75.0,Completion date has been revised by 45 month(s) (from 03/2023 to 12/2026). | Cost is within (or close to) the originally approved budget. | Recent progress growth is stalled or negative (no measurable gain last month).
609424,"Development of Container Terminal at Tuna-Tekra, Deendayal Port on BOT Basis Under PPP Mode",Deendayal Port Trust,Gujarat,2026-07,34.0,MEDIUM,50.0,30.0,0.0,75.0,Physical progress (60.0%) is 17.8 points below expected progress (77.8%). | Completion date has been revised by 6 month(s) (from 03/2027 to 09/2027). | Cost is within (or close to) the originally approved budget. | Recent progress growth is stalled or negative (no measurable gain last month).
609736,"Construction of Sikkim University Campus Phase-I Package-II at Yangang, South Sikkim",Sikkim University,Sikkim,2026-07,46.25,MEDIUM,25.0,75.0,40.0,50.0,Completion date has been revised by 21 month(s) (from 01/2025 to 10/2026). | Cost overrun of 8.4% (original Rs. 314.06 Cr -> revised Rs. 340.55 Cr). | Recent progress growth is low (~0.50 points/month).
609996,Construction of Precast housing and hostels at IIT Hyderabad,"Indian Institute of Technology, Hyderabad",Telangana,2026-07,33.75,MEDIUM,25.0,75.0,0.0,25.0,Completion date has been revised by 15 month(s) (from 10/2024 to 01/2026). | Cost is within (or close to) the originally approved budget. | Recent progress growth is healthy (~1.28 points/month).
610315,IISER BERHAMPUR,"Indian Institutes of Science Education and Research, Behrampur",Odisha,2026-07,46.25,MEDIUM,25.0,100.0,0.0,75.0,Completion date has been revised by 63 month(s) (from 03/2021 to 06/2026). | Cost is within (or close to) the originally approved budget. | Recent progress growth is stalled or negative (no measurable gain last month).
610984,Development of Jharia CBM Block [Phase-1],Oil and Natural Gas Corporation Limited [ONGC],Jharkhand,2026-07,61.25,HIGH,75.0,100.0,0.0,50.0,Physical progress (66.2%) is 33.8 points below expected progress (100.0%). | Completion date has been revised by 32 month(s) (from 01/2024 to 09/2026). | Cost is within (or close to) the originally approved budget. | Recent progress growth is low (~0.10 points/month).
611016,2.0 MTPA BHOJUDIH NLW WASHERY,Ministry of Coal,West Bengal,2026-04,43.06,MEDIUM,25.0,100.0,0.0,,Completion date has been revised by 68 month(s) (from 09/2020 to 05/2026). | Cost is within (or close to) the originally approved budget. | Recent progress trend could not be assessed (no prior month to compare).
611017,2.5 MTPA PATHERDIH NLW WASHERY,Ministry of Coal,Jharkhand,2026-04,62.5,HIGH,75.0,100.0,0.0,,Physical progress (51.8%) is 48.2 points below expected progress (100.0%). | Completion date has been revised by 104 month(s) (from 04/2018 to 12/2026). | Cost is within (or close to) the originally approved budget. | Recent progress trend could not be assessed (no prior month to compare).
611047,"Construction of NTB complex including apron, taxi track and other associated civil works and electrical & mechanical installations towards Tawi River side at CA Jammu.",Airport Authority of India [AAI],Jammu and Kashmir,2026-07,35.25,MEDIUM,75.0,30.0,0.0,0.0,Physical progress (58.4%) is 41.6 points below expected progress (100.0%). | Completion date has been revised by 5 month(s) (from 06/2026 to 11/2026). | Cost is within (or close to) the originally approved budget. | Recent progress growth is healthy (~3.00 points/month).
611452,MUMBAI CENTRAL VIRAR VADODARA AHMEDABAAD TRAIN PROTECTION SYSTEM 500 RKM,Western Railway,"Multi-States (Gujarat, Maharashtra)",2026-06,31.25,MEDIUM,25.0,50.0,0.0,75.0,Completion date has been revised by 12 month(s) (from 12/2025 to 12/2026). | Cost is within (or close to) the originally approved budget. | Recent progress growth is stalled or negative (no measurable gain last month).
611495,Development of New Civil Enclave at Bagdogra Airport,Airport Authority of India [AAI],West Bengal,2026-07,36.25,MEDIUM,75.0,0.0,0.0,100.0,Physical progress (27.9%) is 45.4 points below expected progress (73.3%). | Completion date has not slipped versus the original plan. | Cost is within (or close to) the originally approved budget. | Recent progress growth is stalled or negative (no measurable gain last month).
611509,"Koderma Thermal Power Station Phase II [2X800 MW] At Koderma, Jharkhand",Damodar Valley Corporation,Jharkhand,2026-07,22.5,LOW,50.0,0.0,0.0,50.0,Physical progress (14.3%) is 21.4 points below expected progress (35.7%). | No completion-date revision recorded (schedule risk based on original plan only). | Cost is within (or close to) the originally approved budget. | Recent progress growth is low (~0.80 points/month).
611570,"SITC of ATM Automation System and ASMGCS [Including SMR & MLAT] for Mumbai, Navi Mumbai, Jewar [earlier MOPA, without ASMGCS], HIAL & BIAL",Airport Authority of India [AAI],"Multi-States (Karnataka, Maharashtra, Telangana, Uttar Pradesh)",2026-07,40.0,MEDIUM,50.0,50.0,0.0,75.0,Physical progress (80.0%) is 20.0 points below expected progress (100.0%). | Completion date has been revised by 11 month(s) (from 09/2025 to 08/2026). | Cost is within (or close to) the originally approved budget. | Recent progress growth is stalled or negative (no measurable gain last month).
611586,Sunni Dam Hydro Electric Project [382 MW],Satluj Jal Vidyut Nigam [SJVN] Thermal Limited,Himachal Pradesh,2026-07,78.75,HIGH,75.0,75.0,100.0,50.0,Physical progress (34.7%) is 32.0 points below expected progress (66.7%). | Completion date has been revised by 20 month(s) (from 04/2028 to 12/2029). | Cost overrun of 74.2% (original Rs. 2614.51 Cr -> revised Rs. 4555.49 Cr). | Recent progress growth is low (~0.08 points/month).
611602,"Modernization of Chennai Airport, Phase II, Part 2",Airport Authority of India [AAI],Tamil Nadu,2026-07,57.5,MEDIUM,100.0,75.0,0.0,0.0,Physical progress (46.0%) is 54.0 points below expected progress (100.0%). | Completion date has been revised by 17 month(s) (from 07/2025 to 12/2026). | Cost is within (or close to) the originally approved budget. | Recent progress growth is healthy (~2.50 points/month).
611669,NER Provision of Automatic Block Signalling on Gorakhpur Cantt[Excl] Chhapra Gramin & Burhwal Jn [Excl] Sitapur Jn section of high density routes,North Eastern Railway [NER],"Multi-States (Bihar, Uttar Pradesh)",2026-07,57.5,MEDIUM,100.0,50.0,0.0,75.0,Physical progress (25.0%) is 57.2 points below expected progress (82.2%). | Completion date has been revised by 12 month(s) (from 03/2027 to 03/2028). | Cost is within (or close to) the originally approved budget. | Recent progress growth is stalled or negative (no measurable gain last month).
611698,240MW Heo HE Project,North Eastern Electric Power Corporation Limited,Arunachal Pradesh,2026-07,22.5,LOW,50.0,0.0,0.0,50.0,Physical progress (6.6%) is 21.4 points below expected progress (28.0%). | No completion-date revision recorded (schedule risk based on original plan only). | Cost is within (or close to) the originally approved budget. | Recent progress growth is low (~0.25 points/month).
611699,186 MW Tato-I H E Project,North Eastern Electric Power Corporation Limited,Arunachal Pradesh,2026-07,22.5,LOW,50.0,0.0,0.0,50.0,Physical progress (5.6%) is 22.4 points below expected progress (28.0%). | No completion-date revision recorded (schedule risk based on original plan only). | Cost is within (or close to) the originally approved budget. | Recent progress growth is low (~0.50 points/month).
611716,700 MW Tato-II HE Project,North Eastern Electric Power Corporation Limited,Arunachal Pradesh,2026-07,13.75,LOW,25.0,0.0,0.0,50.0,No completion-date revision recorded (schedule risk based on original plan only). | Cost is within (or close to) the originally approved budget. | Recent progress growth is low (~0.05 points/month).
611735,Transmission system for evacuation of power from REZ in Rajasthan 20GW under Phase-III Part J,Power Grid Corporation of India Limited [POWERGRID],"Multi-States (Delhi, Rajasthan)",2026-07,51.25,MEDIUM,75.0,75.0,0.0,25.0,Physical progress (68.9%) is 31.1 points below expected progress (100.0%). | Completion date has been revised by 21 month(s) (from 03/2025 to 12/2026). | Cost is within (or close to) the originally approved budget. | Recent progress growth is healthy (~1.40 points/month).
611751,Aurangabad-Ankai 98.25 km,CAOCON/SCR SCR mor,Maharashtra,2026-07,45.0,MEDIUM,100.0,0.0,0.0,100.0,Physical progress (0.0%) is 100.0 points below expected progress (100.0%). | No completion-date revision recorded (schedule risk based on original plan only). | Cost is within (or close to) the originally approved budget. | Recent progress growth is stalled or negative (no measurable gain last month).
611752,Doubling between Gooty-Pendakallu 29.225 km PB73/2023-24/NR,CAO/C/SCoR SCoR mor,Andhra Pradesh,2026-07,45.0,MEDIUM,100.0,0.0,0.0,100.0,Physical progress (0.0%) is 71.4 points below expected progress (71.4%). | Completion date has not slipped versus the original plan. | Cost is within (or close to) the originally approved budget. | Recent progress growth is stalled or negative (no measurable gain last month).
611754,South Central Railway - Rail road over double line between Guntakal West-Mallapa Gate 9.64 km PB34/CR/2023-24,CAO/C/SCoR SCoR mor,Andhra Pradesh,2026-07,45.0,MEDIUM,100.0,0.0,0.0,100.0,Physical progress (0.0%) is 100.0 points below expected progress (100.0%). | No completion-date revision recorded (schedule risk based on original plan only). | Cost is within (or close to) the originally approved budget. | Recent progress growth is stalled or negative (no measurable gain last month).
611855,Nathdwara Mavli - Devgarh Madariya 82.542 km,CAOC/NWR NWR mor,Rajasthan,2026-07,10.0,LOW,0.0,0.0,40.0,0.0,Physical progress (75.0%) is on track or ahead of expected progress (60.3%). | No completion-date revision recorded (schedule risk based on original plan only). | Cost overrun of 13.5% (original Rs. 968.92 Cr -> revised Rs. 1100.00 Cr). | Recent progress growth is healthy (~2.00 points/month).
611861,Rewari - Kathuwas Doubling Project [27.72 Km],North Western Railway [NWR],"Multi-States (Haryana, Rajasthan)",2026-06,7.5,LOW,0.0,0.0,0.0,75.0,Physical progress (80.0%) is on track or ahead of expected progress (77.8%). | Completion date has not slipped versus the original plan. | Cost is within (or close to) the originally approved budget. | Recent progress growth is stalled or negative (no measurable gain last month).
611864,AMALAGAMATED NTST KUJAMA OCP 8.5MTY,Bharat Coking Coal Limited (BCCL),Jharkhand,2026-07,22.5,LOW,50.0,0.0,0.0,50.0,Physical progress (31.2%) is 17.7 points below expected progress (48.8%). | No completion-date revision recorded (schedule risk based on original plan only). | Cost is within (or close to) the originally approved budget. | Recent progress growth is low (~0.24 points/month).
611884,Doubling between Bhiwani - Dobh Bahali PB73/2023-24/NR,CAOC/NWR NWR mor,Haryana,2026-07,23.75,LOW,25.0,50.0,0.0,0.0,Completion date has been revised by 8 month(s) (from 06/2027 to 02/2028). | Cost is within (or close to) the originally approved budget. | Recent progress growth is healthy (~4.00 points/month).
611917,Poly Butadiene Rubber plant at Panipat,Indian Oil Corporation Limited [IOCL],Haryana,2026-07,58.75,MEDIUM,25.0,75.0,100.0,25.0,Completion date has been revised by 21 month(s) (from 03/2025 to 12/2026). | Cost overrun of 73.5% (original Rs. 1459.00 Cr -> revised Rs. 2531.44 Cr). | Recent progress growth is healthy (~1.40 points/month).
611918,Kosamba- Umarpada 69.70 Km PB32/WR/2023-24,CAOCWR WR mor,Gujarat,2026-07,26.25,LOW,75.0,0.0,0.0,0.0,Physical progress (31.0%) is 48.0 points below expected progress (79.0%). | No completion-date revision recorded (schedule risk based on original plan only). | Cost is within (or close to) the originally approved budget. | Recent progress growth is healthy (~22.00 points/month).
611927,Kurnool - Setting up facilities for coach midlife rehabilitation workshop,WPO/Patna,Andhra Pradesh,2026-07,33.75,MEDIUM,75.0,0.0,0.0,75.0,Physical progress (65.0%) is 35.0 points below expected progress (100.0%). | No completion-date revision recorded (schedule risk based on original plan only). | Cost is within (or close to) the originally approved budget. | Recent progress growth is stalled or negative (no measurable gain last month).
611929,Maintenance cum workshop depot for Vande Bharat Sleeper Trains as per conditions under WTA 527,WPO/Patna,Rajasthan,2026-07,42.5,MEDIUM,100.0,0.0,0.0,75.0,Physical progress (0.0%) is 100.0 points below expected progress (100.0%). | No completion-date revision recorded (schedule risk based on original plan only). | Cost is within (or close to) the originally approved budget. | Recent progress growth is stalled or negative (no measurable gain last month).
611930,Lara Super Thermal Power Project Stage-II [2 x 800 MW],National Thermal Power Corporation [NTPC],Chhattisgarh,2026-07,42.75,MEDIUM,75.0,30.0,20.0,25.0,Physical progress (33.5%) is 26.8 points below expected progress (60.3%). | Completion date has been revised by 5 month(s) (from 06/2028 to 11/2028). | Cost is within (or close to) the originally approved budget. | Recent progress growth is healthy (~1.20 points/month).
611943,New BG line between Naliya - Jakhau Port 24.88 Km,CAOCWR WR mor,Gujarat,2026-07,42.75,MEDIUM,75.0,30.0,0.0,75.0,Physical progress (5.0%) is 25.8 points below expected progress (30.8%). | Completion date has been revised by 1 month(s) (from 01/2028 to 02/2028). | Cost is within (or close to) the originally approved budget. | Recent progress growth is stalled or negative (no measurable gain last month).
611945,Petlad-Bhadran 22.5 km,CAOCWR WR mor,Gujarat,2026-07,8.75,LOW,25.0,0.0,0.0,0.0,Completion date has not slipped versus the original plan. | Cost is within (or close to) the originally approved budget. | Recent progress growth is healthy (~15.00 points/month).
611947,Transmission System for Evacuation of Power from REZ in Rajasthan 20GW under Phase III- Part E2,Power Grid Corporation of India Limited [POWERGRID],Rajasthan,2026-04,26.39,LOW,25.0,50.0,0.0,,Completion date has been revised by 12 month(s) (from 06/2025 to 06/2026). | Cost is within (or close to) the originally approved budget. | Recent progress trend could not be assessed (no prior month to compare).
611948,Transmission system for evacuation of power from REZ in Rajasthan 20 GW under Phase-III part H,Power Grid Corporation of India Limited [POWERGRID],Rajasthan,2026-05,33.75,MEDIUM,25.0,75.0,0.0,25.0,Completion date has been revised by 14 month(s) (from 04/2025 to 06/2026). | Cost is within (or close to) the originally approved budget. | Recent progress growth is healthy (~1.13 points/month).
611949,Transmission system for evacuation of power from REZ in Rajasthan 20 GW under Phase-III part C1,Power Grid Corporation of India Limited [POWERGRID],Rajasthan,2026-07,36.25,MEDIUM,25.0,75.0,0.0,50.0,Completion date has been revised by 16 month(s) (from 04/2025 to 08/2026). | Cost is within (or close to) the originally approved budget. | Recent progress growth is low (~0.20 points/month).
611957,"Phase III A works at IIT Indore [03 Hostels, 01 Studio Apartment, 01 Housing, Heavy & Sophisticated lab complex, Academic POD and Infrastructure for center of excellence]","Indian Institute of Technology, Indore",Madhya Pradesh,2026-07,17.5,LOW,50.0,0.0,0.0,0.0,Physical progress (67.5%) is 11.9 points below expected progress (79.4%). | No completion-date revision recorded (schedule risk based on original plan only). | Cost is within (or close to) the originally approved budget. | Recent progress growth is healthy (~2.50 points/month).
611961,Construction of IIT Bhubaneswar -Phase III,"Indian Institute of Technology, Bhubaneshwar",Odisha,2026-07,37.5,MEDIUM,100.0,0.0,0.0,25.0,Physical progress (10.4%) is 76.2 points below expected progress (86.7%). | No completion-date revision recorded (schedule risk based on original plan only). | Cost is within (or close to) the originally approved budget. | Recent progress growth is healthy (~1.25 points/month).
611963,"Construction & Development of Infrastructural Facilities in the main campus of NIT Uttarakhand at Sumari, Pauri Garhwal",National Institute of Technology Uttarakhand,Uttarakhand,2026-07,11.25,LOW,25.0,0.0,0.0,25.0,No completion-date revision recorded (schedule risk based on original plan only). | Cost is within (or close to) the originally approved budget. | Recent progress growth is healthy (~1.00 points/month).
611966,Transmission System for Evacuation of power from Potential RE Zone in Khavda Area of Gujarat under phase IV 7GW-Part E4,Power Grid Corporation of India Limited [POWERGRID],Maharashtra,2026-06,20.0,LOW,0.0,50.0,0.0,50.0,Physical progress (100.0%) is on track or ahead of expected progress (100.0%). | Completion date has been revised by 10 month(s) (from 07/2025 to 05/2026). | Cost is within (or close to) the originally approved budget. | Recent progress growth is low (~0.40 points/month).
611967,Transmission Scheme for Solar Energy Zone in Ananthpuram 2500MW and Kurnool 1000MW,Power Grid Corporation of India Limited [POWERGRID],Andhra Pradesh,2026-05,28.75,LOW,25.0,50.0,0.0,50.0,Completion date has been revised by 8 month(s) (from 09/2025 to 05/2026). | Cost is within (or close to) the originally approved budget. | Recent progress growth is low (~0.23 points/month).
611970,Samlaya-Timba Road 53.53 km,CAOCWR WR mor,Gujarat,2026-07,17.5,LOW,50.0,0.0,0.0,0.0,Physical progress (25.0%) is 12.1 points below expected progress (37.1%). | Completion date has not slipped versus the original plan. | Cost is within (or close to) the originally approved budget. | Recent progress growth is healthy (~13.00 points/month).
611971,Samni-Jambusar 24.08 km,CAOCWR WR mor,Gujarat,2026-07,0.0,LOW,0.0,0.0,0.0,0.0,Physical progress (40.0%) is on track or ahead of expected progress (38.0%). | Completion date has not slipped versus the original plan. | Cost is within (or close to) the originally approved budget. | Recent progress growth is healthy (~9.00 points/month).
611974,Western Railway- Samakhiali-Gandhidham Quadrupiling 53 km PB34/CR/2023-24,CAOCWR WR mor,Gujarat,2026-07,41.25,MEDIUM,75.0,50.0,0.0,0.0,Physical progress (50.0%) is 34.4 points below expected progress (84.4%). | Completion date has been revised by 12 month(s) (from 12/2026 to 12/2027). | Cost is within (or close to) the originally approved budget. | Recent progress growth is healthy (~5.00 points/month).
611977,Dahod Creation of Infrastructure facilities for 9000 HP Electric locomotives Manufacturing at,PCE/WR,Gujarat,2026-06,33.75,MEDIUM,75.0,0.0,0.0,75.0,Physical progress (53.0%) is 47.0 points below expected progress (100.0%). | No completion-date revision recorded (schedule risk based on original plan only). | Cost is within (or close to) the originally approved budget. | Recent progress growth is stalled or negative (no measurable gain last month).
611978,Dahod Rolling Stock Workshop Provision of Infrastructure for CBS at,PCE/WR,Gujarat,2026-06,42.5,MEDIUM,100.0,0.0,0.0,75.0,Physical progress (10.0%) is 90.0 points below expected progress (100.0%). | No completion-date revision recorded (schedule risk based on original plan only). | Cost is within (or close to) the originally approved budget. | Recent progress growth is stalled or negative (no measurable gain last month).
611979,Sabarmati Setting up of Maintenance Facilities for Train Sets Phase ii,Western Railway [WR] - II,Gujarat,2026-06,40.0,MEDIUM,50.0,50.0,0.0,75.0,Physical progress (88.0%) is 12.0 points below expected progress (100.0%). | Completion date has been revised by 11 month(s) (from 06/2025 to 05/2026). | Cost is within (or close to) the originally approved budget. | Recent progress growth is stalled or negative (no measurable gain last month).
612066,Rajasthan Metro Rail Project Phase 1C from Badi Chaupar to Transport Nagar via Galta Gate,Jaipur Metro Rail Corporation,Rajasthan,2026-07,42.5,MEDIUM,100.0,0.0,0.0,75.0,Physical progress (0.0%) is 79.1 points below expected progress (79.1%). | No completion-date revision recorded (schedule risk based on original plan only). | Cost is within (or close to) the originally approved budget. | Recent progress growth is stalled or negative (no measurable gain last month).
612068,Jaipur Metro Phase 1D Project from Mansarovar to Ajmer Road Chauraha,Jaipur Metro Rail Corporation,Rajasthan,2026-07,42.5,MEDIUM,100.0,0.0,0.0,75.0,Physical progress (12.5%) is 87.5 points below expected progress (100.0%). | No completion-date revision recorded (schedule risk based on original plan only). | Cost is within (or close to) the originally approved budget. | Recent progress growth is stalled or negative (no measurable gain last month).
612072,Barejadi Nandej Geratpur - Sanand - 4th line 38.20 km,CAOCWR WR mor,Gujarat,2026-07,60.0,MEDIUM,100.0,75.0,0.0,25.0,Physical progress (23.0%) is 54.8 points below expected progress (77.8%). | Completion date has been revised by 16 month(s) (from 03/2027 to 07/2028). | Cost is within (or close to) the originally approved budget. | Recent progress growth is healthy (~1.00 points/month).
612096,Construction of Balurghat-Hilli new BG Line,Northeast Frontier Railway [NFR],West Bengal,2026-07,42.5,MEDIUM,100.0,0.0,0.0,75.0,Physical progress (18.0%) is 77.9 points below expected progress (95.9%). | Completion date has not slipped versus the original plan. | Cost is within (or close to) the originally approved budget. | Recent progress growth is stalled or negative (no measurable gain last month).
612128,Hostel blocks & dining hall block,"Indian Institute of Technology, Mandi",Himachal Pradesh,2026-07,17.75,LOW,25.0,30.0,0.0,0.0,Completion date has been revised by 6 month(s) (from 03/2026 to 09/2026). | Cost is within (or close to) the originally approved budget. | Recent progress growth is healthy (~9.00 points/month).
612132,Transmission Scheme for Evacuation of power from REZ in Rajasthan [20 GW] under Phase-III Part D Phase I [Sikar Khetri Transmission Ltd],Power Grid Corporation of India Limited [POWERGRID],"Multi-States (Delhi, Haryana, Rajasthan)",2026-07,33.75,MEDIUM,25.0,75.0,0.0,25.0,Completion date has been revised by 19 month(s) (from 08/2025 to 03/2027). | Cost is within (or close to) the originally approved budget. | Recent progress growth is healthy (~1.96 points/month).
612133,Transmission System for Evacuation of power from Rajasthan REZ Ph-IV [Part-1] [Bikaner Complex] Part D [Neemrana Bareilly Transmission Ltd],Power Grid Corporation of India Limited [POWERGRID],"Multi-States (Rajasthan, Uttar Pradesh)",2026-07,53.75,MEDIUM,75.0,75.0,0.0,50.0,Physical progress (73.5%) is 26.6 points below expected progress (100.0%). | Completion date has been revised by 16 month(s) (from 12/2025 to 04/2027). | Cost is within (or close to) the originally approved budget. | Recent progress growth is low (~0.28 points/month).
612134,Transmission System for Evacuation of power from Rajasthan REZ Ph-IV [Part-1] [Bikaner Complex] Part A [Bikaner Neemrana Transmission Ltd],Power Grid Corporation of India Limited [POWERGRID],Rajasthan,2026-07,42.5,MEDIUM,50.0,75.0,0.0,25.0,Physical progress (79.4%) is 20.6 points below expected progress (100.0%). | Completion date has been revised by 16 month(s) (from 12/2025 to 04/2027). | Cost is within (or close to) the originally approved budget. | Recent progress growth is healthy (~1.74 points/month).
612138,"Transmission Scheme for Solar Energy Zone in Bidar [2500 MW], Karnataka [Bidar Transmission Ltd]",Power Grid Corporation of India Limited [POWERGRID],"Multi-States (Karnataka, Telangana)",2026-07,17.75,LOW,25.0,30.0,0.0,0.0,Completion date has been revised by 6 month(s) (from 02/2026 to 08/2026). | Cost is within (or close to) the originally approved budget. | Recent progress growth is healthy (~3.08 points/month).
612139,Transmission system for Evacuation of Additional 7 GW RE power from Khavda RE park under Phase-III Part B [Vataman Transmission Limited],Power Grid Corporation of India Limited [POWERGRID],Gujarat,2026-07,43.75,MEDIUM,75.0,50.0,0.0,25.0,Physical progress (72.1%) is 27.9 points below expected progress (100.0%). | Completion date has been revised by 12 month(s) (from 12/2025 to 12/2026). | Cost is within (or close to) the originally approved budget. | Recent progress growth is healthy (~1.25 points/month).
612140,Transmission Scheme for Integration of Renewable Energy Zone [Phase II] in Koppal II [Phase A&B] and gadag II[Phase A] in Karnataka [POWERGRID KOPPAL GADAG TRANSMISSION LIMITED],Power Grid Corporation of India Limited [POWERGRID],Karnataka,2026-07,23.75,LOW,25.0,50.0,0.0,0.0,Completion date has been revised by 9 month(s) (from 12/2025 to 09/2026). | Cost is within (or close to) the originally approved budget. | Recent progress growth is healthy (~3.60 points/month).
612142,"Singrauli Super Thermal Power Project, Stage-III [2x800 MW]",National Thermal Power Corporation [NTPC],Uttar Pradesh,2026-07,29.0,LOW,50.0,30.0,0.0,25.0,Physical progress (25.0%) is 14.4 points below expected progress (39.4%). | Completion date has been revised by 2 month(s) (from 02/2030 to 04/2030). | Cost is within (or close to) the originally approved budget. | Recent progress growth is healthy (~1.20 points/month).
612167,"Construction of 350 beds + 50 Super Specialty beds ESIC Hospital Sheelanagar, Visakhapatnam, Andhra Pradesh",Employee's State Insurance Company [ESIC],Andhra Pradesh,2026-07,26.25,LOW,25.0,50.0,0.0,25.0,Completion date has been revised by 10 month(s) (from 10/2025 to 08/2026). | Cost is within (or close to) the originally approved budget. | Recent progress growth is healthy (~1.00 points/month).
612183,Development of New Civil Enclave at Bihta,Airport Authority of India [AAI],Bihar,2026-07,37.5,MEDIUM,100.0,0.0,0.0,25.0,Physical progress (4.2%) is 61.1 points below expected progress (65.2%). | No completion-date revision recorded (schedule risk based on original plan only). | Cost is within (or close to) the originally approved budget. | Recent progress growth is healthy (~1.29 points/month).
612186,350 Bedded [Upgradable to 500 beds] ESI Hospital at Sanand,Employee's State Insurance Company [ESIC],Gujarat,2026-07,57.5,MEDIUM,100.0,75.0,0.0,0.0,Physical progress (28.0%) is 72.0 points below expected progress (100.0%). | Completion date has been revised by 14 month(s) (from 03/2026 to 05/2027). | Cost is within (or close to) the originally approved budget. | Recent progress growth is healthy (~6.50 points/month).
612188,"Construction of 200 Bedded [Upgradable to 500 Bedded including 50 beds of SST] ESIC Hospital at Bibewadi, Pune",Employee's State Insurance Company [ESIC],Maharashtra,2026-04,36.11,MEDIUM,50.0,50.0,0.0,,Physical progress (78.0%) is 22.0 points below expected progress (100.0%). | Completion date has been revised by 11 month(s) (from 09/2025 to 08/2026). | Cost is within (or close to) the originally approved budget. | Recent progress trend could not be assessed (no prior month to compare).
612194,Development of New Civil Enclave and associated works at Darbhanga Airport,Airport Authority of India [AAI],Bihar,2026-07,37.75,MEDIUM,75.0,30.0,0.0,25.0,Physical progress (71.1%) is 28.9 points below expected progress (100.0%). | Completion date has been revised by 4 month(s) (from 07/2026 to 11/2026). | Cost is within (or close to) the originally approved budget. | Recent progress growth is healthy (~1.30 points/month).
612201,"Construction of 200 bedded ESIC Hospital with 62 Nos Staff quarters , Beltola",Employee's State Insurance Company [ESIC],Assam,2026-04,45.83,MEDIUM,25.0,75.0,40.0,,Completion date has been revised by 14 month(s) (from 04/2025 to 06/2026). | Cost overrun of 8.0% (original Rs. 143.23 Cr -> revised Rs. 154.75 Cr). | Recent progress trend could not be assessed (no prior month to compare).
612211,"Demolition, Construction and upgradation of ESI Hospital, Kalol, Gujarat from 50 beds to 150 beds.",Employee's State Insurance Company [ESIC],Gujarat,2026-07,48.75,MEDIUM,75.0,75.0,0.0,0.0,Physical progress (58.0%) is 42.0 points below expected progress (100.0%). | Completion date has been revised by 13 month(s) (from 10/2025 to 11/2026). | Cost is within (or close to) the originally approved budget. | Recent progress growth is healthy (~8.00 points/month).
612213,"Construction of 200 Bedded ESIC Hospital at Butibori, Nagpur, Maharashtra.",Employee's State Insurance Company [ESIC],Maharashtra,2026-07,61.25,HIGH,75.0,75.0,20.0,75.0,Physical progress (67.0%) is 33.0 points below expected progress (100.0%). | Completion date has been revised by 13 month(s) (from 08/2025 to 09/2026). | Cost is within (or close to) the originally approved budget. | Recent progress growth is stalled or negative (no measurable gain last month).
612259,CONSTRUCTION OF 300 BEDDED HOSPITAL AT HARIDWAR,Employee's State Insurance Company [ESIC],Uttarakhand,2026-07,58.75,MEDIUM,25.0,75.0,100.0,25.0,Completion date has been revised by 21 month(s) (from 10/2024 to 07/2026). | Cost overrun of 190.7% (original Rs. 102.40 Cr -> revised Rs. 297.63 Cr). | Recent progress growth is healthy (~1.50 points/month).
612513,"Construction of 100 Bedded ESI Hospital at Duburi, Odisha.",Employee's State Insurance Company [ESIC],Odisha,2026-07,42.5,MEDIUM,100.0,0.0,0.0,75.0,Physical progress (7.2%) is 53.5 points below expected progress (60.7%). | No completion-date revision recorded (schedule risk based on original plan only). | Cost is within (or close to) the originally approved budget. | Recent progress growth is stalled or negative (no measurable gain last month).
612745,"Construction of 200 bed ESI Hospital at Bommasandra, Karnataka",Employee's State Insurance Company [ESIC],Karnataka,2026-07,37.75,MEDIUM,75.0,30.0,0.0,25.0,Physical progress (35.0%) is 42.8 points below expected progress (77.8%). | Completion date has been revised by 4 month(s) (from 01/2027 to 05/2027). | Cost is within (or close to) the originally approved budget. | Recent progress growth is healthy (~1.00 points/month).
612748,"Construction of 100 bed ESI Hospital and Staff Quarters [32 Nos.] at Harohalli, Karnataka",Employee's State Insurance Company [ESIC],Karnataka,2026-07,26.25,LOW,75.0,0.0,0.0,0.0,Physical progress (28.1%) is 41.5 points below expected progress (69.6%). | No completion-date revision recorded (schedule risk based on original plan only). | Cost is within (or close to) the originally approved budget. | Recent progress growth is healthy (~2.20 points/month).
612781,Rebuilding of COB 4 at Durgapur Steel Plant,Steel Authority of India Limited [SAIL],West Bengal,2026-07,28.75,LOW,75.0,0.0,0.0,25.0,Physical progress (37.2%) is 33.6 points below expected progress (70.8%). | Completion date has not slipped versus the original plan. | Cost is within (or close to) the originally approved budget. | Recent progress growth is healthy (~1.83 points/month).
612786,"Construction of New Domestic Terminal Building Building and miscellaneous works including maintenance, operations and AICMC at Kadapa Airport",Airport Authority of India [AAI],Andhra Pradesh,2026-07,32.5,MEDIUM,50.0,50.0,0.0,0.0,Physical progress (80.0%) is 20.0 points below expected progress (100.0%). | Completion date has been revised by 8 month(s) (from 01/2026 to 09/2026). | Cost is within (or close to) the originally approved budget. | Recent progress growth is healthy (~5.00 points/month).
612787,Construction of New Domestic Terminal Building and Miscellaneous works at Hubli Airport,Airport Authority of India [AAI],Karnataka,2026-07,32.5,MEDIUM,50.0,50.0,0.0,0.0,Physical progress (88.5%) is 11.5 points below expected progress (100.0%). | Completion date has been revised by 8 month(s) (from 01/2026 to 09/2026). | Cost is within (or close to) the originally approved budget. | Recent progress growth is healthy (~3.50 points/month).
612788,Construction of New Domestic Terminal Building and Miscellaneous Works at Belagavi Airport.,Airport Authority of India [AAI],Karnataka,2026-07,17.75,LOW,25.0,30.0,0.0,0.0,Completion date has been revised by 6 month(s) (from 02/2026 to 08/2026). | Cost is within (or close to) the originally approved budget. | Recent progress growth is healthy (~2.00 points/month).
612789,"Development of additional RESA on either end on Runway 10-28 at Calicut Airport. Construction of embankment with slope protection, drainage system and associated works for additional RESA on either end on Runway 10-28",Airport Authority of India [AAI],Kerala,2026-07,51.25,MEDIUM,75.0,75.0,0.0,25.0,Physical progress (65.8%) is 34.2 points below expected progress (100.0%). | Completion date has been revised by 15 month(s) (from 09/2025 to 12/2026). | Cost is within (or close to) the originally approved budget. | Recent progress growth is healthy (~1.30 points/month).
612790,Power System Upgradation Project,Mangalore Refinery and Petrochemicals Limited,Karnataka,2026-07,26.25,LOW,25.0,50.0,0.0,25.0,Completion date has been revised by 10 month(s) (from 11/2025 to 09/2026). | Cost is within (or close to) the originally approved budget. | Recent progress growth is healthy (~1.70 points/month).
612791,"Re-Construction of Rigid portions of Secondary Runway, K and A Taxiway and Strengthening of C Taxiway at NSCBI Airport Kolkata.",Airport Authority of India [AAI],West Bengal,2026-07,41.25,MEDIUM,75.0,50.0,0.0,0.0,Physical progress (73.5%) is 26.5 points below expected progress (100.0%). | Completion date has been revised by 10 month(s) (from 10/2025 to 08/2026). | Cost is within (or close to) the originally approved budget. | Recent progress growth is healthy (~2.10 points/month).
612793,"Widening of basic strip at Western Side of Runway Chainage 80m to 920m i/c slope stabilization Measures [Balance work] of uphill and Improvement of Storm Water Drainage System at Pakyong Airport, Sikkim on design & build basis [EPC] with integrated 10 years maintenance.",Airport Authority of India [AAI],Sikkim,2026-07,55.0,MEDIUM,100.0,50.0,0.0,50.0,Physical progress (36.1%) is 63.9 points below expected progress (100.0%). | Completion date has been revised by 12 month(s) (from 06/2026 to 06/2027). | Cost is within (or close to) the originally approved budget. | Recent progress growth is low (~0.02 points/month).
612815,Nipania-Bhatapra 14.4 km 4th line PB72/NR/2022-23,CAOC/SECR SECR mor,Chhattisgarh,2026-07,45.0,MEDIUM,100.0,0.0,0.0,100.0,Physical progress (3.0%) is 80.3 points below expected progress (83.3%). | No completion-date revision recorded (schedule risk based on original plan only). | Cost is within (or close to) the originally approved budget. | Recent progress growth is stalled or negative (no measurable gain last month).
612816,ITAPARA OCP,Eastern Coal Fields Limited [ECL],West Bengal,2026-07,33.75,MEDIUM,75.0,0.0,0.0,75.0,Physical progress (8.4%) is 32.9 points below expected progress (41.3%). | No completion-date revision recorded (schedule risk based on original plan only). | Cost is within (or close to) the originally approved budget. | Recent progress growth is stalled or negative (no measurable gain last month).
612819,300 MW SPP part of 510 MW CPSU scheme,NLC India Limited [NLCIL],Rajasthan,2026-04,25.0,LOW,0.0,75.0,0.0,,Physical progress (100.0%) is on track or ahead of expected progress (100.0%). | Completion date has been revised by 15 month(s) (from 09/2024 to 12/2025). | Cost is within (or close to) the originally approved budget. | Recent progress trend could not be assessed (no prior month to compare).
612827,Flyover between Pendurthi-Simhachalam North to avoid surface crossing at Simhachalam 7.135 km PB73/2023-24/NR,CAO/C/SCoR SCoR mor,Andhra Pradesh,2026-07,35.0,MEDIUM,100.0,0.0,0.0,0.0,Physical progress (21.0%) is 52.5 points below expected progress (73.5%). | No completion-date revision recorded (schedule risk based on original plan only). | Cost is within (or close to) the originally approved budget. | Recent progress growth is healthy (~5.00 points/month).
612834,3rd & 4th line between Sarla - Sason 8 km PB73/2023-24/NR,CAO/C/ECOR ECoR mor,Odisha,2026-07,27.5,LOW,50.0,0.0,0.0,100.0,Physical progress (88.0%) is 12.0 points below expected progress (100.0%). | No completion-date revision recorded (schedule risk based on original plan only). | Cost is within (or close to) the originally approved budget. | Recent progress growth is stalled or negative (no measurable gain last month).
612845,Pachora-Jamner with extension upto Malkapur-Narrow gauge to broad gauge 84 km,CAOC/CR CR mor,Maharashtra,2026-07,50.0,MEDIUM,50.0,0.0,100.0,75.0,Physical progress (10.0%) is 21.6 points below expected progress (31.6%). | No completion-date revision recorded (schedule risk based on original plan only). | Cost overrun of 119.2% (original Rs. 955.39 Cr -> revised Rs. 2093.82 Cr). | Recent progress growth is stalled or negative (no measurable gain last month).
612851,"Phase 1B - Construction of Academic Block, Hostel, Residential Tower, Directors Residence and External Development works at National Institute of Technology, Delhi Campus on Engineering, Procurement and Construction basis",National Institute of Technology Delhi,Delhi,2026-07,19.0,LOW,0.0,30.0,20.0,50.0,Physical progress (100.0%) is on track or ahead of expected progress (100.0%). | Completion date has been revised by 4 month(s) (from 09/2025 to 01/2026). | Cost is within (or close to) the originally approved budget. | Recent progress growth is low (~0.10 points/month).
612853,Gurdaspur Jammu Pipeline,Gas Authority of India Limited [GAIL],Punjab,2026-07,8.75,LOW,25.0,0.0,0.0,0.0,No completion-date revision recorded (schedule risk based on original plan only). | Cost is within (or close to) the originally approved budget. | Recent progress growth is healthy (~6.50 points/month).
612855,Transmission System for Evacuation of Power from Potential Energy Renewable Zone in Khavda Area of Gujarat under Ph-IV [7GW] Part E2,Power Grid Corporation of India Limited [POWERGRID],Gujarat,2026-07,34.0,MEDIUM,50.0,30.0,0.0,75.0,Physical progress (82.0%) is 18.0 points below expected progress (100.0%). | Completion date has been revised by 4 month(s) (from 05/2026 to 09/2026). | Cost is within (or close to) the originally approved budget. | Recent progress growth is stalled or negative (no measurable gain last month).
612876,"Construction of Permanent Campus for NIT Mizoram at Lengpui, Aizawl",NIT Mizoram,Mizoram,2026-07,42.5,MEDIUM,100.0,0.0,0.0,75.0,Physical progress (4.0%) is 74.0 points below expected progress (78.0%). | Completion date has not slipped versus the original plan. | Cost is within (or close to) the originally approved budget. | Recent progress growth is stalled or negative (no measurable gain last month).
612877,Establishment of NIT Puducherry Permanent Campus [Phase-I and Phase-II],"National Institute of Technology, Puducherry",Puducherry,2026-07,38.75,MEDIUM,25.0,75.0,0.0,75.0,Completion date has been revised by 17 month(s) (from 12/2024 to 05/2026). | Cost is within (or close to) the originally approved budget. | Recent progress growth is stalled or negative (no measurable gain last month).
612878,Bangalore Metro Rail Project - PHASE-3,Bengaluru Metro Rail,Karnataka,2026-07,0.0,LOW,0.0,0.0,0.0,0.0,Physical progress (3.8%) is on track or ahead of expected progress (1.7%). | No completion-date revision recorded (schedule risk based on original plan only). | Cost is within (or close to) the originally approved budget. | Recent progress growth is healthy (~3.80 points/month).
612883,Establishment of Permanent Campus of NIT SIkkim at Khamdong-Gangtok District,NIT Sikkim,Sikkim,2026-07,22.5,LOW,50.0,0.0,0.0,50.0,Physical progress (38.0%) is 21.6 points below expected progress (59.6%). | Completion date has not slipped versus the original plan. | Cost is within (or close to) the originally approved budget. | Recent progress growth is low (~0.40 points/month).
612885,Construction and Developement of National Institute of Technology Meghalaya Permanent Campus at Sohra,"National Institute of Technology, Meghalaya",Meghalaya,2026-07,41.25,MEDIUM,25.0,100.0,0.0,25.0,Completion date has been revised by 55 month(s) (from 03/2022 to 10/2026). | Cost is within (or close to) the originally approved budget. | Recent progress growth is healthy (~1.50 points/month).
612894,"Construction of Permanent Campus of Central University of Himachal Pradesh at Dehra, District - Kangra, [H.P.] on Engineering. Procurement and Construction [EPC Mode 1] Basis.","Central University, Himachal Pradesh",Himachal Pradesh,2026-07,63.75,HIGH,50.0,75.0,65.0,75.0,Physical progress (86.0%) is 14.0 points below expected progress (100.0%). | Completion date has been revised by 16 month(s) (from 11/2024 to 03/2026). | Cost overrun of 19.2% (original Rs. 251.98 Cr -> revised Rs. 300.45 Cr). | Recent progress growth is stalled or negative (no measurable gain last month).
612898,Construction of Permanent Campus of National Institute of Technology Arunachal Pradesh,"National Institute of Technology, Arunachal Pradesh",Arunachal Pradesh,2026-07,25.0,LOW,50.0,0.0,0.0,75.0,Physical progress (80.0%) is 19.4 points below expected progress (99.4%). | Completion date has not slipped versus the original plan. | Cost is within (or close to) the originally approved budget. | Recent progress growth is stalled or negative (no measurable gain last month).
612916,"Construction of permanent campus of Central University of Gujarat at Village kundhela, Dist. Vadodara, Gujarat.",Central University of Gujarat,Gujarat,2026-07,40.0,MEDIUM,50.0,50.0,0.0,75.0,Physical progress (86.0%) is 14.0 points below expected progress (100.0%). | Completion date has been revised by 12 month(s) (from 03/2025 to 03/2026). | Cost is within (or close to) the originally approved budget. | Recent progress growth is stalled or negative (no measurable gain last month).
613002,Redevelopment of Chennai Egmore Station,Ministry of Railways,Tamil Nadu,2026-07,42.5,MEDIUM,100.0,0.0,0.0,75.0,Physical progress (0.0%) is 100.0 points below expected progress (100.0%). | No completion-date revision recorded (schedule risk based on original plan only). | Cost is within (or close to) the originally approved budget. | Recent progress growth is stalled or negative (no measurable gain last month).
613008,Construction of Permanent Campus of Central Tribal University of Andhra Pradesh Phase-1,Central Tribal University of Andhra Pradesh,Andhra Pradesh,2026-07,33.75,MEDIUM,75.0,0.0,0.0,75.0,Physical progress (44.5%) is 29.3 points below expected progress (73.8%). | No completion-date revision recorded (schedule risk based on original plan only). | Cost is within (or close to) the originally approved budget. | Recent progress growth is stalled or negative (no measurable gain last month).
613013,Establishment of NIT Nagaland,NIT Nagaland,Nagaland,2026-07,16.25,LOW,25.0,0.0,0.0,75.0,No completion-date revision recorded (schedule risk based on original plan only). | Cost is within (or close to) the originally approved budget. | Recent progress growth is stalled or negative (no measurable gain last month).
613015,Redevelopment of Chhatrapati Shivaji Maharaj Terminus [CSMT] and construction of associated infrastructure,Rail Land Development Authority,Maharashtra,2026-07,42.5,MEDIUM,100.0,0.0,0.0,75.0,Physical progress (25.0%) is 56.8 points below expected progress (81.8%). | No completion-date revision recorded (schedule risk based on original plan only). | Cost is within (or close to) the originally approved budget. | Recent progress growth is stalled or negative (no measurable gain last month).
613785,Redevelopment of New Delhi Railway Station and construction of associated infrastructure,Rail Land Development Authority,Delhi,2026-06,28.75,LOW,75.0,0.0,0.0,25.0,Physical progress (6.0%) is 38.4 points below expected progress (44.4%). | No completion-date revision recorded (schedule risk based on original plan only). | Cost is within (or close to) the originally approved budget. | Recent progress growth is healthy (~1.00 points/month).
613786,"Redevelopment of Ahmedabad railway station and associated infrastructure on engineering, procurement and construction mode",Rail Land Development Authority,Gujarat,2026-06,33.75,MEDIUM,75.0,0.0,0.0,75.0,Physical progress (32.5%) is 27.1 points below expected progress (59.6%). | No completion-date revision recorded (schedule risk based on original plan only). | Cost is within (or close to) the originally approved budget. | Recent progress growth is stalled or negative (no measurable gain last month).
613787,Jamrani Dam Multipurpose Project,Irrigation-UK,Uttarakhand,2026-07,25.0,LOW,50.0,0.0,0.0,75.0,Physical progress (26.2%) is 21.5 points below expected progress (47.8%). | No completion-date revision recorded (schedule risk based on original plan only). | Cost is within (or close to) the originally approved budget. | Recent progress growth is stalled or negative (no measurable gain last month).
613793,SHYAMSUNDARPUR UG INCLUDING SA,ECL - CIL,West Bengal,2026-07,65.0,HIGH,100.0,75.0,0.0,75.0,Physical progress (16.8%) is 83.2 points below expected progress (100.0%). | Completion date has been revised by 24 month(s) (from 03/2026 to 03/2028). | Cost is within (or close to) the originally approved budget. | Recent progress growth is stalled or negative (no measurable gain last month).
613794,PARASEA-BELBAID UG PROJECT,ECL - CIL,West Bengal,2026-07,33.75,MEDIUM,75.0,0.0,0.0,75.0,Physical progress (22.3%) is 45.5 points below expected progress (67.7%). | No completion-date revision recorded (schedule risk based on original plan only). | Cost is within (or close to) the originally approved budget. | Recent progress growth is stalled or negative (no measurable gain last month).
613798,AMERA OC RCE [1.0 MTY],SECL - CIL,Chhattisgarh,2026-07,42.5,MEDIUM,100.0,0.0,0.0,75.0,Physical progress (42.5%) is 57.5 points below expected progress (100.0%). | No completion-date revision recorded (schedule risk based on original plan only). | Cost is within (or close to) the originally approved budget. | Recent progress growth is stalled or negative (no measurable gain last month).
613799,AMGAON OC RCE [1.0 MTY],SECL - CIL,Chhattisgarh,2026-07,25.0,LOW,50.0,0.0,0.0,75.0,Physical progress (78.9%) is 21.1 points below expected progress (100.0%). | No completion-date revision recorded (schedule risk based on original plan only). | Cost is within (or close to) the originally approved budget. | Recent progress growth is stalled or negative (no measurable gain last month).
613800,JAGANNATHPUR OC RCE PROJECT,SECL - CIL,Chhattisgarh,2026-07,38.75,MEDIUM,25.0,75.0,0.0,75.0,Completion date has been revised by 24 month(s) (from 03/2025 to 03/2027). | Cost is within (or close to) the originally approved budget. | Recent progress growth is stalled or negative (no measurable gain last month).
613801,MAHAMAYA OCP [1.50 MTY],SECL - CIL,Chhattisgarh,2026-07,56.25,MEDIUM,75.0,75.0,0.0,75.0,Physical progress (54.6%) is 45.4 points below expected progress (100.0%). | Completion date has been revised by 24 month(s) (from 03/2026 to 03/2028). | Cost is within (or close to) the originally approved budget. | Recent progress growth is stalled or negative (no measurable gain last month).
613802,KANCHAN OC EXP,SECL - CIL,Madhya Pradesh,2026-07,56.25,MEDIUM,75.0,75.0,0.0,75.0,Physical progress (58.2%) is 41.8 points below expected progress (100.0%). | Completion date has been revised by 24 month(s) (from 03/2026 to 03/2028). | Cost is within (or close to) the originally approved budget. | Recent progress growth is stalled or negative (no measurable gain last month).
613803,JHIRIA WEST OCP [1.5 MTY],SECL - CIL,Madhya Pradesh,2026-07,16.25,LOW,25.0,0.0,0.0,75.0,No completion-date revision recorded (schedule risk based on original plan only). | Cost is within (or close to) the originally approved budget. | Recent progress growth is stalled or negative (no measurable gain last month).
613804,RPR TAWA-III UG 0.84 MTY,WCL - CIL,Madhya Pradesh,2026-07,42.5,MEDIUM,100.0,0.0,0.0,75.0,Physical progress (17.8%) is 69.5 points below expected progress (87.3%). | No completion-date revision recorded (schedule risk based on original plan only). | Cost is within (or close to) the originally approved budget. | Recent progress growth is stalled or negative (no measurable gain last month).
613808,MURAIDIH UG PROJECT,BCCL - CIL,Jharkhand,2026-07,63.75,HIGH,75.0,100.0,0.0,75.0,Physical progress (70.5%) is 29.5 points below expected progress (100.0%). | Completion date has been revised by 152 month(s) (from 04/2014 to 12/2026). | Cost is within (or close to) the originally approved budget. | Recent progress growth is stalled or negative (no measurable gain last month).
615183,KHADIA EXPANSION [10 TO 16 MTP,NCL - CIL,"Multi-States (Madhya Pradesh, Uttar Pradesh)",2026-07,56.25,MEDIUM,75.0,75.0,0.0,75.0,Physical progress (57.1%) is 42.9 points below expected progress (100.0%). | Completion date has been revised by 24 month(s) (from 03/2025 to 03/2027). | Cost is within (or close to) the originally approved budget. | Recent progress growth is stalled or negative (no measurable gain last month).
615184,SAONER UG MINE -1 EXPANSION 1.,WCL - CIL,Maharashtra,2026-07,16.25,LOW,25.0,0.0,0.0,75.0,No completion-date revision recorded (schedule risk based on original plan only). | Cost is within (or close to) the originally approved budget. | Recent progress growth is stalled or negative (no measurable gain last month).
615185,AMALGAMATED DHANKASA & JAMUNIA,WCL - CIL,Madhya Pradesh,2026-07,25.0,LOW,50.0,0.0,0.0,75.0,Physical progress (67.1%) is 18.1 points below expected progress (85.2%). | No completion-date revision recorded (schedule risk based on original plan only). | Cost is within (or close to) the originally approved budget. | Recent progress growth is stalled or negative (no measurable gain last month).
615186,SASTI EXPANSION OPENCAST,WCL - CIL,Maharashtra,2026-07,57.5,MEDIUM,100.0,50.0,0.0,75.0,Physical progress (32.2%) is 67.8 points below expected progress (100.0%). | Completion date has been revised by 12 month(s) (from 03/2026 to 03/2027). | Cost is within (or close to) the originally approved budget. | Recent progress growth is stalled or negative (no measurable gain last month).
615187,RPR OF VISHNUPURI UG TO OC,WCL - CIL,Madhya Pradesh,2026-07,33.75,MEDIUM,75.0,0.0,0.0,75.0,Physical progress (11.2%) is 46.7 points below expected progress (57.9%). | No completion-date revision recorded (schedule risk based on original plan only). | Cost is within (or close to) the originally approved budget. | Recent progress growth is stalled or negative (no measurable gain last month).
615188,NEW MAJRI UG TO OC 3 MTY COST,WCL - CIL,Maharashtra,2026-07,42.5,MEDIUM,100.0,0.0,0.0,75.0,Physical progress (24.2%) is 61.0 points below expected progress (85.2%). | No completion-date revision recorded (schedule risk based on original plan only). | Cost is within (or close to) the originally approved budget. | Recent progress growth is stalled or negative (no measurable gain last month).
615189,MAKARDHOKRA EXPN OC 4.9 MTY,WCL - CIL,Maharashtra,2026-07,57.5,MEDIUM,100.0,50.0,0.0,75.0,Physical progress (12.2%) is 87.8 points below expected progress (100.0%). | Completion date has been revised by 12 month(s) (from 03/2026 to 03/2027). | Cost is within (or close to) the originally approved budget. | Recent progress growth is stalled or negative (no measurable gain last month).
615190,SINGHORI DEEP OC MIN 2.0 MTY,WCL - CIL,Maharashtra,2026-07,42.5,MEDIUM,100.0,0.0,0.0,75.0,Physical progress (9.6%) is 51.3 points below expected progress (61.0%). | No completion-date revision recorded (schedule risk based on original plan only). | Cost is within (or close to) the originally approved budget. | Recent progress growth is stalled or negative (no measurable gain last month).
615191,KATKONA RO UG MINE,SECL - CIL,Chhattisgarh,2026-07,42.5,MEDIUM,100.0,0.0,0.0,75.0,Physical progress (2.0%) is 54.8 points below expected progress (56.8%). | No completion-date revision recorded (schedule risk based on original plan only). | Cost is within (or close to) the originally approved budget. | Recent progress growth is stalled or negative (no measurable gain last month).
615192,GOKUL EXTENSION OC MINE,WCL - CIL,Maharashtra,2026-07,57.5,MEDIUM,100.0,50.0,0.0,75.0,Physical progress (8.4%) is 91.6 points below expected progress (100.0%). | Completion date has been revised by 12 month(s) (from 03/2026 to 03/2027). | Cost is within (or close to) the originally approved budget. | Recent progress growth is stalled or negative (no measurable gain last month).
615193,BASUNDHARA WEST EXTENSION OPEN,MCL - CIL,Odisha,2026-04,62.5,HIGH,75.0,100.0,0.0,,Physical progress (67.6%) is 32.4 points below expected progress (100.0%). | Completion date has been revised by 120 month(s) (from 03/2019 to 03/2029). | Cost is within (or close to) the originally approved budget. | Recent progress trend could not be assessed (no prior month to compare).
615194,URDHAN EXPANSION OC COST PLUS,WCL - CIL,Madhya Pradesh,2026-07,33.75,MEDIUM,75.0,0.0,0.0,75.0,Physical progress (2.0%) is 40.8 points below expected progress (42.9%). | No completion-date revision recorded (schedule risk based on original plan only). | Cost is within (or close to) the originally approved budget. | Recent progress growth is stalled or negative (no measurable gain last month).
615195,SHARDA UG MINE,WCL - CIL,Madhya Pradesh,2026-07,42.5,MEDIUM,100.0,0.0,0.0,75.0,Physical progress (9.4%) is 53.6 points below expected progress (63.0%). | No completion-date revision recorded (schedule risk based on original plan only). | Cost is within (or close to) the originally approved budget. | Recent progress growth is stalled or negative (no measurable gain last month).
615199,KOLGAON EXPANSION DEEP OC MINE,WCL - CIL,Maharashtra,2026-07,37.5,MEDIUM,100.0,0.0,0.0,25.0,Physical progress (3.9%) is 77.0 points below expected progress (81.0%). | No completion-date revision recorded (schedule risk based on original plan only). | Cost is within (or close to) the originally approved budget. | Recent progress growth is healthy (~1.11 points/month).
615202,Capacity expansion of Deposit-14 and 14 NMZ at Kirandul,National Mineral Development Corporation Limited [NMDC],Chhattisgarh,2026-07,31.25,MEDIUM,75.0,0.0,20.0,0.0,Physical progress (23.1%) is 39.2 points below expected progress (62.3%). | Completion date has not slipped versus the original plan. | Cost is within (or close to) the originally approved budget. | Recent progress growth is healthy (~4.79 points/month).
615206,GANDHIGRAM UG MINE,WCL - CIL,Madhya Pradesh,2026-07,48.75,MEDIUM,75.0,50.0,0.0,75.0,Physical progress (56.9%) is 43.1 points below expected progress (100.0%). | Completion date has been revised by 12 month(s) (from 03/2026 to 03/2027). | Cost is within (or close to) the originally approved budget. | Recent progress growth is stalled or negative (no measurable gain last month).
615327,50 MW Solar PP Minedout Area,NLC India Limited [NLCIL],Tamil Nadu,2026-04,16.67,LOW,0.0,50.0,0.0,,Physical progress (100.0%) is on track or ahead of expected progress (100.0%). | Completion date has been revised by 9 month(s) (from 03/2025 to 12/2025). | Cost is within (or close to) the originally approved budget. | Recent progress trend could not be assessed (no prior month to compare).
615330,BALLARPUR NORTH WEST OC MINE,WCL - CIL,Maharashtra,2026-07,42.5,MEDIUM,100.0,0.0,0.0,75.0,Physical progress (5.3%) is 52.0 points below expected progress (57.3%). | No completion-date revision recorded (schedule risk based on original plan only). | Cost is within (or close to) the originally approved budget. | Recent progress growth is stalled or negative (no measurable gain last month).
615331,GADEGAON OC 3 MTY,WCL - CIL,Maharashtra,2026-07,33.75,MEDIUM,75.0,0.0,0.0,75.0,Physical progress (2.2%) is 40.7 points below expected progress (42.9%). | No completion-date revision recorded (schedule risk based on original plan only). | Cost is within (or close to) the originally approved budget. | Recent progress growth is stalled or negative (no measurable gain last month).
615332,Transmission System for Evacuation of Power from Rajasthan REZ Ph-IV [Part-2 5.5 GW][Jaisalmer/Barmer Complex] Part B [SPV Name POWERGRID Sirohi Transmission Limited],Power Grid Corporation of India Limited [POWERGRID],Rajasthan,2026-07,41.25,MEDIUM,75.0,50.0,0.0,0.0,Physical progress (56.1%) is 39.7 points below expected progress (95.8%). | Completion date has been revised by 7 month(s) (from 08/2026 to 03/2027). | Cost is within (or close to) the originally approved budget. | Recent progress growth is healthy (~3.32 points/month).
615333,Transmission System for Evacuation of Power from Rajasthan REZ Ph-IV [Part-2 5.5 GW] [Jaisalmer/Barmer Complex] Part D [SPV Name POWERGRID Beawar Mandsaur Transmission Limited],Power Grid Corporation of India Limited [POWERGRID],"Multi-States (Madhya Pradesh, Rajasthan)",2026-07,35.25,MEDIUM,75.0,30.0,0.0,0.0,Physical progress (49.3%) is 46.5 points below expected progress (95.8%). | Completion date has been revised by 4 month(s) (from 08/2026 to 12/2026). | Cost is within (or close to) the originally approved budget. | Recent progress growth is healthy (~2.60 points/month).
615334,Transmission System for Evacuation of Power from Rajasthan REZ Ph-IV [Part-2 5.5 GW] [Jaisalmer/Barmer Complex] Part E [SPV Name POWERGRID Mewar Transmission Limited],Power Grid Corporation of India Limited [POWERGRID],"Multi-States (Madhya Pradesh, Rajasthan)",2026-07,41.25,MEDIUM,75.0,50.0,0.0,0.0,Physical progress (46.9%) is 49.0 points below expected progress (95.8%). | Completion date has been revised by 8 month(s) (from 08/2026 to 04/2027). | Cost is within (or close to) the originally approved budget. | Recent progress growth is healthy (~2.54 points/month).
615335,Transmission System Strengthening for Interconnections of Bhadla-III & Bikaner III Complex [SPV Name POWERGRID BHADLA BIKANER TRANSMISSION LIMITED],Power Grid Corporation of India Limited [POWERGRID],Rajasthan,2026-07,41.25,MEDIUM,75.0,50.0,0.0,0.0,Physical progress (57.3%) is 38.5 points below expected progress (95.8%). | Completion date has been revised by 7 month(s) (from 08/2026 to 03/2027). | Cost is within (or close to) the originally approved budget. | Recent progress growth is healthy (~8.48 points/month).
615336,Transmission system for evacuation of Power from REZ in Rajasthan [20 GW] under phase-III Part-D Phase-II,Power Grid Corporation of India Limited [POWERGRID],Delhi,2026-07,50.0,MEDIUM,100.0,50.0,0.0,0.0,Physical progress (45.9%) is 54.1 points below expected progress (100.0%). | Completion date has been revised by 10 month(s) (from 02/2026 to 12/2026). | Cost is within (or close to) the originally approved budget. | Recent progress growth is healthy (~12.31 points/month).
615337,Additional Transmission System for evacuation of Power from Bhadla-III PS as part of Rajasthan REZ Phase III Scheme [20 GW] [SPV Name POWERGRID Bhadla-III Power Transmission Limited],Power Grid Corporation of India Limited [POWERGRID],Rajasthan,2026-07,32.5,MEDIUM,50.0,50.0,0.0,0.0,Physical progress (87.1%) is 12.9 points below expected progress (100.0%). | Completion date has been revised by 7 month(s) (from 02/2026 to 09/2026). | Cost is within (or close to) the originally approved budget. | Recent progress growth is healthy (~5.00 points/month).
615338,TRANSMISSION SYSTEM FOR EVACUATION OF POWER FROM RAJASTHAN REZ PH -IV [PART-2 5.5 GW] [JAISALMER/BARMER COMPLEX] PART F [SPV Name POWERGRID BARMER I TRANSMISSION LIMITED],Power Grid Corporation of India Limited [POWERGRID],Rajasthan,2026-07,41.25,MEDIUM,75.0,50.0,0.0,0.0,Physical progress (47.3%) is 36.0 points below expected progress (83.3%). | Completion date has been revised by 7 month(s) (from 11/2026 to 06/2027). | Cost is within (or close to) the originally approved budget. | Recent progress growth is healthy (~4.28 points/month).
615339,Transmission system for evacuation of power from Rajasthan REZ Ph-IV [Part- 3/6GW] [Bikaner complex] Part A [SPV Name POWERGRID Bikaner IV Transmission Limited],Power Grid Corporation of India Limited [POWERGRID],"Multi-States (Haryana, Punjab, Rajasthan)",2026-07,44.0,MEDIUM,100.0,30.0,0.0,0.0,Physical progress (33.3%) is 50.0 points below expected progress (83.3%). | Completion date has been revised by 5 month(s) (from 11/2026 to 04/2027). | Cost is within (or close to) the originally approved budget. | Recent progress growth is healthy (~2.70 points/month).
615340,TRANSMISSION SYSTEM FOR EVACUATION OF POWER FROM RAJASTHAN REZ PH-IV [PART-3/ 6 GW] [BIKANER COMPLEX] PART B [SPV Name POWERGRID Siwani Transmission Limited],Power Grid Corporation of India Limited [POWERGRID],"Multi-States (Haryana, Rajasthan)",2026-07,35.25,MEDIUM,75.0,30.0,0.0,0.0,Physical progress (36.5%) is 46.8 points below expected progress (83.3%). | Completion date has been revised by 4 month(s) (from 11/2026 to 03/2027). | Cost is within (or close to) the originally approved budget. | Recent progress growth is healthy (~2.52 points/month).
615342,Augmentation of Transformation Capacity at jam Khambhaliya PS [GIS] [SPV Name POWERGRID Jam Khambhaliya Transmission Limited],Power Grid Corporation of India Limited [POWERGRID],Gujarat,2026-07,50.0,MEDIUM,100.0,50.0,0.0,0.0,Physical progress (33.0%) is 67.0 points below expected progress (100.0%). | Completion date has been revised by 9 month(s) (from 07/2026 to 04/2027). | Cost is within (or close to) the originally approved budget. | Recent progress growth is healthy (~15.00 points/month).
615343,Provision of Dynamic Reactive Compensation at Khavda pooling Station 1 [KPS1] and Khavda Pooling station 3 [KPS3],Power Grid Corporation of India Limited [POWERGRID],Gujarat,2026-07,42.5,MEDIUM,100.0,0.0,0.0,75.0,Physical progress (8.7%) is 74.7 points below expected progress (83.3%). | No completion-date revision recorded (schedule risk based on original plan only). | Cost is within (or close to) the originally approved budget. | Recent progress growth is stalled or negative (no measurable gain last month).
615344,Transmission System for Evacuation of Power from Rajasthan REZ Ph-IV [Part-2 5.5GW] [Jaisalmer/Barmer Complex] Part H1 [POWERGRID KURAWAR TRANSMISSION LIMITED],Power Grid Corporation of India Limited [POWERGRID],Madhya Pradesh,2026-07,41.25,MEDIUM,75.0,50.0,0.0,0.0,Physical progress (47.9%) is 39.6 points below expected progress (87.5%). | Completion date has been revised by 8 month(s) (from 10/2026 to 06/2027). | Cost is within (or close to) the originally approved budget. | Recent progress growth is healthy (~2.40 points/month).
615345,Transmission System for Evacuation of Power from Potential Renewable Energy Zone in Khavda area of Gujarat under Phase-IV [7GW] Part B [SPV Name POWERGRID South Olpad Transmission Limited],Power Grid Corporation of India Limited [POWERGRID],Gujarat,2026-07,43.75,MEDIUM,75.0,50.0,0.0,25.0,Physical progress (38.3%) is 49.2 points below expected progress (87.5%). | Completion date has been revised by 12 month(s) (from 10/2026 to 10/2027). | Cost is within (or close to) the originally approved budget. | Recent progress growth is healthy (~1.69 points/month).
615346,Transmission System for Evacuation of Power from Rajasthan REZ Ph-IV [Part-2 5.5 GW] [Jaisalmer/Barmer Complex] Part C [SPV Name POWERGRID Mandsaur Transmission Limited],Power Grid Corporation of India Limited [POWERGRID],Madhya Pradesh,2026-07,29.0,LOW,50.0,30.0,0.0,25.0,Physical progress (72.4%) is 23.4 points below expected progress (95.8%). | Completion date has been revised by 6 month(s) (from 08/2026 to 02/2027). | Cost is within (or close to) the originally approved budget. | Recent progress growth is healthy (~1.43 points/month).
615347,TRANSMISSION SYSTEM FOR EVACUATION OF POWER FROM POTENTIAL RENEWABLE ENERGY ZONE IN KHAVDA AREA OF GUJARAT UNDER PHASE-V [8 GW] PART A [SPV Name POWERGRID West Central Transmission Limited],Power Grid Corporation of India Limited [POWERGRID],"Multi-States (Gujarat, Maharashtra)",2026-07,22.5,LOW,50.0,0.0,0.0,50.0,Physical progress (18.6%) is 18.5 points below expected progress (37.0%). | No completion-date revision recorded (schedule risk based on original plan only). | Cost is within (or close to) the originally approved budget. | Recent progress growth is low (~0.45 points/month).
615349,TAPIN SOUTH EXPN,CCL - CIL,Jharkhand,2026-07,42.5,MEDIUM,100.0,0.0,0.0,75.0,Physical progress (23.7%) is 53.6 points below expected progress (77.3%). | No completion-date revision recorded (schedule risk based on original plan only). | Cost is within (or close to) the originally approved budget. | Recent progress growth is stalled or negative (no measurable gain last month).
615818,Jawahar Khani Open Cast Mine,Singareni Collieries Company Limited [SCCL],Telangana,2026-07,65.0,HIGH,100.0,75.0,0.0,75.0,Physical progress (20.0%) is 80.0 points below expected progress (100.0%). | Completion date has been revised by 24 month(s) (from 03/2025 to 03/2027). | Cost is within (or close to) the originally approved budget. | Recent progress growth is stalled or negative (no measurable gain last month).
615820,TIKAK EXTENSION OCP,INVALID CO.,Assam,2026-07,7.5,LOW,0.0,0.0,0.0,75.0,Physical progress (89.7%) is on track or ahead of expected progress (44.4%). | No completion-date revision recorded (schedule risk based on original plan only). | Cost is within (or close to) the originally approved budget. | Recent progress growth is stalled or negative (no measurable gain last month).
615821,TIRAP OCP,INVALID CO.,Assam,2026-07,36.25,MEDIUM,75.0,0.0,0.0,100.0,Physical progress (5.0%) is 40.8 points below expected progress (45.8%). | No completion-date revision recorded (schedule risk based on original plan only). | Cost is within (or close to) the originally approved budget. | Recent progress growth is stalled or negative (no measurable gain last month).
615822,SIRKA OC,CCL - CIL,Jharkhand,2026-07,25.0,LOW,50.0,0.0,0.0,75.0,Physical progress (56.5%) is 22.2 points below expected progress (78.7%). | No completion-date revision recorded (schedule risk based on original plan only). | Cost is within (or close to) the originally approved budget. | Recent progress growth is stalled or negative (no measurable gain last month).
615843,TETARIAKHAR OC,CCL - CIL,Jharkhand,2026-07,65.0,HIGH,100.0,75.0,0.0,75.0,Physical progress (30.1%) is 69.9 points below expected progress (100.0%). | Completion date has been revised by 24 month(s) (from 03/2025 to 03/2027). | Cost is within (or close to) the originally approved budget. | Recent progress growth is stalled or negative (no measurable gain last month).
615857,Naini Coal Mine,Singareni Collieries Company Limited [SCCL],Odisha,2026-07,25.0,LOW,50.0,0.0,0.0,75.0,Physical progress (80.0%) is 20.0 points below expected progress (100.0%). | No completion-date revision recorded (schedule risk based on original plan only). | Cost is within (or close to) the originally approved budget. | Recent progress growth is stalled or negative (no measurable gain last month).
615858,Kalyanikhani Opencast Project,Singareni Collieries Company Limited [SCCL],Telangana,2026-07,20.0,LOW,50.0,0.0,0.0,25.0,Physical progress (77.0%) is 23.0 points below expected progress (100.0%). | No completion-date revision recorded (schedule risk based on original plan only). | Cost is within (or close to) the originally approved budget. | Recent progress growth is healthy (~1.00 points/month).
615860,Godavarikhani Coal Mine - 5,Singareni Collieries Company Limited [SCCL],Telangana,2026-07,48.75,MEDIUM,75.0,50.0,0.0,75.0,Physical progress (71.0%) is 29.0 points below expected progress (100.0%). | Completion date has been revised by 12 month(s) (from 03/2025 to 03/2026). | Cost is within (or close to) the originally approved budget. | Recent progress growth is stalled or negative (no measurable gain last month).
615861,Indaram Opencast Project,Singareni Collieries Company Limited [SCCL],Telangana,2026-07,40.0,MEDIUM,50.0,50.0,0.0,75.0,Physical progress (81.0%) is 19.0 points below expected progress (100.0%). | Completion date has been revised by 12 month(s) (from 03/2025 to 03/2026). | Cost is within (or close to) the originally approved budget. | Recent progress growth is stalled or negative (no measurable gain last month).
615862,Goleti Opencast Mine,Singareni Collieries Company Limited [SCCL],Telangana,2026-07,42.5,MEDIUM,100.0,0.0,0.0,75.0,Physical progress (33.0%) is 67.0 points below expected progress (100.0%). | No completion-date revision recorded (schedule risk based on original plan only). | Cost is within (or close to) the originally approved budget. | Recent progress growth is stalled or negative (no measurable gain last month).
615863,Venkatesh Khani Coal Mine,Singareni Collieries Company Limited [SCCL],Telangana,2026-07,16.25,LOW,25.0,0.0,0.0,75.0,No completion-date revision recorded (schedule risk based on original plan only). | Cost is within (or close to) the originally approved budget. | Recent progress growth is stalled or negative (no measurable gain last month).
615865,Kakatiyakhani OC - 2 Project,Singareni Collieries Company Limited [SCCL],Telangana,2026-07,43.75,MEDIUM,75.0,50.0,0.0,25.0,Physical progress (64.0%) is 36.0 points below expected progress (100.0%). | Completion date has been revised by 12 month(s) (from 03/2025 to 03/2026). | Cost is within (or close to) the originally approved budget. | Recent progress growth is healthy (~1.00 points/month).
615914,GHONSA EXPANSION DEEP OC MINE,WCL - CIL,Maharashtra,2026-07,42.5,MEDIUM,100.0,0.0,0.0,75.0,Physical progress (13.0%) is 53.3 points below expected progress (66.3%). | No completion-date revision recorded (schedule risk based on original plan only). | Cost is within (or close to) the originally approved budget. | Recent progress growth is stalled or negative (no measurable gain last month).
615915,Rourkela-Bondamunda A-Cabin 5th line 10 km Umbrella work PB57/2019-20/NR,CAO/C/SER SER mor,Odisha,2026-07,72.5,HIGH,100.0,100.0,0.0,75.0,Physical progress (45.0%) is 55.0 points below expected progress (100.0%). | Completion date has been revised by 26 month(s) (from 09/2024 to 11/2026). | Cost is within (or close to) the originally approved budget. | Recent progress growth is stalled or negative (no measurable gain last month).
615916,AMLG GAURI PAUNI EXPANSION OC,WCL - CIL,Maharashtra,2026-07,33.75,MEDIUM,75.0,0.0,0.0,75.0,Physical progress (4.2%) is 33.8 points below expected progress (38.0%). | No completion-date revision recorded (schedule risk based on original plan only). | Cost is within (or close to) the originally approved budget. | Recent progress growth is stalled or negative (no measurable gain last month).
615917,GAURIDEEP/GAURI CENTRAL OCP 7.,WCL - CIL,Maharashtra,2026-07,33.75,MEDIUM,75.0,0.0,0.0,75.0,Physical progress (2.3%) is 33.9 points below expected progress (36.2%). | No completion-date revision recorded (schedule risk based on original plan only). | Cost is within (or close to) the originally approved budget. | Recent progress growth is stalled or negative (no measurable gain last month).
615918,RPR OF BHANEGAON OC,WCL - CIL,Maharashtra,2026-07,42.5,MEDIUM,100.0,0.0,0.0,75.0,Physical progress (16.1%) is 53.6 points below expected progress (69.7%). | No completion-date revision recorded (schedule risk based on original plan only). | Cost is within (or close to) the originally approved budget. | Recent progress growth is stalled or negative (no measurable gain last month).
615919,N. EXTN. MUNGOLI NIRGUDA D OCP,WCL - CIL,Maharashtra,2026-07,25.0,LOW,50.0,0.0,0.0,75.0,Physical progress (27.9%) is 15.9 points below expected progress (43.9%). | No completion-date revision recorded (schedule risk based on original plan only). | Cost is within (or close to) the originally approved budget. | Recent progress growth is stalled or negative (no measurable gain last month).
615982,NILJAI EXPANSION DEEP OCP,WCL - CIL,Maharashtra,2026-07,55.0,MEDIUM,50.0,100.0,0.0,75.0,Physical progress (79.8%) is 20.2 points below expected progress (100.0%). | Completion date has been revised by 60 month(s) (from 03/2022 to 03/2027). | Cost is within (or close to) the originally approved budget. | Recent progress growth is stalled or negative (no measurable gain last month).
616044,UKNI DEEP OC MINE -COST PLUS,WCL - CIL,Maharashtra,2026-07,46.25,MEDIUM,25.0,100.0,0.0,75.0,Completion date has been revised by 72 month(s) (from 03/2021 to 03/2027). | Cost is within (or close to) the originally approved budget. | Recent progress growth is stalled or negative (no measurable gain last month).
616050,AMALGAMATED INDER-KAMPTEE DEEP,WCL - CIL,Maharashtra,2026-07,46.25,MEDIUM,25.0,100.0,0.0,75.0,Completion date has been revised by 36 month(s) (from 03/2024 to 03/2027). | Cost is within (or close to) the originally approved budget. | Recent progress growth is stalled or negative (no measurable gain last month).
616221,"Extension of Aqua Line Metro Corridor from Noida Sector-142 station to Botanical Garden, Noida of Noida Metro Rail Corporation",Noida Metro Rail Corporation Ltd. [NMRCL],Uttar Pradesh,2026-07,16.25,LOW,25.0,0.0,0.0,75.0,No completion-date revision recorded (schedule risk based on original plan only). | Cost is within (or close to) the originally approved budget. | Recent progress growth is stalled or negative (no measurable gain last month).
616223,ADASA UG TO OC MINE,WCL - CIL,Maharashtra,2026-07,55.0,MEDIUM,50.0,100.0,0.0,75.0,Physical progress (86.5%) is 13.5 points below expected progress (100.0%). | Completion date has been revised by 36 month(s) (from 03/2024 to 03/2027). | Cost is within (or close to) the originally approved budget. | Recent progress growth is stalled or negative (no measurable gain last month).
616225,CHUPERBHITA SIMLONG OCP MDO 6,ECL - CIL,Jharkhand,2026-07,25.0,LOW,50.0,0.0,0.0,75.0,Physical progress (0.1%) is 19.4 points below expected progress (19.5%). | No completion-date revision recorded (schedule risk based on original plan only). | Cost is within (or close to) the originally approved budget. | Recent progress growth is stalled or negative (no measurable gain last month).
616226,INTEGRATED KULDA GARJANBAHAL O,MCL - CIL,Odisha,2026-07,22.5,LOW,50.0,0.0,0.0,50.0,Physical progress (10.4%) is 22.3 points below expected progress (32.8%). | No completion-date revision recorded (schedule risk based on original plan only). | Cost is within (or close to) the originally approved budget. | Recent progress growth is low (~0.19 points/month).
616227,3rd line between Chandil - Anara- Damodar section 121.26 km,CAO/C/SER SER mor,"Multi-States (Jharkhand, West Bengal)",2026-07,33.75,MEDIUM,75.0,0.0,0.0,75.0,Physical progress (0.0%) is 36.7 points below expected progress (36.7%). | No completion-date revision recorded (schedule risk based on original plan only). | Cost is within (or close to) the originally approved budget. | Recent progress growth is stalled or negative (no measurable gain last month).
616229,AMAL GONDEGAON GHATROHANA EXPN,WCL - CIL,Maharashtra,2026-07,33.75,MEDIUM,75.0,0.0,0.0,75.0,Physical progress (2.5%) is 38.2 points below expected progress (40.7%). | No completion-date revision recorded (schedule risk based on original plan only). | Cost is within (or close to) the originally approved budget. | Recent progress growth is stalled or negative (no measurable gain last month).
616230,PARASCOLE JAMBAD OCP,ECL - CIL,West Bengal,2026-07,25.0,LOW,50.0,0.0,0.0,75.0,Physical progress (0.2%) is 13.3 points below expected progress (13.5%). | No completion-date revision recorded (schedule risk based on original plan only). | Cost is within (or close to) the originally approved budget. | Recent progress growth is stalled or negative (no measurable gain last month).
616231,BHUBANESWARI EXPN OCP 50 MTY,MCL - CIL,Odisha,2026-07,5.0,LOW,0.0,0.0,0.0,50.0,Physical progress (34.0%) is on track or ahead of expected progress (25.9%). | No completion-date revision recorded (schedule risk based on original plan only). | Cost is within (or close to) the originally approved budget. | Recent progress growth is low (~0.07 points/month).
616232,HINGULA II OC EXPN PH III 15 M,MCL - CIL,Odisha,2026-07,17.5,LOW,50.0,0.0,0.0,0.0,Physical progress (33.5%) is 24.3 points below expected progress (57.9%). | No completion-date revision recorded (schedule risk based on original plan only). | Cost is within (or close to) the originally approved budget. | Recent progress growth is healthy (~2.50 points/month).
616233,BALABHADRA OCP,MCL - CIL,Odisha,2026-07,31.25,MEDIUM,75.0,0.0,0.0,50.0,Physical progress (18.9%) is 28.1 points below expected progress (47.0%). | No completion-date revision recorded (schedule risk based on original plan only). | Cost is within (or close to) the originally approved budget. | Recent progress growth is low (~0.72 points/month).
616234,PELMA OC MDO,SECL - CIL,Chhattisgarh,2026-07,27.5,LOW,50.0,0.0,0.0,100.0,Physical progress (23.8%) is 12.2 points below expected progress (36.0%). | No completion-date revision recorded (schedule risk based on original plan only). | Cost is within (or close to) the originally approved budget. | Recent progress growth is stalled or negative (no measurable gain last month).
616236,JARANGDIH EXPN. OCP 1.5 MTY,CCL - CIL,Jharkhand,2026-07,31.25,MEDIUM,75.0,0.0,0.0,50.0,Physical progress (33.0%) is 37.6 points below expected progress (70.6%). | No completion-date revision recorded (schedule risk based on original plan only). | Cost is within (or close to) the originally approved budget. | Recent progress growth is low (~0.16 points/month).
616253,BLOCK E OCP,BCCL - CIL,Jharkhand,2026-07,33.75,MEDIUM,75.0,0.0,0.0,75.0,Physical progress (4.2%) is 42.5 points below expected progress (46.7%). | No completion-date revision recorded (schedule risk based on original plan only). | Cost is within (or close to) the originally approved budget. | Recent progress growth is stalled or negative (no measurable gain last month).
616254,Visakh Raipur Pipeline Project,Hindustan Petroleum Corporation Limited,"Multi-States (Chhattisgarh, Odisha)",2026-07,20.0,LOW,50.0,0.0,0.0,25.0,Physical progress (38.4%) is 22.7 points below expected progress (61.1%). | No completion-date revision recorded (schedule risk based on original plan only). | Cost is within (or close to) the originally approved budget. | Recent progress growth is healthy (~1.30 points/month).
616586,Bangriposi - Gorumahisani 85.60 km PB9/SECR/2023-24,CAO/C/SER SER mor,"Multi-States (Odisha, West Bengal)",2026-07,26.25,LOW,75.0,0.0,0.0,0.0,Physical progress (2.0%) is 33.9 points below expected progress (35.9%). | No completion-date revision recorded (schedule risk based on original plan only). | Cost is within (or close to) the originally approved budget. | Recent progress growth is healthy (~2.00 points/month).
616587,Badampahar-Kendujhargarh new line [82.06 km],CAO/C/SER,Odisha,2026-06,25.0,LOW,50.0,0.0,0.0,75.0,Physical progress (0.0%) is 17.6 points below expected progress (17.6%). | No completion-date revision recorded (schedule risk based on original plan only). | Cost is within (or close to) the originally approved budget. | Recent progress growth is stalled or negative (no measurable gain last month).
616588,Buramara - Chakulia 59.96 km PB9/SECR/2023-24,CAO/C/SER SER mor,"Multi-States (Jharkhand, Odisha, West Bengal)",2026-07,26.25,LOW,75.0,0.0,0.0,0.0,Physical progress (2.0%) is 33.9 points below expected progress (35.9%). | No completion-date revision recorded (schedule risk based on original plan only). | Cost is within (or close to) the originally approved budget. | Recent progress growth is healthy (~2.00 points/month).
616594,Interception & Diversion with Rehabilitation of sewerage scheme at Agra under Hybrid annuity based PPP model-Namami Gange Programme,National Mission for Clean Ganga,Uttar Pradesh,2026-07,47.5,MEDIUM,50.0,75.0,0.0,75.0,Physical progress (84.0%) is 16.0 points below expected progress (100.0%). | Completion date has been revised by 20 month(s) (from 04/2025 to 12/2026). | Cost is within (or close to) the originally approved budget. | Recent progress growth is stalled or negative (no measurable gain last month).
616600,Interception and Diversion and STP works in Bhagalpur under Hybrid annuity based PPP mode-Namami Gange Programme,National Mission for Clean Ganga,Bihar,2026-07,38.75,MEDIUM,25.0,75.0,0.0,75.0,Completion date has been revised by 22 month(s) (from 02/2025 to 12/2026). | Cost is within (or close to) the originally approved budget. | Recent progress growth is stalled or negative (no measurable gain last month).
616604,Pollution Abatement works for River Ganga at Hooghly Chinsurah- Municipal Town Interception & Diversion with STP,National Mission for Clean Ganga,West Bengal,2026-07,38.75,MEDIUM,25.0,75.0,0.0,75.0,Completion date has been revised by 17 month(s) (from 03/2025 to 08/2026). | Cost is within (or close to) the originally approved budget. | Recent progress growth is stalled or negative (no measurable gain last month).
616605,Pollution Abatement Works for River Kali Meerut under Meerut Municipality Interception & Diversion with STP,National Mission for Clean Ganga,Uttar Pradesh,2026-07,58.75,MEDIUM,75.0,100.0,0.0,25.0,Physical progress (57.0%) is 43.0 points below expected progress (100.0%). | Completion date has been revised by 27 month(s) (from 12/2024 to 03/2027). | Cost is within (or close to) the originally approved budget. | Recent progress growth is healthy (~1.00 points/month).
616611,Sewage Treatment Plant 100MLD and Sewerage Network 288 km in Digha-Patna under Hybrid annuity based PPP mode-Namami Gange Programme,National Mission for Clean Ganga,Bihar,2026-07,48.75,MEDIUM,75.0,50.0,0.0,75.0,Physical progress (59.0%) is 41.0 points below expected progress (100.0%). | Completion date has been revised by 9 month(s) (from 12/2025 to 09/2026). | Cost is within (or close to) the originally approved budget. | Recent progress growth is stalled or negative (no measurable gain last month).
616612,Sewage Treatment Plant 50MLD and Sewerage Network 150 km in Kankarbagh Patna under Hybrid annuity based PPP mode Namami Gange Programme,NMCG1,Bihar,2026-07,33.75,MEDIUM,75.0,0.0,0.0,75.0,Physical progress (55.0%) is 45.0 points below expected progress (100.0%). | No completion-date revision recorded (schedule risk based on original plan only). | Cost is within (or close to) the originally approved budget. | Recent progress growth is stalled or negative (no measurable gain last month).
616615,"Sewer Network, SPS and STP at Begusarai",National Mission for Clean Ganga,Bihar,2026-07,38.75,MEDIUM,25.0,75.0,0.0,75.0,Completion date has been revised by 20 month(s) (from 04/2025 to 12/2026). | Cost is within (or close to) the originally approved budget. | Recent progress growth is stalled or negative (no measurable gain last month).
616616,"Sewer Networks, SPS and STP at Hajipur",National Mission for Clean Ganga,Bihar,2026-07,38.75,MEDIUM,25.0,75.0,0.0,75.0,Completion date has been revised by 18 month(s) (from 06/2025 to 12/2026). | Cost is within (or close to) the originally approved budget. | Recent progress growth is stalled or negative (no measurable gain last month).
616670,Transmission System for evacuation of Power from Rajasthan REZ Ph-IV [Part-4 3.5 GW] Part A [SPV name POWERGRID Ghiror Transmission Limited],Power Grid Corporation of India Limited [POWERGRID],"Multi-States (Rajasthan, Uttar Pradesh)",2026-07,35.25,MEDIUM,75.0,30.0,0.0,0.0,Physical progress (40.7%) is 38.5 points below expected progress (79.2%). | Completion date has been revised by 6 month(s) (from 12/2026 to 06/2027). | Cost is within (or close to) the originally approved budget. | Recent progress growth is healthy (~3.04 points/month).
616671,Transmission System under ISTS for evacuation of Power from Kudankulam Unit-3&4 [2x1000 MW] [SPV Name POWERGRID Kudankulam Tarnsmission Limited],Power Grid Corporation of India Limited [POWERGRID],Tamil Nadu,2026-07,44.0,MEDIUM,100.0,30.0,0.0,0.0,Physical progress (23.8%) is 54.5 points below expected progress (78.3%). | Completion date has been revised by 3 month(s) (from 12/2026 to 03/2027). | Cost is within (or close to) the originally approved budget. | Recent progress growth is healthy (~3.29 points/month).
616672,System Strengthening at Koppal-II and GadagII for integration of RE generation projects [SPV Name POWERGRID Koppal Gadag Augmentation Transmission Limited],Power Grid Corporation of India Limited [POWERGRID],Karnataka,2026-07,17.5,LOW,50.0,0.0,0.0,0.0,Physical progress (38.1%) is 24.0 points below expected progress (62.1%). | No completion-date revision recorded (schedule risk based on original plan only). | Cost is within (or close to) the originally approved budget. | Recent progress growth is healthy (~3.47 points/month).
616691,"Upgradation & Extension of ESIC Hospital and Construction of PG Hostel / Staff Housing for ESIC Hospital at Andheri, Mumbai",Employee's State Insurance Company [ESIC],Maharashtra,2026-07,47.5,MEDIUM,50.0,75.0,0.0,75.0,Physical progress (89.0%) is 11.0 points below expected progress (100.0%). | Completion date has been revised by 13 month(s) (from 08/2025 to 09/2026). | Cost is within (or close to) the originally approved budget. | Recent progress growth is stalled or negative (no measurable gain last month).
616694,Flyover between Siju & Paradeep coaching yard 7 km PB73/2023-24/NR,CAO/C/ECOR ECoR mor,Odisha,2026-07,45.0,MEDIUM,100.0,0.0,0.0,100.0,Physical progress (0.0%) is 57.9 points below expected progress (57.9%). | No completion-date revision recorded (schedule risk based on original plan only). | Cost is within (or close to) the originally approved budget. | Recent progress growth is stalled or negative (no measurable gain last month).
616695,Construction of Paradeep- Badabandha 3rd & 4th line 18.51 km PB34/ECOR/2023-24,CAO/C/ECOR ECoR mor,Odisha,2026-07,27.5,LOW,50.0,0.0,0.0,100.0,Physical progress (7.0%) is 15.2 points below expected progress (22.2%). | No completion-date revision recorded (schedule risk based on original plan only). | Cost is within (or close to) the originally approved budget. | Recent progress growth is stalled or negative (no measurable gain last month).
616697,3rd & 4 th line Vadlapudi-Gate Jn. incl. tie line between Gangavaram Port- Visakhapatnam Steel Plant12.04 km PB73/2023-24/NR,CAO/C/SCoR SCoR mor,Andhra Pradesh,2026-07,17.5,LOW,50.0,0.0,0.0,0.0,Physical progress (87.0%) is 13.0 points below expected progress (100.0%). | No completion-date revision recorded (schedule risk based on original plan only). | Cost is within (or close to) the originally approved budget. | Recent progress growth is healthy (~7.00 points/month).
616699,Multi tracking of Son Nagar-Andal 374.53 rkm & 814.38 tkm PB34/ECOR/2023-24,CAO/Con/South/MHX ECR mor,"Multi-States (Bihar, Jharkhand, Uttar Pradesh, West Bengal)",2026-07,36.25,MEDIUM,75.0,0.0,0.0,100.0,Physical progress (3.0%) is 30.3 points below expected progress (33.3%). | No completion-date revision recorded (schedule risk based on original plan only). | Cost is within (or close to) the originally approved budget. | Recent progress growth is stalled or negative (no measurable gain last month).
616701,Lumding-Furkating section 140 km Umbrella work PB57/2019-20/NR,CAO/C-1/NFR NFR mor,Assam,2026-07,36.25,MEDIUM,75.0,0.0,0.0,100.0,Physical progress (1.0%) is 43.1 points below expected progress (44.1%). | No completion-date revision recorded (schedule risk based on original plan only). | Cost is within (or close to) the originally approved budget. | Recent progress growth is stalled or negative (no measurable gain last month).
616839,Gunupur - Therubali new line 73.62 km,CAO/C/ECOR ECoR mor,Odisha,2026-07,16.25,LOW,25.0,0.0,0.0,75.0,No completion-date revision recorded (schedule risk based on original plan only). | Cost is within (or close to) the originally approved budget. | Recent progress growth is stalled or negative (no measurable gain last month).
616841,Pushkar - Merta Katyasani 51.346 km,CAOC/NWR NWR mor,Rajasthan,2026-07,67.5,HIGH,100.0,75.0,0.0,100.0,Physical progress (7.0%) is 75.1 points below expected progress (82.1%). | Completion date has been revised by 24 month(s) (from 12/2026 to 12/2028). | Cost is within (or close to) the originally approved budget. | Recent progress growth is stalled or negative (no measurable gain last month).
616842,LUNI- SAMDARI- BHILDI DOUBLING,North Western Railway [NWR],"Multi-States (Gujarat, Rajasthan)",2026-07,33.75,MEDIUM,75.0,0.0,0.0,75.0,Physical progress (36.0%) is 34.7 points below expected progress (70.7%). | No completion-date revision recorded (schedule risk based on original plan only). | Cost is within (or close to) the originally approved budget. | Recent progress growth is stalled or negative (no measurable gain last month).
616843,Ajmer-Chanderiya section 178.28 km Umbrella work PB57/2019-20/NR,CAOC/NWR NWR mor,Rajasthan,2026-07,43.75,MEDIUM,75.0,50.0,0.0,25.0,Physical progress (23.0%) is 43.7 points below expected progress (66.7%). | Completion date has been revised by 9 month(s) (from 06/2027 to 03/2028). | Cost is within (or close to) the originally approved budget. | Recent progress growth is healthy (~1.00 points/month).
616856,Doubling between Bhadrachalam Road and Dornakal,South Central Railway [SCR] - II,Telangana,2026-06,33.75,MEDIUM,75.0,0.0,0.0,75.0,Physical progress (0.1%) is 29.1 points below expected progress (29.2%). | No completion-date revision recorded (schedule risk based on original plan only). | Cost is within (or close to) the originally approved budget. | Recent progress growth is stalled or negative (no measurable gain last month).
616857,Doubling between Motumari Vishnupuram 88.81 km and Rail over Rail RoR at Motumari 10.877 Km,CAO/C/SCoR SCoR mor,"Multi-States (Andhra Pradesh, Telangana)",2026-07,8.75,LOW,25.0,0.0,0.0,0.0,No completion-date revision recorded (schedule risk based on original plan only). | Cost is within (or close to) the originally approved budget. | Recent progress growth is healthy (~19.95 points/month).
616858,"Construction of Field Gas Gathering Station at Baghjan area for collection, processing & transportation of natural Gas to be produced from Baghjan Field",Oil India Limited,Assam,2026-07,41.25,MEDIUM,25.0,100.0,0.0,25.0,Completion date has been revised by 32 month(s) (from 03/2024 to 11/2026). | Cost is within (or close to) the originally approved budget. | Recent progress growth is healthy (~1.40 points/month).
616879,Demo Bio-ATF Project,Mangalore Refinery and Petrochemicals Limited,Karnataka,2026-07,26.25,LOW,75.0,0.0,0.0,0.0,Physical progress (54.8%) is 27.6 points below expected progress (82.3%). | No completion-date revision recorded (schedule risk based on original plan only). | Cost is within (or close to) the originally approved budget. | Recent progress growth is healthy (~3.70 points/month).
616886,Delhi University Eastern Campus at Surajmal Vihar,Delhi University,Delhi,2026-07,37.5,MEDIUM,100.0,0.0,0.0,25.0,Physical progress (14.0%) is 70.2 points below expected progress (84.2%). | No completion-date revision recorded (schedule risk based on original plan only). | Cost is within (or close to) the originally approved budget. | Recent progress growth is healthy (~1.00 points/month).
616933,Lube Modernization & Bottom Upgradation Project at Mumbai Refinery,Hindustan Petroleum Corporation Limited,Maharashtra,2026-07,67.5,HIGH,75.0,75.0,65.0,25.0,Physical progress (14.1%) is 34.6 points below expected progress (48.7%). | Completion date has been revised by 17 month(s) (from 03/2028 to 08/2029). | Cost overrun of 28.4% (original Rs. 4679.00 Cr -> revised Rs. 6008.00 Cr). | Recent progress growth is healthy (~1.80 points/month).
616950,PRP-VIII [Group-A],Oil and Natural Gas Corporation Limited [ONGC],Offshore,2026-07,31.25,MEDIUM,75.0,0.0,0.0,50.0,Physical progress (60.2%) is 39.8 points below expected progress (100.0%). | No completion-date revision recorded (schedule risk based on original plan only). | Cost is within (or close to) the originally approved budget. | Recent progress growth is low (~0.60 points/month).
616983,Kosamba Umarpada GC PROJECT,Ministry of Railways-,Gujarat,2026-07,42.5,MEDIUM,100.0,0.0,0.0,75.0,Physical progress (16.0%) is 60.6 points below expected progress (76.6%). | No completion-date revision recorded (schedule risk based on original plan only). | Cost is within (or close to) the originally approved budget. | Recent progress growth is stalled or negative (no measurable gain last month).
617068,"Augmentation of Transformation Capacity by 3x500 MVA, 400/220 KV ICTS [6th-8th] and 1x1500 MVA, 765/400 KV ICT [4th] at Bidar PS [SPV Name- POWERGRID Bidar Augmentation Transmission Limited]",Power Grid Corporation of India Limited [POWERGRID],Karnataka,2026-07,31.25,MEDIUM,75.0,0.0,0.0,50.0,Physical progress (18.8%) is 42.0 points below expected progress (60.7%). | No completion-date revision recorded (schedule risk based on original plan only). | Cost is within (or close to) the originally approved budget. | Recent progress growth is low (~0.75 points/month).
617069,Augmentation of Transformation Capacity at KPS1 [GIS] and KPS2 [GIS] [Phase-V Part B1 and Part B2 Scheme] [SPV Name- POWERGRID KPS1 and 2 Augmentation Transmission Limited],Power Grid Corporation of India Limited [POWERGRID],Gujarat,2026-07,33.75,MEDIUM,75.0,0.0,0.0,75.0,Physical progress (37.0%) is 33.8 points below expected progress (70.8%). | No completion-date revision recorded (schedule risk based on original plan only). | Cost is within (or close to) the originally approved budget. | Recent progress growth is stalled or negative (no measurable gain last month).
617179,Transmission Scheme for evacuation of Power from Ratle HEP [850 MW] & kiru [624 MW] Part B,Power Grid Corporation of India Limited [POWERGRID],Jammu and Kashmir,2026-07,57.5,MEDIUM,100.0,50.0,0.0,75.0,Physical progress (1.7%) is 98.3 points below expected progress (100.0%). | Completion date has been revised by 11 month(s) (from 07/2026 to 06/2027). | Cost is within (or close to) the originally approved budget. | Recent progress growth is stalled or negative (no measurable gain last month).
617181,"Augmentation at Fatehgarh-II PS, Fatehgarh-IV PS [Section-II] and Barmer-I PS [POWERGRID Fatehgarh Barmer Augmentation Transmission Limited]",Power Grid Corporation of India Limited [POWERGRID],Rajasthan,2026-07,49.0,MEDIUM,100.0,30.0,0.0,50.0,Physical progress (17.2%) is 59.0 points below expected progress (76.2%). | Completion date has been revised by 6 month(s) (from 12/2026 to 06/2027). | Cost is within (or close to) the originally approved budget. | Recent progress growth is low (~0.80 points/month).
617182,Augmentation of Banaskantha [Raghanesda] PS [GIS] [POWERGRID Banaskantha Transco Limited],Power Grid Corporation of India Limited [POWERGRID],Gujarat,2026-07,17.5,LOW,50.0,0.0,0.0,0.0,Physical progress (42.0%) is 24.7 points below expected progress (66.7%). | No completion-date revision recorded (schedule risk based on original plan only). | Cost is within (or close to) the originally approved budget. | Recent progress growth is healthy (~3.00 points/month).
617183,Transmission system strengthening at Kurnool- III PS for integration of additional RE generation projects [POWERGRID Kurnool III PS RE Transmission Limited],Power Grid Corporation of India Limited [POWERGRID],Andhra Pradesh,2026-07,8.75,LOW,25.0,0.0,0.0,0.0,No completion-date revision recorded (schedule risk based on original plan only). | Cost is within (or close to) the originally approved budget. | Recent progress growth is healthy (~2.21 points/month).
617184,Transmission Scheme for integration of Davanagere/ Chitradurga and Bellary REZ in Karnataka [POWERGRID Chitradurga Bellary REZ Transmission Limited],Power Grid Corporation of India Limited [POWERGRID],Karnataka,2026-07,28.75,LOW,75.0,0.0,0.0,25.0,Physical progress (23.0%) is 30.3 points below expected progress (53.3%). | No completion-date revision recorded (schedule risk based on original plan only). | Cost is within (or close to) the originally approved budget. | Recent progress growth is healthy (~1.70 points/month).
617185,Transmission System for Integration of Kurnool-IV REZ Phase-I [for 4.5 GW] [POWERGRID Kurnool-IV Transmission Limited],Power Grid Corporation of India Limited [POWERGRID],"Multi-States (Andhra Pradesh, Karnataka)",2026-07,35.25,MEDIUM,75.0,30.0,0.0,0.0,Physical progress (28.8%) is 37.9 points below expected progress (66.7%). | Completion date has been revised by 6 month(s) (from 03/2027 to 09/2027). | Cost is within (or close to) the originally approved budget. | Recent progress growth is healthy (~3.89 points/month).
617186,Rajasthan REZ Ph-V [Part-1- 4 GW] [Sirohi/Nagaur] Complex [Rajasthan V Power Transmission Limited],Power Grid Corporation of India Limited [POWERGRID],"Multi-States (Madhya Pradesh, Rajasthan)",2026-07,35.25,MEDIUM,75.0,30.0,0.0,0.0,Physical progress (34.0%) is 32.6 points below expected progress (66.7%). | Completion date has been revised by 3 month(s) (from 03/2027 to 06/2027). | Cost is within (or close to) the originally approved budget. | Recent progress growth is healthy (~2.54 points/month).
617188,"Sipat Super Thermal Power Project, Stage-III [1x800 MW]",National Thermal Power Corporation [NTPC],Chhattisgarh,2026-07,29.0,LOW,50.0,30.0,0.0,25.0,Physical progress (22.3%) is 14.4 points below expected progress (36.7%). | Completion date has been revised by 2 month(s) (from 09/2029 to 11/2029). | Cost is within (or close to) the originally approved budget. | Recent progress growth is healthy (~1.01 points/month).
617200,KHARSIA- NAYA RAIPUR-PARMALKASA 5th and 6th Line [278KM],CAO/C/SECR,Chhattisgarh,2026-06,25.0,LOW,50.0,0.0,0.0,75.0,Physical progress (0.0%) is 19.7 points below expected progress (19.7%). | No completion-date revision recorded (schedule risk based on original plan only). | Cost is within (or close to) the originally approved budget. | Recent progress growth is stalled or negative (no measurable gain last month).
617201,Gondia-Balharshah [Chanda Fort] Doubling [240 Km],South East Central Railway,Maharashtra,2026-06,25.0,LOW,50.0,0.0,0.0,75.0,Physical progress (2.0%) is 17.7 points below expected progress (19.7%). | No completion-date revision recorded (schedule risk based on original plan only). | Cost is within (or close to) the originally approved budget. | Recent progress growth is stalled or negative (no measurable gain last month).
617206,Delhi Metro Rail Phase-IV [Rithala - Kundli Corridor],Delhi Metro Rail Corporation Limited [DMRC],"Multi-States (Delhi, Haryana)",2026-07,26.25,LOW,75.0,0.0,0.0,0.0,Physical progress (5.4%) is 32.1 points below expected progress (37.5%). | No completion-date revision recorded (schedule risk based on original plan only). | Cost is within (or close to) the originally approved budget. | Recent progress growth is healthy (~2.34 points/month).
617207,Delhi Metro Rail Phase-IV [2 Corridors],Delhi Metro Rail Corporation Limited [DMRC],Delhi,2026-07,31.25,MEDIUM,75.0,0.0,0.0,50.0,Physical progress (4.3%) is 42.4 points below expected progress (46.7%). | No completion-date revision recorded (schedule risk based on original plan only). | Cost is within (or close to) the originally approved budget. | Recent progress growth is low (~0.02 points/month).
617210,Tirupati-Pakala-Katpadi Doubling 104.39 Km Item83/NR/2024-25,CAO/C/SCoR SCoR mor,"Multi-States (Andhra Pradesh, Tamil Nadu)",2026-07,36.25,MEDIUM,75.0,0.0,0.0,100.0,Physical progress (0.0%) is 31.2 points below expected progress (31.2%). | No completion-date revision recorded (schedule risk based on original plan only). | Cost is within (or close to) the originally approved budget. | Recent progress growth is stalled or negative (no measurable gain last month).
617211,Doubling of Guntur Bibinagar 239 Km,South Central Railway [SCR] - II,"Multi-States (Andhra Pradesh, Telangana)",2026-06,33.75,MEDIUM,75.0,0.0,0.0,75.0,Physical progress (2.6%) is 48.1 points below expected progress (50.8%). | No completion-date revision recorded (schedule risk based on original plan only). | Cost is within (or close to) the originally approved budget. | Recent progress growth is stalled or negative (no measurable gain last month).
617212,Doubling between Mudkhed Medchal & Mahbubnagar Dhone section 417.88 Km,South Central Railway [SCR] - II,"Multi-States (Andhra Pradesh, Maharashtra, Telangana)",2026-06,42.75,MEDIUM,75.0,30.0,0.0,75.0,Physical progress (21.0%) is 29.8 points below expected progress (50.8%). | Completion date has been revised by 5 month(s) (from 03/2029 to 08/2029). | Cost is within (or close to) the originally approved budget. | Recent progress growth is stalled or negative (no measurable gain last month).
617213,"Varanasi- Pt. Deen Dayal Upadhyaya - Multitracking 15 km, including construction of a new Rail- cum- Road Bridge across Ganga River",CAO/C-II/NR NR mor,Uttar Pradesh,2026-07,20.0,LOW,50.0,0.0,0.0,25.0,Physical progress (5.0%) is 17.0 points below expected progress (22.0%). | No completion-date revision recorded (schedule risk based on original plan only). | Cost is within (or close to) the originally approved budget. | Recent progress growth is healthy (~1.07 points/month).
617214,"South Central Railway- Rail connectivity to Amaravati, Capital of Andhra Pradesh Errupalem- Amaravati- Namburu New line 57 km PB7/WR/2023-24",CAO/C/SCoR SCoR mor,"Multi-States (Andhra Pradesh, Telangana)",2026-07,27.5,LOW,50.0,0.0,0.0,100.0,Physical progress (0.0%) is 11.1 points below expected progress (11.1%). | No completion-date revision recorded (schedule risk based on original plan only). | Cost is within (or close to) the originally approved budget. | Recent progress growth is stalled or negative (no measurable gain last month).
617215,Doubling between Parbhani-Parli Vaijnath stations 64.71 km PB34/CR/2023-24,CAOCON/SCR SCR mor,Maharashtra,2026-07,31.25,MEDIUM,75.0,0.0,0.0,50.0,Physical progress (1.0%) is 40.2 points below expected progress (41.2%). | No completion-date revision recorded (schedule risk based on original plan only). | Cost is within (or close to) the originally approved budget. | Recent progress growth is low (~0.80 points/month).
617216,South Central Railway- 3rd line between Gudur-Renigunta stations 83.17 km PB34/CR/2023-24,CAO/C/SCoR SCoR mor,Andhra Pradesh,2026-07,45.0,MEDIUM,100.0,0.0,0.0,100.0,Physical progress (0.0%) is 72.4 points below expected progress (72.4%). | No completion-date revision recorded (schedule risk based on original plan only). | Cost is within (or close to) the originally approved budget. | Recent progress growth is stalled or negative (no measurable gain last month).
617221,"Construction of Girls Hostel 400 seater, Boys Hostel 600 seater, Academic Block, International Hostel 100 seater, VC Residence and Purchase of Equipment",Central University of Punjab,Punjab,2026-07,0.0,LOW,0.0,0.0,0.0,0.0,Physical progress (58.0%) is on track or ahead of expected progress (50.0%). | No completion-date revision recorded (schedule risk based on original plan only). | Cost is within (or close to) the originally approved budget. | Recent progress growth is healthy (~10.00 points/month).
617224,Gorakhpur-Valmikinagar Doubling project,NER,"Multi-States (Bihar, Uttar Pradesh)",2026-07,33.75,MEDIUM,75.0,0.0,0.0,75.0,Physical progress (32.0%) is 30.2 points below expected progress (62.2%). | No completion-date revision recorded (schedule risk based on original plan only). | Cost is within (or close to) the originally approved budget. | Recent progress growth is stalled or negative (no measurable gain last month).
617225,PCMC To Nigdi- Extension Of North South Corridor Of Phase-1,Maharashtra Metro Rail Corporation Limited [MMRCL],Maharashtra,2026-07,38.75,MEDIUM,75.0,0.0,40.0,25.0,Physical progress (49.1%) is 35.5 points below expected progress (84.6%). | No completion-date revision recorded (schedule risk based on original plan only). | Cost overrun of 5.5% (original Rs. 910.18 Cr -> revised Rs. 960.18 Cr). | Recent progress growth is healthy (~1.95 points/month).
617226,Pune Metro Phase-1 Extension line towards south from Swargate to Katraj,Maharashtra Metro Rail Corporation Limited [MMRCL],Maharashtra,2026-07,26.25,LOW,75.0,0.0,0.0,0.0,Physical progress (9.0%) is 31.7 points below expected progress (40.7%). | No completion-date revision recorded (schedule risk based on original plan only). | Cost is within (or close to) the originally approved budget. | Recent progress growth is healthy (~2.84 points/month).
617231,East Central Railway - Construction of Bulb line at Nabinagar Ankorah 17.49Km PB45/ECoR/2024-25.,CAO/Con/South/MHX ECR mor,Bihar,2026-07,7.5,LOW,0.0,0.0,0.0,75.0,Physical progress (0.0%) is on track or ahead of expected progress (0.0%). | No completion-date revision recorded (schedule risk based on original plan only). | Cost is within (or close to) the originally approved budget. | Recent progress growth is stalled or negative (no measurable gain last month).
617233,WAGHODA UG MINE [1.02 MTY],WCL - CIL,Maharashtra,2026-07,33.75,MEDIUM,75.0,0.0,0.0,75.0,Physical progress (0.1%) is 28.9 points below expected progress (29.0%). | No completion-date revision recorded (schedule risk based on original plan only). | Cost is within (or close to) the originally approved budget. | Recent progress growth is stalled or negative (no measurable gain last month).
617239,Narkatiaganj-Raxaul-Sitamarhi-Darbhanga & Sitamarhi-Muzaffarpur Sections doubling 256 km Umbrella work PB57/2019-20/NR,CAO/Con/North/MHX ECR mor,Bihar,2026-07,25.25,LOW,25.0,30.0,0.0,75.0,Completion date has been revised by 4 month(s) (from 11/2029 to 03/2030). | Cost is within (or close to) the originally approved budget. | Recent progress growth is stalled or negative (no measurable gain last month).
617242,Installation of New Bar Mill at Durgapur Steel Plant,Steel Authority of India Limited [SAIL],West Bengal,2026-07,11.25,LOW,25.0,0.0,0.0,25.0,No completion-date revision recorded (schedule risk based on original plan only). | Cost is within (or close to) the originally approved budget. | Recent progress growth is healthy (~1.48 points/month).
617243,Replacement of Hot Leveller No.1 of Plate Mill at Bhilai Steel Plant,Steel Authority of India Limited [SAIL],Chhattisgarh,2026-07,22.5,LOW,50.0,0.0,0.0,50.0,Physical progress (82.8%) is 17.2 points below expected progress (100.0%). | No completion-date revision recorded (schedule risk based on original plan only). | Cost is within (or close to) the originally approved budget. | Recent progress growth is low (~0.66 points/month).
617245,Katihar-Kumedpur & Katihar-Mukuria 64.5 km Umbrella work PB57/2019-20/NR,CAO/C-II/NFR NFR mor,"Multi-States (Bihar, West Bengal)",2026-07,43.75,MEDIUM,25.0,0.0,100.0,100.0,Completion date has not slipped versus the original plan. | Cost overrun of 108.0% (original Rs. 942.64 Cr -> revised Rs. 1961.00 Cr). | Recent progress growth is stalled or negative (no measurable gain last month).
617246,Up-gradation of Blast Furnace No. 3 at Durgapur Steel Plant,Steel Authority of India Limited [SAIL],West Bengal,2026-07,0.0,LOW,0.0,0.0,0.0,0.0,Physical progress (62.2%) is on track or ahead of expected progress (58.3%). | Completion date has not slipped versus the original plan. | Cost is within (or close to) the originally approved budget. | Recent progress growth is healthy (~20.49 points/month).
617248,Third Ladle Furnace in Secondary Refinery Unit at IISCO Steel Plant,Steel Authority of India Limited [SAIL],West Bengal,2026-07,42.75,MEDIUM,75.0,30.0,0.0,75.0,Physical progress (74.5%) is 25.4 points below expected progress (100.0%). | Completion date has been revised by 4 month(s) (from 07/2026 to 11/2026). | Cost is within (or close to) the originally approved budget. | Recent progress growth is stalled or negative (no measurable gain last month).
617249,Replacement of existing Grinders in CRM-I & II at Bokaro Steel Plant,Steel Authority of India Limited [SAIL],Jharkhand,2026-07,17.5,LOW,50.0,0.0,0.0,0.0,Physical progress (62.0%) is 11.9 points below expected progress (73.9%). | No completion-date revision recorded (schedule risk based on original plan only). | Cost is within (or close to) the originally approved budget. | Recent progress growth is healthy (~11.65 points/month).
617250,Secondary Emission Control in Converters of SMS-II at Bokaro Steel Plant,Steel Authority of India Limited [SAIL],Jharkhand,2026-07,35.25,MEDIUM,75.0,30.0,0.0,0.0,Physical progress (55.9%) is 29.1 points below expected progress (85.0%). | Completion date has been revised by 6 month(s) (from 10/2026 to 04/2027). | Cost is within (or close to) the originally approved budget. | Recent progress growth is healthy (~4.09 points/month).
617251,Revamping of Air Pollution Control Systems of SP-1 at Durgapur Steel Plant,Steel Authority of India Limited [SAIL],West Bengal,2026-07,50.0,MEDIUM,100.0,50.0,0.0,0.0,Physical progress (34.6%) is 65.4 points below expected progress (100.0%). | Completion date has been revised by 7 month(s) (from 05/2026 to 12/2026). | Cost is within (or close to) the originally approved budget. | Recent progress growth is healthy (~2.37 points/month).
617252,Anand Nagar - Ghughuli via Maharajganj 53.37 km,CAOC/NER NER mor,Uttar Pradesh,2026-07,48.75,MEDIUM,50.0,0.0,85.0,100.0,Physical progress (12.0%) is 11.1 points below expected progress (23.1%). | No completion-date revision recorded (schedule risk based on original plan only). | Cost overrun of 56.6% (original Rs. 958.27 Cr -> revised Rs. 1501.10 Cr). | Recent progress growth is stalled or negative (no measurable gain last month).
617253,Revamping of old sub-systems of Blast Furnace 3 at Bokaro Steel Plant,Steel Authority of India Limited [SAIL],Jharkhand,2026-05,26.25,LOW,25.0,50.0,0.0,25.0,Completion date has been revised by 10 month(s) (from 07/2025 to 05/2026). | Cost is within (or close to) the originally approved budget. | Recent progress growth is healthy (~1.42 points/month).
617254,Replacement of remaining 04 sets of Battery Cyclones with 04 Nos. of ESPs in Sinter Plant-1 at Bokaro Steel Plant,Steel Authority of India Limited [SAIL],Jharkhand,2026-07,41.25,MEDIUM,75.0,50.0,0.0,0.0,Physical progress (53.1%) is 46.9 points below expected progress (100.0%). | Completion date has been revised by 10 month(s) (from 06/2026 to 04/2027). | Cost is within (or close to) the originally approved budget. | Recent progress growth is healthy (~2.99 points/month).
617255,"Replacement of Converter Vessels, Trunnion Rings, Support System & Installation of Secondary Emission at Bhilai Steel Plant",Steel Authority of India Limited [SAIL],Chhattisgarh,2026-07,35.25,MEDIUM,75.0,30.0,0.0,0.0,Physical progress (74.3%) is 25.7 points below expected progress (100.0%). | Completion date has been revised by 3 month(s) (from 06/2026 to 09/2026). | Cost is within (or close to) the originally approved budget. | Recent progress growth is healthy (~3.80 points/month).
617256,Rebuilding of Coke Oven Battery No.7 & 8 at Bhilai Steel Plant,Steel Authority of India Limited [SAIL],Chhattisgarh,2026-07,28.75,LOW,25.0,50.0,0.0,50.0,Completion date has been revised by 11 month(s) (from 10/2025 to 09/2026). | Cost is within (or close to) the originally approved budget. | Recent progress growth is low (~0.99 points/month).
617257,Rebuilding of Coke Oven Battery No.6 at Bokaro Steel Plant,Steel Authority of India Limited [SAIL],Jharkhand,2026-07,35.0,MEDIUM,50.0,50.0,0.0,25.0,Physical progress (68.1%) is 20.5 points below expected progress (88.6%). | Completion date has been revised by 12 month(s) (from 11/2026 to 11/2027). | Cost is within (or close to) the originally approved budget. | Recent progress growth is healthy (~1.96 points/month).
617269,Transmission System for Strengthening to facilitate evacuation of power from Bhadla/Bikaner Complex,Power Grid Corporation of India Limited [POWERGRID],Uttar Pradesh,2026-07,49.0,MEDIUM,100.0,30.0,0.0,50.0,Physical progress (12.1%) is 87.9 points below expected progress (100.0%). | Completion date has been revised by 6 month(s) (from 06/2026 to 12/2026). | Cost is within (or close to) the originally approved budget. | Recent progress growth is low (~0.90 points/month).
617270,Eastern Region Expansion Scheme-44 [ERES-44],Power Grid Corporation of India Limited [POWERGRID],"Multi-States (Bihar, West Bengal)",2026-07,65.0,HIGH,100.0,75.0,0.0,75.0,Physical progress (1.5%) is 98.5 points below expected progress (100.0%). | Completion date has been revised by 16 month(s) (from 05/2026 to 09/2027). | Cost is within (or close to) the originally approved budget. | Recent progress growth is stalled or negative (no measurable gain last month).
617271,Eastern Region Expansion Scheme-43 [ERES-43],Power Grid Corporation of India Limited [POWERGRID],"Multi-States (Bihar, Odisha, West Bengal)",2026-07,49.0,MEDIUM,100.0,30.0,0.0,50.0,Physical progress (29.8%) is 70.2 points below expected progress (100.0%). | Completion date has been revised by 6 month(s) (from 03/2026 to 09/2026). | Cost is within (or close to) the originally approved budget. | Recent progress growth is low (~0.02 points/month).
617272,Implementation of LILO of both circuits of 400KV vindhyachal PS-Sasan D/C Line at Hindalco Switchyard,Power Grid Corporation of India Limited [POWERGRID],Madhya Pradesh,2026-07,26.25,LOW,75.0,0.0,0.0,0.0,Physical progress (55.3%) is 28.1 points below expected progress (83.3%). | No completion-date revision recorded (schedule risk based on original plan only). | Cost is within (or close to) the originally approved budget. | Recent progress growth is healthy (~3.12 points/month).
617278,KOLARPIMPRI EXPANSION OC [2.5,WCL - CIL,Maharashtra,2026-07,33.75,MEDIUM,75.0,0.0,0.0,75.0,Physical progress (0.4%) is 27.5 points below expected progress (27.9%). | No completion-date revision recorded (schedule risk based on original plan only). | Cost is within (or close to) the originally approved budget. | Recent progress growth is stalled or negative (no measurable gain last month).
617279,Transmission System for evacuation of power from Mahan Energen Limited Generating Station in Madhya Pradesh [SPV Name - POWERGRID MEL Power Transmission Limited],Power Grid Corporation of India Limited [POWERGRID],Madhya Pradesh,2026-07,17.5,LOW,50.0,0.0,0.0,0.0,Physical progress (18.5%) is 24.9 points below expected progress (43.3%). | No completion-date revision recorded (schedule risk based on original plan only). | Cost is within (or close to) the originally approved budget. | Recent progress growth is healthy (~3.36 points/month).
617280,"Construction of Basement + Ground Floor+ 10 Storeyed building for State of the Art Director General, GSI Building at plot No.GN-40, Sector-V, Salt Lake, Kolkata",Central Public Works Department [CPWD],West Bengal,2026-07,33.75,MEDIUM,75.0,0.0,0.0,75.0,Physical progress (64.0%) is 34.7 points below expected progress (98.7%). | No completion-date revision recorded (schedule risk based on original plan only). | Cost is within (or close to) the originally approved budget. | Recent progress growth is stalled or negative (no measurable gain last month).
617284,Chunar-Chopan doubling project,North Central Railway,Uttar Pradesh,2026-06,33.75,MEDIUM,75.0,0.0,0.0,75.0,Physical progress (18.5%) is 26.2 points below expected progress (44.7%). | No completion-date revision recorded (schedule risk based on original plan only). | Cost is within (or close to) the originally approved budget. | Recent progress growth is stalled or negative (no measurable gain last month).
617287,KUSMUNDA OC EXPANSION PROJECT,SECL - CIL,Chhattisgarh,2026-07,16.25,LOW,25.0,0.0,0.0,75.0,No completion-date revision recorded (schedule risk based on original plan only). | Cost is within (or close to) the originally approved budget. | Recent progress growth is stalled or negative (no measurable gain last month).
617288,MANIKPUR OC EXPANSION PROJECT,SECL - CIL,Chhattisgarh,2026-07,25.0,LOW,50.0,0.0,0.0,75.0,Physical progress (21.3%) is 14.7 points below expected progress (36.0%). | No completion-date revision recorded (schedule risk based on original plan only). | Cost is within (or close to) the originally approved budget. | Recent progress growth is stalled or negative (no measurable gain last month).
617299,50 MW Wind Power Project,NLC India Limited,Gujarat,2026-07,56.25,MEDIUM,75.0,75.0,0.0,75.0,Physical progress (52.0%) is 48.0 points below expected progress (100.0%). | Completion date has been revised by 18 month(s) (from 06/2025 to 12/2026). | Cost is within (or close to) the originally approved budget. | Recent progress growth is stalled or negative (no measurable gain last month).
617302,Durgapur - Haldia Pipeline [Section-3B of JHBDPL Project],Gas Authority of India Limited [GAIL],West Bengal,2026-07,65.0,HIGH,25.0,100.0,85.0,50.0,Completion date has been revised by 69 month(s) (from 12/2020 to 09/2026). | Cost overrun of 48.5% (original Rs. 1740.00 Cr -> revised Rs. 2583.00 Cr). | Recent progress growth is low (~0.50 points/month).
617304,"Setting up of LPG Plant with Rail Unloading Facility at Hathua, Dist. Gopalganj, Bihar",Bharat Petroleum Corporation Limited [BPCL],Bihar,2026-07,20.0,LOW,50.0,0.0,0.0,25.0,Physical progress (56.0%) is 24.5 points below expected progress (80.5%). | No completion-date revision recorded (schedule risk based on original plan only). | Cost is within (or close to) the originally approved budget. | Recent progress growth is healthy (~1.00 points/month).
617326,Implementation of Transmission Systems in the State of Jharkhand consisting of 400/220/132/33 kV transmission lines and substations under Jharkhand Consultancy Project,Power Grid Corporation of India Limited [POWERGRID],Jharkhand,2026-07,36.25,MEDIUM,25.0,75.0,0.0,50.0,Completion date has been revised by 15 month(s) (from 03/2026 to 06/2027). | Cost is within (or close to) the originally approved budget. | Recent progress growth is low (~0.10 points/month).
617327,Thane Integral Ring Metro Rail Project,Maharashtra Metro Rail Corporation Limited [MMRCL],Maharashtra,2026-07,31.25,MEDIUM,75.0,0.0,0.0,50.0,Physical progress (10.0%) is 26.6 points below expected progress (36.7%). | No completion-date revision recorded (schedule risk based on original plan only). | Cost is within (or close to) the originally approved budget. | Recent progress growth is low (~0.55 points/month).
617333,Construction of surface traingle between Bhadaura and new crossing station Karma Dildarnagar-Taraghat line 11.1 km PB72/NR/2022-23,CAO/Con/South/MHX ECR mor,"Multi-States (Bihar, Uttar Pradesh)",2026-07,45.0,MEDIUM,100.0,0.0,0.0,100.0,Physical progress (0.0%) is 78.1 points below expected progress (78.1%). | No completion-date revision recorded (schedule risk based on original plan only). | Cost is within (or close to) the originally approved budget. | Recent progress growth is stalled or negative (no measurable gain last month).
617338,Stamp Charge Battery No.12 Battery Proper at IISCO Steel Plant,Steel Authority of India Limited [SAIL],West Bengal,2026-07,22.5,LOW,50.0,0.0,0.0,50.0,Physical progress (27.7%) is 13.8 points below expected progress (41.5%). | No completion-date revision recorded (schedule risk based on original plan only). | Cost is within (or close to) the originally approved budget. | Recent progress growth is low (~0.96 points/month).
617345,SER Upgradation of maintenance infrastructure at Shalimar into Vande Bharat Chair Car maintenance cum workshop depot.,South Eastern Railway - JH,West Bengal,2026-06,33.75,MEDIUM,75.0,0.0,0.0,75.0,Physical progress (50.0%) is 31.8 points below expected progress (81.8%). | No completion-date revision recorded (schedule risk based on original plan only). | Cost is within (or close to) the originally approved budget. | Recent progress growth is stalled or negative (no measurable gain last month).
617361,Babupeth - Sasti New Rail Line [13.114 KMs],CentralRailway,Maharashtra,2026-06,33.75,MEDIUM,75.0,0.0,0.0,75.0,Physical progress (0.0%) is 48.8 points below expected progress (48.8%). | No completion-date revision recorded (schedule risk based on original plan only). | Cost is within (or close to) the originally approved budget. | Recent progress growth is stalled or negative (no measurable gain last month).
617364,Central Railway - Double chord line between Nilaje and Kopar 4.495 km PB34/CR/2023-24,CAOC/CR CR mor,Maharashtra,2026-07,36.25,MEDIUM,75.0,0.0,0.0,100.0,Physical progress (15.0%) is 29.2 points below expected progress (44.2%). | No completion-date revision recorded (schedule risk based on original plan only). | Cost is within (or close to) the originally approved budget. | Recent progress growth is stalled or negative (no measurable gain last month).
617370,Doubling between Jaunpur Jn - Zaffarabad 6.28 km PB73/2023-24/NR,CAOC/NR NR mor,Uttar Pradesh,2026-07,57.5,MEDIUM,75.0,0.0,85.0,100.0,Physical progress (22.0%) is 49.4 points below expected progress (71.4%). | No completion-date revision recorded (schedule risk based on original plan only). | Cost overrun of 31.4% (original Rs. 180.66 Cr -> revised Rs. 237.38 Cr). | Recent progress growth is stalled or negative (no measurable gain last month).
617372,Pradhankhunta Jn-Patherdih Bazar-Bhojudih 17.1 km Umbrella work PB57/2019- 20/NR,CAO/Con/South/MHX ECR mor,Jharkhand,2026-07,10.0,LOW,0.0,0.0,0.0,100.0,Physical progress (60.0%) is on track or ahead of expected progress (38.5%). | Completion date has not slipped versus the original plan. | Cost is within (or close to) the originally approved budget. | Recent progress growth is stalled or negative (no measurable gain last month).
617374,"Dallirajhara - Rowghat New Rail Line Project, Phase-I",Rail Vikas Nigam Limited,Chhattisgarh,2026-06,47.5,MEDIUM,25.0,50.0,65.0,75.0,Completion date has been revised by 11 month(s) (from 03/2025 to 02/2026). | Cost overrun of 24.1% (original Rs. 1516.45 Cr -> revised Rs. 1881.26 Cr). | Recent progress growth is stalled or negative (no measurable gain last month).
617375,North Eastern Region Expansion Scheme-XXIII [NERES-XXIII],Power Grid Corporation of India Limited [POWERGRID],Arunachal Pradesh,2026-07,26.25,LOW,75.0,0.0,0.0,0.0,Physical progress (3.9%) is 32.8 points below expected progress (36.7%). | No completion-date revision recorded (schedule risk based on original plan only). | Cost is within (or close to) the originally approved budget. | Recent progress growth is healthy (~2.33 points/month).
617379,Development of New Bijwasan Railway Terminal,Northern Railways,Delhi,2026-06,55.0,MEDIUM,50.0,100.0,0.0,75.0,Physical progress (80.0%) is 20.0 points below expected progress (100.0%). | Completion date has been revised by 81 month(s) (from 03/2020 to 12/2026). | Cost is within (or close to) the originally approved budget. | Recent progress growth is stalled or negative (no measurable gain last month).
617390,Sardega -Bhalumuda New Double line [37.24 Km],SECR,"Multi-States (Chhattisgarh, Odisha)",2026-06,28.75,LOW,75.0,0.0,0.0,25.0,Physical progress (5.0%) is 45.0 points below expected progress (50.0%). | No completion-date revision recorded (schedule risk based on original plan only). | Cost is within (or close to) the originally approved budget. | Recent progress growth is healthy (~1.00 points/month).
617391,Augmentation of Transformation Capacity at Bhuj-II PS [GIS],Power Grid Corporation of India Limited [POWERGRID],Gujarat,2026-07,50.0,MEDIUM,100.0,50.0,0.0,0.0,Physical progress (7.2%) is 73.8 points below expected progress (81.0%). | Completion date has been revised by 7 month(s) (from 11/2026 to 06/2027). | Cost is within (or close to) the originally approved budget. | Recent progress growth is healthy (~2.70 points/month).
617403,SADULPUR - CHURU DOUBLING PROJECT,North Western Railway [NWR],Rajasthan,2026-07,16.25,LOW,25.0,0.0,0.0,75.0,No completion-date revision recorded (schedule risk based on original plan only). | Cost is within (or close to) the originally approved budget. | Recent progress growth is stalled or negative (no measurable gain last month).
617404,North Western Railway - New line between Ramdevra and Pokhran via Bhairav Gufa - Kailash Tekri 13.38 Km PB30/NR/2025-26,CAOC/NWR NWR mor,Rajasthan,2026-07,11.25,LOW,25.0,0.0,0.0,25.0,No completion-date revision recorded (schedule risk based on original plan only). | Cost is within (or close to) the originally approved budget. | Recent progress growth is healthy (~1.00 points/month).
617405,Jamnagar Transmission Limited,Adani Transmission Limited,Gujarat,2026-07,50.0,MEDIUM,100.0,50.0,0.0,0.0,Physical progress (24.0%) is 63.5 points below expected progress (87.5%). | Completion date has been revised by 11 month(s) (from 10/2026 to 09/2027). | Cost is within (or close to) the originally approved budget. | Recent progress growth is healthy (~5.00 points/month).
617406,RATLAM- DUNGARPUR VIA BANSWARA NEW LINE PROJECT,North Western Railway [NWR],"Multi-States (Madhya Pradesh, Rajasthan)",2026-06,42.5,MEDIUM,100.0,0.0,0.0,75.0,Physical progress (8.0%) is 55.8 points below expected progress (63.8%). | No completion-date revision recorded (schedule risk based on original plan only). | Cost is within (or close to) the originally approved budget. | Recent progress growth is stalled or negative (no measurable gain last month).
617408,NATHDWARA- NATHDWARA TOWN NL,North Western Railway [NWR],Rajasthan,2026-06,42.5,MEDIUM,100.0,0.0,0.0,75.0,Physical progress (15.0%) is 59.3 points below expected progress (74.3%). | No completion-date revision recorded (schedule risk based on original plan only). | Cost is within (or close to) the originally approved budget. | Recent progress growth is stalled or negative (no measurable gain last month).
617409,Railway Manufacturing Unit,RVNL - II,Telangana,2026-07,7.5,LOW,0.0,0.0,0.0,75.0,Physical progress (91.0%) is on track or ahead of expected progress (89.1%). | Completion date has not slipped versus the original plan. | Cost is within (or close to) the originally approved budget. | Recent progress growth is stalled or negative (no measurable gain last month).
617412,"Construction of One Tower of Office Complex and another Tower of Residential quarters i/c internal water supply, sanitary installation and all development and bulk services, Horticulture works on EPC Mode-I basis i/c comprehensive operation and maintenance of Civil, E&M services for 7 years after completion of original construction work for Ranga Reddy, Secunderabad, Medchal, AuditI, Audit-II Commissionerates of Central Tax at Khajaguda, Serilingampally, Hyderabad.",Central Public Works Department - CPWD,Telangana,2026-07,26.25,LOW,75.0,0.0,0.0,0.0,Physical progress (26.0%) is 32.8 points below expected progress (58.8%). | No completion-date revision recorded (schedule risk based on original plan only). | Cost is within (or close to) the originally approved budget. | Recent progress growth is healthy (~3.00 points/month).
617413,Mobile connectivity in Left Wing Extremism [LWE] affected areas-Phase 1 Upgradation,Department of Telecommunications [DoT],"Multi-States (Andhra Pradesh, Bihar, Chhattisgarh, Jharkhand, Madhya Pradesh, Maharashtra, Odisha, Telangana, Uttar Pradesh, West Bengal)",2026-07,33.75,MEDIUM,25.0,75.0,0.0,25.0,Completion date has been revised by 19 month(s) (from 05/2025 to 12/2026). | Cost is within (or close to) the originally approved budget. | Recent progress growth is healthy (~1.03 points/month).
617416,"Revised Jharia Master Plan for Dealing with Fire, Subsidence & Rehabilitation of affected families in Jharia Coalfield- Reg.",Bharat Coking Coal Limited [BCCL],Jharkhand,2026-07,0.0,LOW,0.0,0.0,0.0,0.0,Physical progress (34.0%) is on track or ahead of expected progress (29.3%). | No completion-date revision recorded (schedule risk based on original plan only). | Cost is within (or close to) the originally approved budget. | Recent progress growth is healthy (~3.00 points/month).
617422,Bodwad Parisar Sinchan Yojna,Department of Water Resources-MH,Maharashtra,2026-07,31.25,MEDIUM,75.0,0.0,0.0,50.0,Physical progress (49.6%) is 40.9 points below expected progress (90.5%). | No completion-date revision recorded (schedule risk based on original plan only). | Cost is within (or close to) the originally approved budget. | Recent progress growth is low (~0.08 points/month).
617727,Orvakal Industrial Area,NICDC,Andhra Pradesh,2026-07,8.75,LOW,25.0,0.0,0.0,0.0,No completion-date revision recorded (schedule risk based on original plan only). | Cost is within (or close to) the originally approved budget. | Recent progress growth is healthy (~3.41 points/month).
617729,Kopparthy Industrial Area,NICDC,Andhra Pradesh,2026-07,22.5,LOW,50.0,0.0,0.0,50.0,Physical progress (5.4%) is 19.6 points below expected progress (25.0%). | No completion-date revision recorded (schedule risk based on original plan only). | Cost is within (or close to) the originally approved budget. | Recent progress growth is low (~0.16 points/month).
617730,600 MW Khavda Solar Power Project,NLC India Limited [NLCIL],Gujarat,2026-07,35.25,MEDIUM,75.0,30.0,0.0,0.0,Physical progress (62.0%) is 38.0 points below expected progress (100.0%). | Completion date has been revised by 6 month(s) (from 06/2026 to 12/2026). | Cost is within (or close to) the originally approved budget. | Recent progress growth is healthy (~2.00 points/month).
617764,North Dhadu Western Part OCP,NLC India Limited [NLCIL],Jharkhand,2026-07,16.25,LOW,25.0,0.0,0.0,75.0,No completion-date revision recorded (schedule risk based on original plan only). | Cost is within (or close to) the originally approved budget. | Recent progress growth is stalled or negative (no measurable gain last month).
617801,Provision of ICT Augmentation & Bus Reactor at Bhuj-II PS,Power Grid Corporation of India Limited [POWERGRID],Gujarat,2026-07,46.5,MEDIUM,100.0,30.0,0.0,25.0,Physical progress (7.2%) is 69.0 points below expected progress (76.2%). | Completion date has been revised by 6 month(s) (from 12/2026 to 06/2027). | Cost is within (or close to) the originally approved budget. | Recent progress growth is healthy (~1.20 points/month).
617802,Augmentation of Transformation Capacity and Implementation of Line Bays at Mandsaur S/S for RE Interconnection [SPV Name- POWERGRID Mandsaur I RE Transmission Limited],Power Grid Corporation of India Limited [POWERGRID],Madhya Pradesh,2026-07,26.25,LOW,75.0,0.0,0.0,0.0,Physical progress (4.8%) is 26.2 points below expected progress (31.0%). | No completion-date revision recorded (schedule risk based on original plan only). | Cost is within (or close to) the originally approved budget. | Recent progress growth is healthy (~2.30 points/month).
617803,Transmission System Strengthening at Davanagere for Integration of RE Generation [SPV Name - POWERGRID Davanagere Power Transmission Limited],Power Grid Corporation of India Limited [POWERGRID],Karnataka,2026-07,33.75,MEDIUM,75.0,0.0,0.0,75.0,Physical progress (2.5%) is 39.2 points below expected progress (41.7%). | No completion-date revision recorded (schedule risk based on original plan only). | Cost is within (or close to) the originally approved budget. | Recent progress growth is stalled or negative (no measurable gain last month).
617804,Mechanization of Berth No.14 for handling Containers and other cargo on DBFOT basis - Phase II,New Mangalore Port Authority,Karnataka,2026-07,7.5,LOW,0.0,0.0,0.0,75.0,Physical progress (95.0%) is on track or ahead of expected progress (75.8%). | No completion-date revision recorded (schedule risk based on original plan only). | Cost is within (or close to) the originally approved budget. | Recent progress growth is stalled or negative (no measurable gain last month).
617806,Transmission System for Integration of Ananthapur 2 REZ Phase 1 for 4.5 GW. SPV Name Anantapuram 2 REZ Transmission Ltd,Sterlite Power,"Multi-States (Andhra Pradesh, Karnataka)",2026-07,8.75,LOW,25.0,0.0,0.0,0.0,No completion-date revision recorded (schedule risk based on original plan only). | Cost is within (or close to) the originally approved budget. | Recent progress growth is healthy (~14.00 points/month).
617807,Inter-regional [NR-WR] Transmission System strengthening to relieve the loading of 765 kV Vindhyachal-Varanasi D/c line,Power Grid Corporation of India Limited [POWERGRID],"Multi-States (Bihar, Uttar Pradesh)",2026-07,26.25,LOW,75.0,0.0,0.0,0.0,Physical progress (6.4%) is 31.1 points below expected progress (37.5%). | No completion-date revision recorded (schedule risk based on original plan only). | Cost is within (or close to) the originally approved budget. | Recent progress growth is healthy (~4.35 points/month).
617808,Inter-Regional Strengthening between SR Grid and WR Grid,Power Grid Corporation of India Limited [POWERGRID],"Multi-States (Karnataka, Maharashtra)",2026-07,31.25,MEDIUM,75.0,0.0,0.0,50.0,Physical progress (3.0%) is 34.5 points below expected progress (37.5%). | No completion-date revision recorded (schedule risk based on original plan only). | Cost is within (or close to) the originally approved budget. | Recent progress growth is low (~0.50 points/month).
617818,"City Gas Distribution [CGD] Project in Gajapati, Kandhamal, Boudh, & Sonepur GA",GAIL Gas,Odisha,2026-07,36.25,MEDIUM,75.0,0.0,0.0,100.0,Physical progress (5.8%) is 39.1 points below expected progress (44.9%). | No completion-date revision recorded (schedule risk based on original plan only). | Cost is within (or close to) the originally approved budget. | Recent progress growth is stalled or negative (no measurable gain last month).
617819,"City Gas Distribution [CGD] Project in Kondagaon, Bastar, Sukma, Narayanpur, Bijapur & Dantewada GA",GAIL Gas,Chhattisgarh,2026-07,33.75,MEDIUM,75.0,0.0,0.0,75.0,Physical progress (2.2%) is 48.8 points below expected progress (51.0%). | No completion-date revision recorded (schedule risk based on original plan only). | Cost is within (or close to) the originally approved budget. | Recent progress growth is stalled or negative (no measurable gain last month).
617822,ATF Pipeline from BPCLs Malkapur POL Installation to Hyderabad International airport,Bharat Petroleum Corporation Limited [BPCL],Telangana,2026-07,17.5,LOW,50.0,0.0,0.0,0.0,Physical progress (29.1%) is 24.2 points below expected progress (53.3%). | No completion-date revision recorded (schedule risk based on original plan only). | Cost is within (or close to) the originally approved budget. | Recent progress growth is healthy (~3.00 points/month).
617827,"Pipeline Rehabilitation Project, Phase-II",Oil India Limited,Assam,2026-07,16.25,LOW,25.0,0.0,0.0,75.0,No completion-date revision recorded (schedule risk based on original plan only). | Cost is within (or close to) the originally approved budget. | Recent progress growth is stalled or negative (no measurable gain last month).
617828,Siliguri-Jhapa Pipeline Project,Indian Oil Corporation Limited [IOCL],West Bengal,2026-07,17.5,LOW,50.0,0.0,0.0,0.0,Physical progress (16.5%) is 20.8 points below expected progress (37.3%). | Completion date has not slipped versus the original plan. | Cost is within (or close to) the originally approved budget. | Recent progress growth is healthy (~2.20 points/month).
617829,LPG Bottling Plant at Mualkhang,Indian Oil Corporation Limited [IOCL],Mizoram,2026-07,20.0,LOW,50.0,0.0,0.0,25.0,Physical progress (34.0%) is 13.1 points below expected progress (47.1%). | Completion date has not slipped versus the original plan. | Cost is within (or close to) the originally approved budget. | Recent progress growth is healthy (~1.00 points/month).
617830,C2/C3 Vijaipur Pata Pipeline,Gas Authority of India Limited [GAIL],Madhya Pradesh,2026-07,8.75,LOW,25.0,0.0,0.0,0.0,No completion-date revision recorded (schedule risk based on original plan only). | Cost is within (or close to) the originally approved budget. | Recent progress growth is healthy (~2.20 points/month).
617832,Koderma-Barkakana Arigada 133 Km,CAO/Con/South/MHX ECR mor,Jharkhand,2026-07,7.5,LOW,0.0,0.0,0.0,75.0,Physical progress (0.0%) is on track or ahead of expected progress (0.0%). | No completion-date revision recorded (schedule risk based on original plan only). | Cost is within (or close to) the originally approved budget. | Recent progress growth is stalled or negative (no measurable gain last month).
617836,Coke Drum Structure Package,Numaligarh Refinery Limited,Assam,2026-07,28.75,LOW,75.0,0.0,0.0,25.0,Physical progress (72.0%) is 28.0 points below expected progress (100.0%). | No completion-date revision recorded (schedule risk based on original plan only). | Cost is within (or close to) the originally approved budget. | Recent progress growth is healthy (~1.20 points/month).
617837,Siliguri Marketing Terminal [SMT] Capacity Augmentation Project,Numaligarh Refinery Limited,West Bengal,2026-07,37.5,MEDIUM,50.0,50.0,0.0,50.0,Physical progress (89.0%) is 11.0 points below expected progress (100.0%). | Completion date has been revised by 10 month(s) (from 12/2025 to 10/2026). | Cost is within (or close to) the originally approved budget. | Recent progress growth is low (~0.70 points/month).
617838,Augmentation of CCKPL and IDPL Pipelines capacity along with setting up of Palakkad TOP,Bharat Petroleum Corporation Limited [BPCL],Kerala,2026-07,0.0,LOW,0.0,0.0,0.0,0.0,Physical progress (48.8%) is on track or ahead of expected progress (46.8%). | No completion-date revision recorded (schedule risk based on original plan only). | Cost is within (or close to) the originally approved budget. | Recent progress growth is healthy (~5.60 points/month).
617839,Capacity Augmentation of Kandla LPG Import Terminal [KLIT] from 0.6 MMTPA to 2.5 MMTPA,Indian Oil Corporation Limited [IOCL],Gujarat,2026-07,31.25,MEDIUM,75.0,0.0,0.0,50.0,Physical progress (68.0%) is 32.0 points below expected progress (100.0%). | No completion-date revision recorded (schedule risk based on original plan only). | Cost is within (or close to) the originally approved budget. | Recent progress growth is low (~0.50 points/month).
617877,Phase B Construction of Permanent Campus of IIT Bhilai,"Indian Institute of Technology, Bhilai",Chhattisgarh,2026-07,25.0,LOW,50.0,0.0,0.0,75.0,Physical progress (0.0%) is 18.2 points below expected progress (18.2%). | No completion-date revision recorded (schedule risk based on original plan only). | Cost is within (or close to) the originally approved budget. | Recent progress growth is stalled or negative (no measurable gain last month).
617878,Phase B of Construction of Permanent Campus of IIT Palakkad,INDIAN INSTITUTE OF TECHNOLOGY PALAKKAD,Kerala,2026-07,25.0,LOW,50.0,0.0,0.0,75.0,Physical progress (0.0%) is 18.2 points below expected progress (18.2%). | No completion-date revision recorded (schedule risk based on original plan only). | Cost is within (or close to) the originally approved budget. | Recent progress growth is stalled or negative (no measurable gain last month).
617880,Desalpar-Hajipir-Luna and Vayor-Lakhpat New Line,Western Railway [WR] - II,Gujarat,2026-06,25.0,LOW,50.0,0.0,0.0,75.0,Physical progress (0.0%) is 25.0 points below expected progress (25.0%). | No completion-date revision recorded (schedule risk based on original plan only). | Cost is within (or close to) the originally approved budget. | Recent progress growth is stalled or negative (no measurable gain last month).
617882,"Setting up IT Infrastructure including Network Security and Hosting at AIIMS, New Delhi",PMSSY AND Institute of NATIONAL Importance,Delhi,2026-07,26.25,LOW,75.0,0.0,0.0,0.0,Physical progress (40.0%) is 43.3 points below expected progress (83.3%). | No completion-date revision recorded (schedule risk based on original plan only). | Cost is within (or close to) the originally approved budget. | Recent progress growth is healthy (~5.00 points/month).
617883,"Redevelopment of Residential colonies at Ayur Vigyan Nagar and West Ansari Nagar campuses of AIIMS, New Delhi",PMSSY AND Institute of NATIONAL Importance,Delhi,2026-07,25.0,LOW,50.0,0.0,0.0,75.0,Physical progress (57.0%) is 24.7 points below expected progress (81.7%). | No completion-date revision recorded (schedule risk based on original plan only). | Cost is within (or close to) the originally approved budget. | Recent progress growth is stalled or negative (no measurable gain last month).
617885,Rehabilitation and Up-gradation of Nongstoin Wahkaji section of Project Road Km 0000 to Km 43060 to Intermediate Lane with earthern shoulder under SARDP-NE Phase-A in the State of Meghalaya on EPC mode. Job No- SARDP-NE ong-Don- Maw/MG/2020-21/294,MoRTH,Meghalaya,2026-07,43.75,MEDIUM,25.0,100.0,0.0,50.0,Completion date has been revised by 36 month(s) (from 08/2023 to 08/2026). | Cost is within (or close to) the originally approved budget. | Recent progress growth is low (~0.52 points/month).
617886,Widening of existing Single lane / Intermediate lane road to 2 lane from Km 101 to Km 125 of NH 61,MoRTH,Nagaland,2026-07,57.5,MEDIUM,100.0,50.0,0.0,75.0,Physical progress (44.5%) is 55.5 points below expected progress (100.0%). | Completion date has been revised by 10 month(s) (from 06/2026 to 04/2027). | Cost is within (or close to) the originally approved budget. | Recent progress growth is stalled or negative (no measurable gain last month).
617887,Beawer Gomti 4LPS from km 58.245 to km 108.600 Pkg-I,MoRTH,Rajasthan,2026-06,32.5,MEDIUM,0.0,100.0,0.0,25.0,Physical progress (100.0%) is on track or ahead of expected progress (100.0%). | Completion date has been revised by 33 month(s) (from 10/2023 to 07/2026). | Cost is within (or close to) the originally approved budget. | Recent progress growth is healthy (~1.00 points/month).
617888,Landslide treatment work on NH 58 from Kodiyala Km. 266.130 to Devprayag Km. 296.925 10 location under EPC mode in the State of Uttarakhand on EPC Mode,MoRTH,Uttarakhand,2026-07,38.75,MEDIUM,25.0,75.0,0.0,75.0,Completion date has been revised by 17 month(s) (from 02/2025 to 07/2026). | Cost is within (or close to) the originally approved budget. | Recent progress growth is stalled or negative (no measurable gain last month).
617889,Treatment of landslide zone from location no. 01 to 28 km 62.860 to 152.750 on NH- 12509 in the State of Uttarakhand under EPC mode in NHO Annual Plan 2022-23,MoRTH,Uttarakhand,2026-07,46.25,MEDIUM,25.0,100.0,0.0,75.0,Completion date has been revised by 25 month(s) (from 06/2024 to 07/2026). | Cost is within (or close to) the originally approved budget. | Recent progress growth is stalled or negative (no measurable gain last month).
617890,Construction of Champawat Bypass with two lane with paved shoulder configuration starting from existing chainage 121.700 to existing chainage 129.450 Design Length 9.847 of NH-125 in District-Champawat in the state of Uttrakhand on EPC mode.,MoRTH,Uttarakhand,2026-07,22.5,LOW,50.0,0.0,0.0,50.0,Physical progress (8.5%) is 17.6 points below expected progress (26.1%). | No completion-date revision recorded (schedule risk based on original plan only). | Cost is within (or close to) the originally approved budget. | Recent progress growth is low (~0.50 points/month).
617891,"Construction of Two lane with Paved Shoulder for Fatehpur Bypass Design Km 0.000 to Km 7.400 , Mandawa Bypass Design Km 20.925 to Km 27.300 & Jhunjhunu Bypass Design Km 41.625 to Km 54.689 of NH-11 on EPC Mode in the state of Rajasthan .",MoRTH,Rajasthan,2026-05,22.5,LOW,0.0,50.0,0.0,75.0,Physical progress (100.0%) is on track or ahead of expected progress (100.0%). | Completion date has been revised by 12 month(s) (from 08/2024 to 08/2025). | Cost is within (or close to) the originally approved budget. | Recent progress growth is stalled or negative (no measurable gain last month).
617892,Construction of 2-lane road of Potin to Pangin section of NH-13 from Km 163.59 to Km 206.66 Package-5 on EPC Mode in the State of Arunachal Pradesh under Arunachal Pradesh Package of Roads and Highways of SARDP-NE [Job No SARDP-NE/P- P/Pkg-A/NH-13/Ar.Pr./PWD/2018-19/116],MoRTH,Arunachal Pradesh,2026-07,46.25,MEDIUM,25.0,100.0,0.0,75.0,Completion date has been revised by 35 month(s) (from 11/2023 to 10/2026). | Cost is within (or close to) the originally approved budget. | Recent progress growth is stalled or negative (no measurable gain last month).
617893,Construction of additional major Bridge with 4- lane configuration of length 1.48 km on NH-60 NH-14 over River Kangshabati from Km. 117.770 to Km 119.250 and additional major Bridge with 4- lane configuration of length 0.900 km on NH-60 NH- 14 over River Shilabati from Km. 173.220 to Km 174.120 in the district of Paschim Medinipur of West Bengal under Annual Plan for FY 2023-24 on EPC mode. Job No 014-W8-2023-24/527 .,MoRTH,West Bengal,2026-07,33.75,MEDIUM,75.0,0.0,0.0,75.0,Physical progress (0.0%) is 26.7 points below expected progress (26.7%). | Completion date has not slipped versus the original plan. | Cost is within (or close to) the originally approved budget. | Recent progress growth is stalled or negative (no measurable gain last month).
617894,"Construction or 4 lane Raniganj Bypass of length 5.261 km on NH-60 new NH-14 from km 273.00 of NH to km 478.18 of NH-2 New NH 16 in paschim Bardhaman, West Bengal in EPC Mode- reg. Job No. 014-WB-2022-23/514",MoRTH,West Bengal,2026-07,56.25,MEDIUM,75.0,75.0,0.0,75.0,Physical progress (67.3%) is 32.7 points below expected progress (100.0%). | Completion date has been revised by 14 month(s) (from 03/2026 to 05/2027). | Cost is within (or close to) the originally approved budget. | Recent progress growth is stalled or negative (no measurable gain last month).
617895,Construction of Mangaldoi Bypass NH-15 starting at Ch 26400 and terminating at Ch 41505 under Rangia NH Division L 15.105 Km in the State of Assam. Job No. 15/AS/2021-22/234,MoRTH,Assam,2026-07,45.0,MEDIUM,50.0,75.0,0.0,50.0,Physical progress (76.3%) is 23.7 points below expected progress (100.0%). | Completion date has been revised by 20 month(s) (from 04/2025 to 12/2026). | Cost is within (or close to) the originally approved budget. | Recent progress growth is low (~0.50 points/month).
617896,"Construction of 4 lane Gauripur Bypass Starting bfrom Km 852.56 of NH- 31Dumardoha Pt-II and Terminating at Km 862.17 Baladmara via. Khudimari Pt.- II, Fulkumari, Charaldanga, Sajuakuti,Geramari Pt.-III and finally meeting at km 862.17 of NH-17New/ NH-31Old in the State of Assam under EPC Mode Job no. 31/AS/ 2023- 24/265",MoRTH,Assam,2026-07,26.25,LOW,75.0,0.0,0.0,0.0,Physical progress (34.0%) is 49.3 points below expected progress (83.3%). | Completion date has not slipped versus the original plan. | Cost is within (or close to) the originally approved budget. | Recent progress growth is healthy (~13.20 points/month).
617897,Construction of proposed 4Lane Revelgunj bypass NH-19 in the State of Bihar on EPC mode connecting NH 19 to 85 origin,MoRTH,Bihar,2026-07,40.0,MEDIUM,50.0,75.0,0.0,0.0,Physical progress (88.7%) is 11.3 points below expected progress (100.0%). | Completion date has been revised by 17 month(s) (from 07/2025 to 12/2026). | Cost is within (or close to) the originally approved budget. | Recent progress growth is healthy (~2.63 points/month).
617898,New construction of Major Bridge with Approaches from Km 0.000 to 1.200 Madhopur -Badabanta section of NH-20 under NHO in Annual Plan 2022-23 in the State of Odisha,MoRTH,Odisha,2026-07,33.75,MEDIUM,75.0,0.0,0.0,75.0,Physical progress (0.0%) is 50.0 points below expected progress (50.0%). | Completion date has not slipped versus the original plan. | Cost is within (or close to) the originally approved budget. | Recent progress growth is stalled or negative (no measurable gain last month).
617899,Widening and Strengthening to 4LPS/2LPS from km 0.000 to 35.800 Kuakhia - Mangalpur section of NH 20 in the state of Odisha on Annual Plan 2021-22,MoRTH,Odisha,2026-07,48.75,MEDIUM,75.0,50.0,0.0,75.0,Physical progress (56.1%) is 43.9 points below expected progress (100.0%). | Completion date has been revised by 9 month(s) (from 02/2026 to 11/2026). | Cost is within (or close to) the originally approved budget. | Recent progress growth is stalled or negative (no measurable gain last month).
617900,Upgradation to Two Lane Paved Shoulder in km 33/0 to 126/520 of NH-23 Old NH- 11B Kothun-Lalsot-Karoli-Dholpur road in the state of Rajasthan under EPC mode Length-93.52 Km.,MoRTH,Rajasthan,2026-05,23.75,LOW,25.0,50.0,0.0,0.0,Completion date has been revised by 12 month(s) (from 09/2024 to 09/2025). | Cost is within (or close to) the originally approved budget. | Recent progress growth is healthy (~2.00 points/month).
617901,Widening of Pachpadra-Bagundi Section to 4 Lane from Km 73/60 to 95/70 of NH-25 on EPC mode in the state of Rajasthan.,MoRTH,Rajasthan,2026-07,38.75,MEDIUM,25.0,75.0,0.0,75.0,Completion date has been revised by 19 month(s) (from 12/2024 to 07/2026). | Cost is within (or close to) the originally approved budget. | Recent progress growth is stalled or negative (no measurable gain last month).
617902,construction or By-pass road on NH-26 for Nabrangpur Town,MoRTH,Odisha,2026-07,26.25,LOW,75.0,0.0,0.0,0.0,Physical progress (38.0%) is 41.2 points below expected progress (79.2%). | Completion date has not slipped versus the original plan. | Cost is within (or close to) the originally approved budget. | Recent progress growth is healthy (~3.00 points/month).
617904,Construction of Bypass road to Balangir town from km 72/400 Desing km 0/0 to km 79/800 Design km 11/670 of NH-26 in the State of Odisha.,MoRTH,Odisha,2026-07,56.25,MEDIUM,75.0,75.0,0.0,75.0,Physical progress (55.0%) is 45.0 points below expected progress (100.0%). | Completion date has been revised by 14 month(s) (from 10/2025 to 12/2026). | Cost is within (or close to) the originally approved budget. | Recent progress growth is stalled or negative (no measurable gain last month).
617905,Construction of 4 lane ROB with approaches in lieu of LC No. RV-172 at km 176.00 of NH-201 present NH-26 at Kesinga including land acquisition in the state of Odisha on EPC mode under Annual Plan 2021-22,MoRTH,Odisha,2026-07,40.0,MEDIUM,50.0,75.0,0.0,0.0,Physical progress (78.0%) is 22.0 points below expected progress (100.0%). | Completion date has been revised by 24 month(s) (from 05/2025 to 05/2027). | Cost is within (or close to) the originally approved budget. | Recent progress growth is healthy (~7.91 points/month).
617906,Up-gradation of Dhoraji-Jamkandorna-Kalavad Section of NH-927D from Design Chainage km 0/00 to km 58/115 to Two lane with PS configuration in the State of Gujarat on EPC,MoRTH,Gujarat,2026-07,50.0,MEDIUM,75.0,0.0,65.0,75.0,Physical progress (35.0%) is 40.0 points below expected progress (75.0%). | Completion date has not slipped versus the original plan. | Cost overrun of 18.1% (original Rs. 246.60 Cr -> revised Rs. 291.19 Cr). | Recent progress growth is stalled or negative (no measurable gain last month).
617907,Rehabilitation and Up-gradation from Km 170700 Bhadrachalam to Km 234567 Konta on NH-30 to Two lane with Paved Shoulder in the State of Andra Pradesh on EPC mode.,MoRTH,Andhra Pradesh,2026-05,30.0,LOW,0.0,75.0,0.0,75.0,Physical progress (100.0%) is on track or ahead of expected progress (100.0%). | Completion date has been revised by 19 month(s) (from 09/2024 to 04/2026). | Cost is within (or close to) the originally approved budget. | Recent progress growth is stalled or negative (no measurable gain last month).
617908,Bemetara Bypass NH 30,MoRTH,Chhattisgarh,2026-07,25.0,LOW,50.0,0.0,0.0,75.0,Physical progress (42.0%) is 20.5 points below expected progress (62.5%). | Completion date has not slipped versus the original plan. | Cost is within (or close to) the originally approved budget. | Recent progress growth is stalled or negative (no measurable gain last month).
617909,Construction of Rewa Bypass to 4-lane with paved shoulder along with service road from Ratahara Chowk to Chorhata Chowk Road section of NH-30 from km 00.000 to 19.200 in the State of Madhya Pradesh on Hybrid Annuity Mode HAM.,MoRTH,Madhya Pradesh,2026-07,25.0,LOW,50.0,0.0,0.0,75.0,Physical progress (50.0%) is 20.8 points below expected progress (70.8%). | Completion date has not slipped versus the original plan. | Cost is within (or close to) the originally approved budget. | Recent progress growth is stalled or negative (no measurable gain last month).
617911,Rehabilitation and upgradation Umaria to Shahdol section of NH-78 from Existing Km. 68/4 to Km. 142/2 to 2LPS including construction of Birshinghpur and Shahdol Bypass on EPC mode under NHDP-IVA,MoRTH,Madhya Pradesh,2026-07,62.5,HIGH,25.0,100.0,65.0,75.0,Completion date has been revised by 109 month(s) (from 07/2017 to 08/2026). | Cost overrun of 19.8% (original Rs. 511.83 Cr -> revised Rs. 613.16 Cr). | Recent progress growth is stalled or negative (no measurable gain last month).
617912,Construction of 6 lane flyover from Khapari ROB to Mihan Interchange design chainage km 8760 to 11450 L- 2.69 km and upgradation of existing 4L PS road to 6LPS with service road by flexible pavement design chainage km 11450 to 14500 L- 3.05 [total project length 5.74 km] in section of Nagpur - Hyderabad NH-44 Old NH-7 in Nagpur district in the state of Maharashtra on HAM mode.,MoRTH,Maharashtra,2026-07,33.75,MEDIUM,75.0,0.0,0.0,75.0,Physical progress (8.2%) is 29.3 points below expected progress (37.5%). | Completion date has not slipped versus the original plan. | Cost is within (or close to) the originally approved budget. | Recent progress growth is stalled or negative (no measurable gain last month).
617913,6-laning of km 9.900 to km 19/948 Aramgarh to Shamshabad Section of Hyderabad- Bangalore section of NH-44 Under NHO EPC basis in the state of Telangana,MoRTH,Telangana,2026-07,56.25,MEDIUM,25.0,100.0,40.0,75.0,Completion date has been revised by 73 month(s) (from 05/2020 to 06/2026). | Cost overrun of 6.2% (original Rs. 283.15 Cr -> revised Rs. 300.70 Cr). | Recent progress growth is stalled or negative (no measurable gain last month).
617914,Upgradation and reconstruction of Shahpura-Dindori Section of NH 45 from Km 103.700 Design to Km 164.580 Design including 3 bypasses Total length 60.88km to Two lane with paved shoulder configuration along with One time improvement in 03 nos of bypassed built-up areas in a total length of 12.341 km in the State of Madhya Pradesh on EPC mode,MoRTH,Madhya Pradesh,2026-07,62.5,HIGH,100.0,75.0,20.0,0.0,Physical progress (41.2%) is 58.8 points below expected progress (100.0%). | Completion date has been revised by 18 month(s) (from 12/2025 to 06/2027). | Cost is within (or close to) the originally approved budget. | Recent progress growth is healthy (~8.73 points/month).
617915,Upgradation of Dindori-Sagartola-kabichabutra MP-CG border section of NH -45 from km 000Design to km 77.00 Design to Two lane with paved shoulder configration along with one time improvement in 04 nos. of bypaased built-up areas in a total length of 9.1 km in the state of Madhya Pradesh on EPC mode.,MoRTH,Madhya Pradesh,2026-06,15.0,LOW,0.0,50.0,0.0,0.0,Physical progress (100.0%) is on track or ahead of expected progress (100.0%). | Completion date has been revised by 10 month(s) (from 09/2025 to 07/2026). | Cost is within (or close to) the originally approved budget. | Recent progress growth is healthy (~6.32 points/month).
617916,Work of 6 laning/Construction of elevated corridor from km 0/0 to 10/170 Narol Junction to Sarkhej junction including 4 lane Shastri Bridge on Sabarmati river on NH 47 in the State of Gujarat on HAM mode,MoRTH,Gujarat,2026-07,8.75,LOW,25.0,0.0,0.0,0.0,Completion date has not slipped versus the original plan. | Cost is within (or close to) the originally approved budget. | Recent progress growth is healthy (~5.00 points/month).
617917,"Construction of 4 Lane Flyover at Nagpur RTO Chowk To Nagpur University Campus from Ch 2/250 to 5/100 and 4 lane flyover at wadi/midc junction from km 8/360 to km, 10/300 on NH 53 in state of Maharashtra.",MoRTH,Maharashtra,2026-05,43.75,MEDIUM,25.0,75.0,20.0,75.0,Completion date has been revised by 13 month(s) (from 03/2024 to 04/2025). | Cost is within (or close to) the originally approved budget. | Recent progress growth is stalled or negative (no measurable gain last month).
617918,"Widening and Strengthening of existing S/L, I/L, & D/L to 2 Lane with PS from Km 256/455 to 256/503, 256/820 to 256/960, 265/760 to 266/010, 266/010 to 266/800, 270/975 to 271/055, 276/460 to 276/560, 276/560 to 276/700, 276/700 to 277/480, 285/780 to 288/290, 288/290 to 291/050 and construction of 3 Nos. of Bypass from Km 266/800 to 267/300, 270/025 to 270/975, & 284/700 to 285/780 on NH-53 under NHO in Annual Plan 2022-23 for the State of Odisha.",MoRTH,Odisha,2026-07,9.72,LOW,25.0,0.0,0.0,,No completion-date revision recorded (schedule risk based on original plan only). | Cost is within (or close to) the originally approved budget. | Recent progress trend could not be assessed (no prior month to compare).
617919,Construction of 4 Nos Grade separtor between km. 281.000 to km. 307.600 km. 286.400 kumhari km. 299.000 Transport Nagar km. 302.000 Power House km. 304.000 Chandra Moura Chowk to km. 305.000 supeia of NH-53 old NH-06 Raipur - Durg 4 Lane on EPC mode in the state of chhattisgarh job NO. NH-53old NH-06 CG- 2017-18-56,MoRTH,Chhattisgarh,2026-07,46.25,MEDIUM,25.0,100.0,0.0,75.0,Completion date has been revised by 55 month(s) (from 01/2021 to 08/2025). | Cost is within (or close to) the originally approved budget. | Recent progress growth is stalled or negative (no measurable gain last month).
617920,Widening and Strengthening to 2LPS including LA from km 318.970 to 353.450 Balikuda-Mulkani Section of NH-55 under NHO in Annual Plan 2022-23 in the State of Odisha. Job No. NH-55-OD-2022-23-656,MoRTH,Odisha,2026-07,42.5,MEDIUM,100.0,0.0,0.0,75.0,Physical progress (3.0%) is 51.2 points below expected progress (54.2%). | Completion date has not slipped versus the original plan. | Cost is within (or close to) the originally approved budget. | Recent progress growth is stalled or negative (no measurable gain last month).
617921,Widening and strengthening to 2LPS including LA of Kandarpur-Balikuda from km 277/500 to 318/970 of NH-55 in the State of Odisha under Annual Plan 2021-22.,MoRTH,Odisha,2026-07,48.75,MEDIUM,75.0,75.0,0.0,0.0,Physical progress (66.0%) is 34.0 points below expected progress (100.0%). | Completion date has been revised by 17 month(s) (from 06/2025 to 11/2026). | Cost is within (or close to) the originally approved budget. | Recent progress growth is healthy (~5.35 points/month).
617922,Construction of Jharsuguda Bypass including Land acqusition on NH-49 from km 258.636 to km 283.300 design chainage 258.636 to km 289.876 under NHO in Annual Plan 2022-23 for the state of Odisha Job No.NH-49-OD-2022-23-655,MoRTH,Odisha,2026-07,26.25,LOW,75.0,0.0,0.0,0.0,Physical progress (25.0%) is 35.0 points below expected progress (60.0%). | Completion date has not slipped versus the original plan. | Cost is within (or close to) the originally approved budget. | Recent progress growth is healthy (~2.00 points/month).
617923,Construction of Daspalla Bypass from km 195.250 To 200.635 of NH-57 including land acquisition in the state of Odisha on EPC mode under Annual Plan 2022-23.,MoRTH,Odisha,2026-07,33.75,MEDIUM,75.0,0.0,0.0,75.0,Physical progress (25.0%) is 33.3 points below expected progress (58.3%). | Completion date has not slipped versus the original plan. | Cost is within (or close to) the originally approved budget. | Recent progress growth is stalled or negative (no measurable gain last month).
617924,Construction of bypass to Nayagarh town from km 235.469 to 252.482 of NH-57 including land acquisition in the state of Odisha.,MoRTH,Odisha,2026-05,22.5,LOW,0.0,50.0,0.0,75.0,Physical progress (100.0%) is on track or ahead of expected progress (100.0%). | Completion date has been revised by 11 month(s) (from 04/2025 to 03/2026). | Cost is within (or close to) the originally approved budget. | Recent progress growth is stalled or negative (no measurable gain last month).
617925,Construction of Bypass to Khordha town from Km 294/000 to 300/300 on NH-57 including LA in the State of Odisha on EPC mode.,MoRTH,Odisha,2026-07,38.75,MEDIUM,25.0,75.0,0.0,75.0,Completion date has been revised by 21 month(s) (from 11/2024 to 08/2026). | Cost is within (or close to) the originally approved budget. | Recent progress growth is stalled or negative (no measurable gain last month).
617926,Construction of new 4 lane major bridge with approaches on Sabarmati River near Dharoi at Km. 82/00 to 86/00 Design length 3.300 km on NH-58 in the State of Gujarat on Hybrid Annuity Mode HAM,MoRTH,Gujarat,2026-07,0.0,LOW,0.0,0.0,0.0,0.0,Physical progress (53.0%) is on track or ahead of expected progress (45.8%). | Completion date has not slipped versus the original plan. | Cost is within (or close to) the originally approved budget. | Recent progress growth is healthy (~9.00 points/month).
617927,Widening to 2LPS between Km 0/0 to 56/0 Khokhara Gujarat Border Vijayanagar Antrasuba Mathasur road of NH 58 in the State of Gujarat,MoRTH,Gujarat,2026-07,11.25,LOW,25.0,0.0,0.0,25.0,Completion date has not slipped versus the original plan. | Cost is within (or close to) the originally approved budget. | Recent progress growth is healthy (~1.00 points/month).
617928,"Widening 2 lane to 4-lane from KM 92/320 to Km 115/320 Vav Chokdi-Satlasana to to Vrundavan Chokdi, Kheralu on NH-58 in the State of Gujarat.",MoRTH,Gujarat,2026-07,35.25,MEDIUM,25.0,30.0,40.0,75.0,Completion date has been revised by 5 month(s) (from 03/2026 to 08/2026). | Cost overrun of 13.3% (original Rs. 151.13 Cr -> revised Rs. 171.27 Cr). | Recent progress growth is stalled or negative (no measurable gain last month).
617929,Construction of 2 lane with paved shoulder of Kund Bypass from Design Km 35.130 to Km 47.700 existing Km 33.130 to Km 41.260 of NH-109 in the State of Uttarakhand,MoRTH,Uttarakhand,2026-07,63.75,HIGH,75.0,100.0,0.0,75.0,Physical progress (73.5%) is 26.5 points below expected progress (100.0%). | Completion date has been revised by 79 month(s) (from 05/2020 to 12/2026). | Cost is within (or close to) the originally approved budget. | Recent progress growth is stalled or negative (no measurable gain last month).
617930,Construction of Bypass on NH-59 from Km 336/350 to 349/910 13.56 km near Berhampur town including 4-lane RoB in the state of Odisha.,MoRTH,Odisha,2026-07,48.75,MEDIUM,75.0,50.0,0.0,75.0,Physical progress (70.0%) is 30.0 points below expected progress (100.0%). | Completion date has been revised by 12 month(s) (from 12/2025 to 12/2026). | Cost is within (or close to) the originally approved budget. | Recent progress growth is stalled or negative (no measurable gain last month).
617931,Construction of ROB and its approaches in lieu of LC No. 10/B/T at Km 307.050 of NH-60.,MoRTH,West Bengal,2026-07,70.0,HIGH,100.0,100.0,0.0,50.0,Physical progress (17.1%) is 82.9 points below expected progress (100.0%). | Completion date has been revised by 26 month(s) (from 08/2025 to 10/2027). | Cost is within (or close to) the originally approved budget. | Recent progress growth is low (~0.24 points/month).
617932,Construction of New Four Lane Bypass to Parbhani City Parwa to Asola Km 463/265 to Km 481/180 Design Ch. 19220 to Ch. 34434 Length-15.214 Km section of NH-61 on EPC mode in the State of Maharashtra.,MoRTH,Maharashtra,2026-07,56.25,MEDIUM,75.0,75.0,0.0,75.0,Physical progress (70.1%) is 29.9 points below expected progress (100.0%). | Completion date has been revised by 24 month(s) (from 10/2024 to 10/2026). | Cost is within (or close to) the originally approved budget. | Recent progress growth is stalled or negative (no measurable gain last month).
617933,Up-gradation to four lane/ Two lane with paved shoulders configuration of Kalyan - Murbad - Malshej Ghat - Nirmal Road NH- 61 km 15/200 to Km 38/00 and from Km. 58/00 to Km 84/00 Design length 48.58 km of NH-61 on EPC Mode in Thane District in the state of Maharashtra,MoRTH,Maharashtra,2026-05,7.5,LOW,0.0,0.0,0.0,75.0,Physical progress (100.0%) is on track or ahead of expected progress (89.7%). | Completion date has not slipped versus the original plan. | Cost is within (or close to) the originally approved budget. | Recent progress growth is stalled or negative (no measurable gain last month).
617934,Nasratpur to Barasgaon section of NH-61 2L / 4L PS from Km.514/00 to 558/200,MoRTH,Maharashtra,2026-07,46.25,MEDIUM,25.0,100.0,0.0,75.0,Completion date has been revised by 83 month(s) (from 09/2019 to 08/2026). | Cost is within (or close to) the originally approved budget. | Recent progress growth is stalled or negative (no measurable gain last month).
617935,"Construction of Elevated corridor from Km. 135.650 to 136.300 on 63, from Km. 249 to Km. 250.050 on old NH-4 and from Km. 192.910 to Km. 193.350 on NH-218 from decongestion of traffic in Ranichennamma circle in Hubli city in the state of Karnataka on EPC basis",MoRTH,Karnataka,2026-07,80.0,HIGH,75.0,100.0,65.0,75.0,Physical progress (65.0%) is 35.0 points below expected progress (100.0%). | Completion date has been revised by 29 month(s) (from 06/2024 to 11/2026). | Cost overrun of 17.3% (original Rs. 298.00 Cr -> revised Rs. 349.49 Cr). | Recent progress growth is stalled or negative (no measurable gain last month).
617936,Widening to two/four lane with paved shoulder from Km.180.600 to Km.223.000 of NH-63 on Nizamabad-Jagadalpur road on EPC mode under NHO in the state of Telangana.,MoRTH,Telangana,2026-07,7.5,LOW,0.0,0.0,0.0,75.0,Physical progress (100.0%) is on track or ahead of expected progress (100.0%). | No completion-date revision recorded (schedule risk based on original plan only). | Cost is within (or close to) the originally approved budget. | Recent progress growth is stalled or negative (no measurable gain last month).
617937,Udgir Raavi Degloor Aadampur phata to Sagroli fata,MoRTH,Maharashtra,2026-07,16.25,LOW,25.0,0.0,0.0,75.0,No completion-date revision recorded (schedule risk based on original plan only). | Cost is within (or close to) the originally approved budget. | Recent progress growth is stalled or negative (no measurable gain last month).
617938,Rehabilitation And Upgradation to four lane with paved shoulder configuration from km 24350 to km 61875 Jawale - Borgaon Kale of NH-63 in the State of Maharashtra on EPC mode under Annual Plan 2024-25 Total length - 37.525 Km.,MoRTH,Maharashtra,2026-07,33.75,MEDIUM,75.0,0.0,0.0,75.0,Physical progress (20.0%) is 35.6 points below expected progress (55.6%). | Completion date has not slipped versus the original plan. | Cost is within (or close to) the originally approved budget. | Recent progress growth is stalled or negative (no measurable gain last month).
617939,6-Laning of Pune-Hyderabad Section of NH-65 from Km 493/0 to Km 524/0 from Sangareddy X Roads to Madinaguda in the State of Telangana,MoRTH,Telangana,2026-07,46.5,MEDIUM,100.0,30.0,0.0,25.0,Physical progress (45.9%) is 54.1 points below expected progress (100.0%). | Completion date has been revised by 1 month(s) (from 07/2026 to 08/2026). | Cost is within (or close to) the originally approved budget. | Recent progress growth is healthy (~1.12 points/month).
617940,"Rehabilitation and Upgradation of LB-Nagar to Malkapur section to 6-Lane main carriageway with service roads, drains cum footpath, including VUPs and widening of Minor bridge & road safety provisions from Km. 15/00 to Km 40/00 of NH-65 Old NH-9 under NH O for the year 2020-21 in the state of Telangana on EPC Mode.",MoRTH,Telangana,2026-07,50.0,MEDIUM,50.0,100.0,0.0,25.0,Physical progress (83.5%) is 16.5 points below expected progress (100.0%). | Completion date has been revised by 29 month(s) (from 07/2024 to 12/2026). | Cost is within (or close to) the originally approved budget. | Recent progress growth is healthy (~1.19 points/month).
617941,4-Laning from End of Zuari approaches to Start of Margao Bypass section of NH-66 from Km 536.800 to Km 543.450,MoRTH,Goa,2026-07,22.5,LOW,50.0,0.0,0.0,50.0,Physical progress (1.0%) is 19.8 points below expected progress (20.8%). | Completion date has not slipped versus the original plan. | Cost is within (or close to) the originally approved budget. | Recent progress growth is low (~0.50 points/month).
617942,Construction of Six lane Elevated Corridor from Km. 508.000 to Km. 513.150 including approaches on NH-66,MoRTH,Goa,2026-07,20.25,LOW,25.0,30.0,0.0,25.0,Completion date has been revised by 6 month(s) (from 04/2026 to 10/2026). | Cost is within (or close to) the originally approved budget. | Recent progress growth is healthy (~1.98 points/month).
617943,4-laning of Navelim to Cuncolim Section of NH-66 from Km 554.245 to Km 561.480 on HAM Mode,MoRTH,Goa,2026-07,16.25,LOW,25.0,0.0,0.0,75.0,Completion date has not slipped versus the original plan. | Cost is within (or close to) the originally approved budget. | Recent progress growth is stalled or negative (no measurable gain last month).
617944,Kashedi ghat tunnel NH-66 [Bhogaon Khurd - Kashedi section] 4 lanes under NHDP on EPC mode,MoRTH,Maharashtra,2026-05,21.25,LOW,25.0,0.0,20.0,75.0,Completion date has not slipped versus the original plan. | Cost is within (or close to) the originally approved budget. | Recent progress growth is stalled or negative (no measurable gain last month).
617945,Balance work of NH-66 from design Km 84/00 to Km 87/100 Indapur Bypass and Km 91/600 to Km 99/100 Mangaon Bypass to four lane with paved shoulder in State of Maharashtra under NHO on EPC Mode.,MoRTH,Maharashtra,2026-07,5.0,LOW,0.0,0.0,0.0,50.0,Physical progress (67.2%) is on track or ahead of expected progress (50.0%). | Completion date has not slipped versus the original plan. | Cost is within (or close to) the originally approved budget. | Recent progress growth is low (~0.72 points/month).
617946,Kashedi to Parshuram Ghat section of NH-66 from Km 161/600 - Km 205/400 - 4L PS,MoRTH,Maharashtra,2026-07,46.25,MEDIUM,25.0,100.0,0.0,75.0,Completion date has been revised by 70 month(s) (from 02/2020 to 12/2025). | Cost is within (or close to) the originally approved budget. | Recent progress growth is stalled or negative (no measurable gain last month).
617947,Arawali Kante section of NH-17New NH-66 4L PS from Km.241/300 to 281/300,MoRTH,Maharashtra,2026-07,76.25,HIGH,50.0,100.0,85.0,75.0,Physical progress (80.1%) is 19.9 points below expected progress (100.0%). | Completion date has been revised by 76 month(s) (from 11/2019 to 03/2026). | Cost overrun of 43.3% (original Rs. 1006.99 Cr -> revised Rs. 1443.09 Cr). | Recent progress growth is stalled or negative (no measurable gain last month).
617948,Kante - Wakad section of NH-66 4L PS from Km.281/300 to 332/200,MoRTH,Maharashtra,2026-07,71.25,HIGH,25.0,100.0,100.0,75.0,Completion date has been revised by 72 month(s) (from 11/2019 to 11/2025). | Cost overrun of 80.8% (original Rs. 1117.75 Cr -> revised Rs. 2020.56 Cr). | Recent progress growth is stalled or negative (no measurable gain last month).
617949,Tadipatri Bypass Km 0000 to Km 6285 of 4-Lane on NH-67 in Anantapuramu district of AP state under NHO on EPC Mode under Annual Plan 2022-23,MoRTH,Andhra Pradesh,2026-06,7.5,LOW,0.0,0.0,0.0,75.0,Physical progress (100.0%) is on track or ahead of expected progress (100.0%). | Completion date has not slipped versus the original plan. | Cost is within (or close to) the originally approved budget. | Recent progress growth is stalled or negative (no measurable gain last month).
617950,Construction of Srinivasapura Bypass from existing Km 453.890 Design Ch. 0000 to existing Km 461.450 Design Ch 10080 on NH-69 in the State of Karnataka Under NH O in EPC mode under Annual Plan 2022-23 NH-69-KNT-2022-23-966 dated 22.11.2022,MoRTH,Karnataka,2026-07,26.25,LOW,75.0,0.0,0.0,0.0,Physical progress (22.0%) is 44.7 points below expected progress (66.7%). | Completion date has not slipped versus the original plan. | Cost is within (or close to) the originally approved budget. | Recent progress growth is healthy (~2.00 points/month).
617951,Construction of Chintamani Bypass from Design Ch.0000 Existing Ch.428880 to Design Ch.15400 Existing Ch.444010 on NH-69 in the State of Karnataka in EPC Mode under NHO Annual Plan 2022-23. NH-69-KNT-2022-23-989 dated 24.03.2023,MoRTH,Karnataka,2026-07,17.5,LOW,50.0,0.0,0.0,0.0,Physical progress (14.0%) is 19.3 points below expected progress (33.3%). | Completion date has not slipped versus the original plan. | Cost is within (or close to) the originally approved budget. | Recent progress growth is healthy (~4.00 points/month).
617954,Balance work of Rehabilitation and upgrading to 2lane/2lane with paved shoulder configuration and strengthening from from Km 343.80 to 400.33 of Gowribidanur-Chik Ballapur section in the state of Karnataka Under Annual Plan 2021-22 under EPC Mode.-952,MoRTH,Karnataka,2026-05,38.75,MEDIUM,25.0,75.0,0.0,75.0,Completion date has been revised by 14 month(s) (from 02/2025 to 04/2026). | Cost is within (or close to) the originally approved budget. | Recent progress growth is stalled or negative (no measurable gain last month).
617955,Widening to two lane with paved Shoulders from Km 40.00 to Km 75.00 Existing chainages of Mangalore - Tumkur section of NH-73 in the State of Karnataka on EPC Mode under Annual Plan 2021-22 Job No NH-73-KNT-2021-22-945,MoRTH,Karnataka,2026-07,42.5,MEDIUM,50.0,75.0,0.0,25.0,Physical progress (85.0%) is 15.0 points below expected progress (100.0%). | Completion date has been revised by 21 month(s) (from 03/2025 to 12/2026). | Cost is within (or close to) the originally approved budget. | Recent progress growth is healthy (~1.00 points/month).
617957,Construction of Jasra Bypass with four lane paved shoulder configurationfrom Km 379.670 on NH-76New NH-35 to Km 18.00 on NH-27New NH-30 on EPC in the State of Uttar Pradesh.,MoRTH,Uttar Pradesh,2026-05,16.25,LOW,25.0,0.0,0.0,75.0,No completion-date revision recorded (schedule risk based on original plan only). | Cost is within (or close to) the originally approved budget. | Recent progress growth is stalled or negative (no measurable gain last month).
617958,Widening & Strenthening from km132.895 to km 190.15 NH-80,MoRTH,Bihar,2026-07,58.75,MEDIUM,75.0,75.0,0.0,100.0,Physical progress (73.2%) is 26.8 points below expected progress (100.0%). | Completion date has been revised by 24 month(s) (from 11/2024 to 11/2026). | Cost is within (or close to) the originally approved budget. | Recent progress growth is stalled or negative (no measurable gain last month).
617959,Rehabilitation & Widening work for 2 Lane with Paved Shoulder of Existing NH-80 from km 70.15 to Km 121.025 of Munger-Suttanganj -BhagatpurMirzachowki section on EPC Mode in the State of Bihar.,MoRTH,Bihar,2026-05,16.25,LOW,25.0,0.0,0.0,75.0,No completion-date revision recorded (schedule risk based on original plan only). | Cost is within (or close to) the originally approved budget. | Recent progress growth is stalled or negative (no measurable gain last month).
617960,Construction of new road at the missing link portion of NH-81 along approved alignment between Harishchandrapur and Eastern approach of Kalindri Bridge from Km 46.550 to Km 59.697 in the district of Malda. Job No-081-WB-2015-16/400,MoRTH,West Bengal,2026-07,62.5,HIGH,50.0,100.0,40.0,50.0,Physical progress (85.6%) is 14.4 points below expected progress (100.0%). | Completion date has been revised by 95 month(s) (from 11/2018 to 10/2026). | Cost overrun of 7.4% (original Rs. 271.17 Cr -> revised Rs. 291.20 Cr). | Recent progress growth is low (~0.48 points/month).
617961,Gaya-Hisua-Rajgir-Nalanda-Biharsharif section km0.00 to 92.935 NH-82,MoRTH,Bihar,2026-07,67.5,HIGH,25.0,100.0,85.0,75.0,Completion date has been revised by 83 month(s) (from 11/2019 to 10/2026). | Cost overrun of 51.8% (original Rs. 1408.85 Cr -> revised Rs. 2138.16 Cr). | Recent progress growth is stalled or negative (no measurable gain last month).
617962,"Construction of Bypass to Madurai Achambathu Viratipathu in between km 6/850 10/382 of NH 49 Extn New NH 85 including Land Acquisition on Engineering, Procurement & Construction EPC basis Contract under NH O Annual Plan 2021-22 in the state of Tamil Nadu job No.NH-49 Extn New NH 85 - TN-2021-22-997",MoRTH,Tamil Nadu,2026-07,26.25,LOW,25.0,0.0,40.0,75.0,Completion date has not slipped versus the original plan. | Cost overrun of 8.8% (original Rs. 238.97 Cr -> revised Rs. 260.07 Cr). | Recent progress growth is stalled or negative (no measurable gain last month).
617963,Rehabilitation and upgradation to four lane road from km 70.500 to km 78.600 of NH- 92 under EPC mode in the State of Uttar Pradesh,MoRTH,Uttar Pradesh,2026-07,42.5,MEDIUM,75.0,0.0,65.0,0.0,Physical progress (39.0%) is 36.0 points below expected progress (75.0%). | Completion date has not slipped versus the original plan. | Cost overrun of 18.8% (original Rs. 296.02 Cr -> revised Rs. 351.78 Cr). | Recent progress growth is healthy (~6.00 points/month).
617964,"Widening to Four Lane rigid pavement configuration from Km 90.00 to Km 100.800 on NH-96 Km 42.0 to Km 53.300 as per new NH-330,design length of 11.300 km under EPC mode in the state of Uttar Pradesh.",MoRTH,Uttar Pradesh,2026-07,40.0,MEDIUM,100.0,0.0,0.0,50.0,Physical progress (31.1%) is 52.2 points below expected progress (83.3%). | Completion date has not slipped versus the original plan. | Cost is within (or close to) the originally approved budget. | Recent progress growth is low (~0.09 points/month).
617965,Kopargaon to Savali Vihir section,MoRTH,Maharashtra,2026-07,38.75,MEDIUM,25.0,100.0,0.0,0.0,Completion date has been revised by 25 month(s) (from 07/2024 to 08/2026). | Cost is within (or close to) the originally approved budget. | Recent progress growth is healthy (~2.95 points/month).
617966,Rehabilitation and Upgrading to 2 lanes/2-lane with paved shoulders configuration and strengthening of of Birpur and Bihpur Section from km 0.0 to Km 106 of NH 106 under phase I of National Highways Interconnectivity Improvement Projects NHIIP ICB No. NHIIP-BR-106-7 [NHIIP-BR-106-7],MoRTH,Bihar,2026-07,62.5,HIGH,25.0,100.0,65.0,75.0,Completion date has been revised by 84 month(s) (from 10/2019 to 10/2026). | Cost overrun of 23.1% (original Rs. 780.77 Cr -> revised Rs. 961.33 Cr). | Recent progress growth is stalled or negative (no measurable gain last month).
617967,Construction of Rudraprayag tunnel of length 900.30 MTR including approaches and one major bridge on river Alaknanda connecting NH-107/old-109 to NH-07old-58 on EPC mode in the state of Uttarakhand.,MoRTH,Uttarakhand,2026-07,31.25,MEDIUM,25.0,50.0,0.0,75.0,Completion date has been revised by 12 month(s) (from 07/2025 to 07/2026). | Cost is within (or close to) the originally approved budget. | Recent progress growth is stalled or negative (no measurable gain last month).
617968,Construction & Widening Including Augustmuni Bypass Ch-16.545 to Ch - 19.890 to 2L/PS from Km 16.545-Km 33.130 & 45.980 -57.975 Augustmuni to Kund & Guptkashi to Sitapur on NH 109 in UK,MoRTH,Uttarakhand,2026-07,46.25,MEDIUM,25.0,100.0,0.0,75.0,Completion date has been revised by 49 month(s) (from 02/2020 to 03/2024). | Cost is within (or close to) the originally approved budget. | Recent progress growth is stalled or negative (no measurable gain last month).
617969,Construction of 4 Lane ROB and its approaches at the level crossing LC No 29 B of Km 29 Ekangarsarai at NH 110 New NH 33 & Railway Km 32.63 at Fatwa FUT Islampur IPR section in the state of Bihar on EPC mode.,MoRTH,Bihar,2026-07,42.75,MEDIUM,75.0,30.0,0.0,75.0,Physical progress (62.0%) is 38.0 points below expected progress (100.0%). | Completion date has been revised by 5 month(s) (from 07/2026 to 12/2026). | Cost is within (or close to) the originally approved budget. | Recent progress growth is stalled or negative (no measurable gain last month).
617970,Reconstruction of existing 2 L/IL to 2L with paved shoulder from existing km 52.200 to 92.880 of NH-,MoRTH,Uttarakhand,2026-05,37.5,MEDIUM,0.0,100.0,0.0,75.0,Physical progress (100.0%) is on track or ahead of expected progress (100.0%). | Completion date has been revised by 52 month(s) (from 06/2019 to 10/2023). | Cost is within (or close to) the originally approved budget. | Recent progress growth is stalled or negative (no measurable gain last month).
617971,Up-gradation to Two/Four lane with paved shoulder Configuration of Kondagaon- Narayanpur from design ch. 0.00 - 48.693 Design Length 47.493 Km. 1.20 Km. retained on NH-130D under EPC mode in the State Chhattisgarh.,MoRTH,Chhattisgarh,2026-07,7.5,LOW,0.0,0.0,0.0,75.0,Physical progress (70.0%) is on track or ahead of expected progress (66.7%). | Completion date has not slipped versus the original plan. | Cost is within (or close to) the originally approved budget. | Recent progress growth is stalled or negative (no measurable gain last month).
617972,Upgradation to Two lane with Paved Shoulder Configuration of Narayanpur Kasturmeta pkg-II from design ch. 48.693 to 70.453 design length21.760 Km. on NH-130D under EPC mode in the state of Chhattisgarh.,MoRTH,Chhattisgarh,2026-07,42.5,MEDIUM,100.0,0.0,0.0,75.0,Physical progress (0.0%) is 100.0 points below expected progress (100.0%). | No completion-date revision recorded (schedule risk based on original plan only). | Cost is within (or close to) the originally approved budget. | Recent progress growth is stalled or negative (no measurable gain last month).
617973,Strengthening and widening of existing 2 lane road to two lane paved shoulder from km 7.750 to 26.542 & km. 32.093 to 45.786 of NH-130 on EPC mode in the state of chhattisgarh.job No. 130-CG-2017-18-348,MoRTH,Chhattisgarh,2026-05,46.25,MEDIUM,25.0,100.0,0.0,75.0,Completion date has been revised by 63 month(s) (from 11/2020 to 02/2026). | Cost is within (or close to) the originally approved budget. | Recent progress growth is stalled or negative (no measurable gain last month).
617974,Rehabilitation and upgradation of 2 lane with paved shoulder from existing km. 195.175 to km. 220.000 Design Chainage km71.300 to Km. 95.947 Excluding existing chainage Km 200.300 to Km 202.400 Design chainage Km 76.400 to Km 78.400 on Dharasu to Yamunotri Road of NH- 134 Old NH-94,MoRTH,Uttarakhand,2026-07,7.5,LOW,0.0,0.0,0.0,75.0,Physical progress (53.7%) is on track or ahead of expected progress (30.0%). | No completion-date revision recorded (schedule risk based on original plan only). | Cost is within (or close to) the originally approved budget. | Recent progress growth is stalled or negative (no measurable gain last month).
617975,Rehabilitation and upgradation to 2 lane with paved shoulder configuration from km 122.00 Dharasu Bend to km 147.230 Silkyara Bend of NH-94 in the state of Uttarakhand,MoRTH,Uttarakhand,2026-05,37.5,MEDIUM,0.0,100.0,0.0,75.0,Physical progress (100.0%) is on track or ahead of expected progress (100.0%). | Completion date has been revised by 56 month(s) (from 11/2019 to 07/2024). | Cost is within (or close to) the originally approved budget. | Recent progress growth is stalled or negative (no measurable gain last month).
617976,Work of development and construction of elevated corridorfrom km 38/660 to km 42/690 Iscon junction to start point of approach of sanand flyover of NH-147 in the sate of Gujarat,MoRTH,Gujarat,2026-07,25.25,LOW,25.0,30.0,0.0,75.0,Completion date has been revised by 3 month(s) (from 06/2026 to 09/2026). | Cost is within (or close to) the originally approved budget. | Recent progress growth is stalled or negative (no measurable gain last month).
617977,Development of Chiloda - Gandhinagar- Sarkhej ofNH-147 Package -II,MoRTH,Gujarat,2026-05,48.75,MEDIUM,25.0,75.0,40.0,75.0,Completion date has been revised by 20 month(s) (from 11/2020 to 07/2022). | Cost overrun of 11.0% (original Rs. 211.28 Cr -> revised Rs. 234.44 Cr). | Recent progress growth is stalled or negative (no measurable gain last month).
617978,"Rehabilitation, upgradation & widening of existing highway to 2L/4LPS Rigid Pavement of NH 160 section- Phaltan to Mhaishal near Karnataka Border including Tasgaon Bypass, from existing chainage Km 301/430 to Km 458/415 in the State of Maharashtra- Package-II & Package III combined- starting from existing chainage Km 341/300 to Km 394/130 and design chainage Km 340/250 at Dahiwadi Village to Km 392/950 ending at Vita Village in the State of Maharashtra on EPC Mode.",MoRTH,Maharashtra,2026-07,7.5,LOW,0.0,0.0,0.0,75.0,Physical progress (85.0%) is on track or ahead of expected progress (58.3%). | Completion date has not slipped versus the original plan. | Cost is within (or close to) the originally approved budget. | Recent progress growth is stalled or negative (no measurable gain last month).
617979,"Rehabilitation, upgradation & widening of existing highway to 2L/4LPS Rigid Pavement of NH 160 section- Phaltan to Mhaisal near Karnataka Border including Tasgaon Bypass, from existing chainage Km 301/430 to Km 458/415 in the State of Maharashtra. Package-I starting from existing chainage Km 301/430 at Phaltan Village Junction of Phaltan Baramati Road Design Chainage -301/430km & ending at existing chainage Km 341/300 Dahiwadi Village Bus Stop Design chainage Km 340466km in the S",MoRTH,Maharashtra,2026-07,0.0,LOW,0.0,0.0,0.0,0.0,Physical progress (74.3%) is on track or ahead of expected progress (58.3%). | Completion date has not slipped versus the original plan. | Cost is within (or close to) the originally approved budget. | Recent progress growth is healthy (~2.24 points/month).
617980,Construction of six lane elevated corridor from km 7.950 Uppal to km 14.200 of NH- 163 to De-Congest the urban limits of Hyderabad-Bhoopalapatnam section on EPC mode in the state of Telangana,MoRTH,Telangana,2026-07,58.75,MEDIUM,75.0,100.0,0.0,25.0,Physical progress (54.3%) is 45.7 points below expected progress (100.0%). | Completion date has been revised by 89 month(s) (from 07/2020 to 12/2027). | Cost is within (or close to) the originally approved budget. | Recent progress growth is healthy (~1.25 points/month).
617981,Widening to Two with Paved shoulders from Km 59.500 to Km 132.033 of Manneguda- Ravunapally section of NH-163 Erstwhile SH-4 in the State of Telangana on EPC mode under NH O Annual Plan 2016-17,MoRTH,Telangana,2026-05,46.25,MEDIUM,25.0,100.0,0.0,75.0,Completion date has been revised by 84 month(s) (from 05/2019 to 05/2026). | Cost is within (or close to) the originally approved budget. | Recent progress growth is stalled or negative (no measurable gain last month).
617982,Widening and strengthening of existing 2-lane to 2- lane with paved shoulders from km 159/0 to 165/4 and 186/0 to 215/0 of NH-163 on EPC mode int the state of Telangana,MoRTH,Telangana,2026-05,65.0,HIGH,100.0,75.0,0.0,75.0,Physical progress (0.0%) is 100.0 points below expected progress (100.0%). | Completion date has been revised by 13 month(s) (from 11/2019 to 12/2020). | Cost is within (or close to) the originally approved budget. | Recent progress growth is stalled or negative (no measurable gain last month).
617983,Widening & Strengthening of Existing 2LPS to 4 lane PS from Km 150000 to Km 159000 and Km 165400 to Km 186000 of NH-163 old NH-202 under NH O for the year 2020-21 on EPC Mode in the state of Telangana.,MoRTH,Telangana,2026-07,41.25,MEDIUM,25.0,100.0,0.0,25.0,Completion date has been revised by 25 month(s) (from 07/2024 to 08/2026). | Cost is within (or close to) the originally approved budget. | Recent progress growth is healthy (~1.00 points/month).
617984,"Gudivada Town 2 RoB, and Road improvement NH-165",MoRTH,Andhra Pradesh,2026-07,47.5,MEDIUM,50.0,75.0,0.0,75.0,Physical progress (75.2%) is 24.8 points below expected progress (100.0%). | Completion date has been revised by 22 month(s) (from 05/2025 to 03/2027). | Cost is within (or close to) the originally approved budget. | Recent progress growth is stalled or negative (no measurable gain last month).
617985,Widening to two lane with paved shoulders from Km 0/0 to 64/020 Pamarru to Akiveedu,MoRTH,Andhra Pradesh,2026-07,73.75,HIGH,75.0,100.0,40.0,75.0,Physical progress (74.4%) is 25.6 points below expected progress (100.0%). | Completion date has been revised by 42 month(s) (from 11/2023 to 05/2027). | Cost overrun of 11.2% (original Rs. 529.54 Cr -> revised Rs. 588.65 Cr). | Recent progress growth is stalled or negative (no measurable gain last month).
617986,Kurnool/Kadapa Border-Jammalamadugu section of NH-167K i.e. Design Ch. Km 248010 to km 269900 to 2,MoRTH,Andhra Pradesh,2026-07,7.5,LOW,0.0,0.0,0.0,75.0,Physical progress (95.8%) is on track or ahead of expected progress (79.2%). | Completion date has not slipped versus the original plan. | Cost is within (or close to) the originally approved budget. | Recent progress growth is stalled or negative (no measurable gain last month).
617987,Nandyala-Kurnool/Kadapa Border section of NH-167K i.e. Km 186/000 to Km 250/000Design Ch.186000 to 248010 to 2LPS,MoRTH,Andhra Pradesh,2026-07,0.0,LOW,0.0,0.0,0.0,0.0,Physical progress (49.7%) is on track or ahead of expected progress (41.7%). | Completion date has not slipped versus the original plan. | Cost is within (or close to) the originally approved budget. | Recent progress growth is healthy (~3.26 points/month).
617988,Sangameswaram - Atmakuru section from Km 96 to Km 124 & Velegodu- Nandyal section including Nandyal Bypass from Km 143/6 to 185/9 NH-167K,MoRTH,Andhra Pradesh,2026-07,8.75,LOW,25.0,0.0,0.0,0.0,Completion date has not slipped versus the original plan. | Cost is within (or close to) the originally approved budget. | Recent progress growth is healthy (~6.38 points/month).
617989,Construction of Major Bridge at Km.180.865 across river Krishna on NH 167 Hagari Jadcherla section,MoRTH,Karnataka,2026-07,80.0,HIGH,75.0,100.0,65.0,75.0,Physical progress (69.0%) is 31.0 points below expected progress (100.0%). | Completion date has been revised by 65 month(s) (from 11/2021 to 04/2027). | Cost overrun of 19.2% (original Rs. 157.32 Cr -> revised Rs. 187.61 Cr). | Recent progress growth is stalled or negative (no measurable gain last month).
617990,Construction of bypass road to Adoni town connecting NH-167 Hagari - Jadcharla road from km.62/700 to 71/400 in Kurnool District in the State of Andhra Pradesh.,MoRTH,Andhra Pradesh,2026-05,16.25,LOW,25.0,0.0,0.0,75.0,No completion-date revision recorded (schedule risk based on original plan only). | Cost is within (or close to) the originally approved budget. | Recent progress growth is stalled or negative (no measurable gain last month).
617991,"Rehabilitation and up-gradation of NH-167 from Km 14/900 to Km70/000 Design Ch. 14/900 to 69/700 Chintakunta to Adoni section to two lane with paved shoulders in the State of Andhra Pradesh under Corridor Approach through Engineering, Procurement",MoRTH,Andhra Pradesh,2026-07,46.25,MEDIUM,25.0,100.0,0.0,75.0,Completion date has been revised by 91 month(s) (from 05/2019 to 12/2026). | Cost is within (or close to) the originally approved budget. | Recent progress growth is stalled or negative (no measurable gain last month).
617992,Rehabilitation & upgradation of NH - 167 from design km 187.723 to 234.434 Miryalaguda to Kodad section to two lane with paved shoulder on EPC mode in the state of Telangana,MoRTH,Telangana,2026-05,46.25,MEDIUM,25.0,100.0,0.0,75.0,Completion date has been revised by 69 month(s) (from 09/2020 to 06/2026). | Cost is within (or close to) the originally approved budget. | Recent progress growth is stalled or negative (no measurable gain last month).
617993,Rehabilitation and upgradation of NH-167 from design km 157.707 to 187.723 design length 30.016 km to two lane with paved shoulders of Alinagar-Miryalaguda Sec on EPC mode in the state of Telangana,MoRTH,Telangana,2026-05,46.25,MEDIUM,25.0,100.0,0.0,75.0,Completion date has been revised by 79 month(s) (from 11/2019 to 06/2026). | Cost is within (or close to) the originally approved budget. | Recent progress growth is stalled or negative (no measurable gain last month).
617994,Rehabilitation and upgradation of NH-167 from design km 113.900 to 154.479 Mallepally Haliya section to two lane with paved shoulders on EPC mode in the stte of Telangana,MoRTH,Telangana,2026-07,55.0,MEDIUM,50.0,100.0,0.0,75.0,Physical progress (88.2%) is 11.8 points below expected progress (100.0%). | Completion date has been revised by 73 month(s) (from 11/2019 to 12/2025). | Cost is within (or close to) the originally approved budget. | Recent progress growth is stalled or negative (no measurable gain last month).
617995,Widening to Two Lane with Paved Shoulders from Km 67.000 to Km 114.425 of Kalwakurthy- Mallapally Section of NH 167 Erstwhile section of SH 18 in the State of Telangana on EPC mode under NH O Annual Plan 2016-17,MoRTH,Telangana,2026-07,46.25,MEDIUM,25.0,100.0,0.0,75.0,Completion date has been revised by 91 month(s) (from 05/2019 to 12/2026). | Cost is within (or close to) the originally approved budget. | Recent progress growth is stalled or negative (no measurable gain last month).
617996,Widening to 2/4 Lane with paved shoulders from Km 182.120 to Km 227.600 of NH 167 on Haggari-Jadcherla Road on EPC mode under NHO in the state of Telangana,MoRTH,Telangana,2026-05,46.25,MEDIUM,25.0,100.0,0.0,75.0,Completion date has been revised by 85 month(s) (from 02/2019 to 03/2026). | Cost is within (or close to) the originally approved budget. | Recent progress growth is stalled or negative (no measurable gain last month).
617997,Widening of existing 2 lane to 4 lane with paved shoulder from Designed km 25.15 to km 56.70 Except Km 52.70 to 53.50 of NH-169 Nellisara Camp to Thirthahalli of NH- 169 on Shimoga-Mangalore section in the state of Karnataka on EPC mode under Annual plan 2022-23 NH-169-KNT-2022-23-978 dated 08.03.2023,MoRTH,Karnataka,2026-07,25.0,LOW,50.0,0.0,0.0,75.0,Physical progress (6.0%) is 14.8 points below expected progress (20.8%). | Completion date has not slipped versus the original plan. | Cost is within (or close to) the originally approved budget. | Recent progress growth is stalled or negative (no measurable gain last month).
617998,Widening to existing 2 lane with paved Shoulder to 4 Lane with paved shoulder from design Km 153.00 to 168.27 Mala Gate to Karkala of NH -169 on Shimoga - Mangalore section in the state of Karnataka on EPC mode under Annula Plan 2021-22 Job No. NH-169-KNT-2021-22-949,MoRTH,Karnataka,2026-07,47.5,MEDIUM,50.0,75.0,0.0,75.0,Physical progress (83.0%) is 17.0 points below expected progress (100.0%). | Completion date has been revised by 21 month(s) (from 02/2025 to 11/2026). | Cost is within (or close to) the originally approved budget. | Recent progress growth is stalled or negative (no measurable gain last month).
617999,Widening to 2LPS from Km 67 to Km 115 on Kadur-Hosadurga section NH 173 in the state of Karnataka NH-173-KNT-2022-23-980 dated 13.03.2023,MoRTH,Karnataka,2026-07,48.75,MEDIUM,75.0,50.0,0.0,75.0,Physical progress (69.5%) is 30.5 points below expected progress (100.0%). | Completion date has been revised by 11 month(s) (from 05/2026 to 04/2027). | Cost is within (or close to) the originally approved budget. | Recent progress growth is stalled or negative (no measurable gain last month).
618000,Widening to 2-Lane with Paved Shoulders from Km 116.800 to 149.070Design Changes on Hosadurga - Holalkere Section of NH-173 in the State of Karnataka on EPC mode under Annual Plan 2021-22 Job no. NH-173-KNT-2021-22-946,MoRTH,Karnataka,2026-07,37.5,MEDIUM,0.0,100.0,0.0,75.0,Physical progress (100.0%) is on track or ahead of expected progress (100.0%). | Completion date has been revised by 28 month(s) (from 02/2024 to 06/2026). | Cost is within (or close to) the originally approved budget. | Recent progress growth is stalled or negative (no measurable gain last month).
618001,"Construction of 4-lane flyover at Amberpet-X road, Hyderabad on NH-202 in the State of Telangana",MoRTH,Telangana,2026-07,62.5,HIGH,25.0,100.0,65.0,75.0,Completion date has been revised by 36 month(s) (from 06/2023 to 06/2026). | Cost overrun of 22.8% (original Rs. 216.53 Cr -> revised Rs. 265.88 Cr). | Recent progress growth is stalled or negative (no measurable gain last month).
618002,Widening of existing single lane to intermediate lane road from Mokokchung to Chare via Dikhu in the state of Nagaland on EPC mode,MoRTH,Nagaland,2026-05,42.5,MEDIUM,100.0,0.0,0.0,75.0,Physical progress (0.0%) is 100.0 points below expected progress (100.0%). | No completion-date revision recorded (schedule risk based on original plan only). | Cost is within (or close to) the originally approved budget. | Recent progress growth is stalled or negative (no measurable gain last month).
618003,Construction of four lane ROB and its approaches in lieu of existing Level Crossing No. RV-71 at km 435 on NH-217 New NH-353 at Khariar including land acquisition under NHO in Annual Plan 2021-22 for the state of Odisha for F.Y. 2021-22 to F.Y 2033-34,MoRTH,Odisha,2026-07,38.75,MEDIUM,25.0,75.0,0.0,75.0,Completion date has been revised by 21 month(s) (from 12/2024 to 09/2026). | Cost is within (or close to) the originally approved budget. | Recent progress growth is stalled or negative (no measurable gain last month).
618004,Construction of Bhabhua Bypass from Ch. 10800Design Ch. 10800 to Ch. 19860 Design Ch. 18150 and Chand Bypass from Ch. 38060 Design Ch. 36250 to Ch. 40460 Design Ch. 38650 and widening of existing road to 2 - lane with Paved shoulder from Ch. 40460 Design Ch. 38650 to Ch. 46860 Design Ch. 45050 of NH-219 Total length- 16.150 Kmunder EPC mode in the state of Bihar,MoRTH,Bihar,2026-07,16.25,LOW,25.0,0.0,0.0,75.0,Completion date has not slipped versus the original plan. | Cost is within (or close to) the originally approved budget. | Recent progress growth is stalled or negative (no measurable gain last month).
618005,Sheohar-Sitamarhi Section km 40.000 to 79.400 km Lot-I,MoRTH,Bihar,2026-06,67.5,HIGH,25.0,100.0,85.0,75.0,Completion date has been revised by 100 month(s) (from 05/2018 to 09/2026). | Cost overrun of 55.7% (original Rs. 178.85 Cr -> revised Rs. 278.53 Cr). | Recent progress growth is stalled or negative (no measurable gain last month).
618006,Sitamarhi-Jaynagar Section km 79.400 to km 156.500 Lot-II,MoRTH,Bihar,2026-05,67.5,HIGH,25.0,100.0,85.0,75.0,Completion date has been revised by 91 month(s) (from 12/2018 to 07/2026). | Cost overrun of 36.1% (original Rs. 369.77 Cr -> revised Rs. 503.28 Cr). | Recent progress growth is stalled or negative (no measurable gain last month).
618007,Jaynagar-Narahia Section km 156.500 to km 219.945 Lot-III,MoRTH,Bihar,2026-05,62.5,HIGH,25.0,100.0,65.0,75.0,Completion date has been revised by 92 month(s) (from 11/2018 to 07/2026). | Cost overrun of 27.7% (original Rs. 553.30 Cr -> revised Rs. 706.39 Cr). | Recent progress growth is stalled or negative (no measurable gain last month).
618008,"Construction of four-lane elevated viaduct from km.4634 to km.6345 on NH-24A including Retaining wall, service lane, at grade road and improvement of junctions, on EPC mode",MoRTH,Uttar Pradesh,2026-05,51.25,MEDIUM,0.0,75.0,85.0,75.0,Physical progress (100.0%) is on track or ahead of expected progress (100.0%). | Completion date has been revised by 15 month(s) (from 09/2023 to 12/2024). | Cost overrun of 45.8% (original Rs. 185.09 Cr -> revised Rs. 269.81 Cr). | Recent progress growth is stalled or negative (no measurable gain last month).
618009,Balance work of Construction of Ring Road for Raebareli City on eastern side of NH- 24B Phase-1 on EPC mode.,MoRTH,Uttar Pradesh,2026-07,56.25,MEDIUM,25.0,100.0,40.0,75.0,Completion date has been revised by 56 month(s) (from 04/2022 to 12/2026). | Cost overrun of 8.7% (original Rs. 319.96 Cr -> revised Rs. 347.80 Cr). | Recent progress growth is stalled or negative (no measurable gain last month).
618010,Development to 4-lane with paved shoulder for the road section Talwandi Sabo- Raman road to refinery Road junction with Bathinda Dabwali Road of NH-254 from existing Km 131.600 to Km 155.650 Design Km 131600 to km 155600 in the State of Punjab. Job No NH-254-PB-2022-23-565,MoRTH,Punjab,2026-07,33.75,MEDIUM,75.0,0.0,0.0,75.0,Physical progress (45.0%) is 32.8 points below expected progress (77.8%). | Completion date has not slipped versus the original plan. | Cost is within (or close to) the originally approved budget. | Recent progress growth is stalled or negative (no measurable gain last month).
618011,Construction of 2 lane with paved shoulder for the work of Development of remaining sections of NH-325 Balotra to sanderao via Jalore to 2 lane with paved shoulder configuration by Construction of Byasses for town portions1 Asotra- Brahmdham bypass 2Siwana Bypass 3 Mokalsar Bypass 4 Major realignment at Kathadi 5 Major realignment at Bishangarh 6 Jalore Bypass 7 Ahore Town portion 8 Dujana Bypass in the state of Rajasthan on EPC Mode,MoRTH,Rajasthan,2026-07,41.25,MEDIUM,25.0,100.0,0.0,25.0,Completion date has been revised by 29 month(s) (from 05/2024 to 10/2026). | Cost is within (or close to) the originally approved budget. | Recent progress growth is healthy (~1.41 points/month).
618012,"Widening & strengthenlng to 2LPS from km 0,000 to 40.000 Dhaugaon- Podamari section of NH 326 in the State of Odisha under Annual Plan 2021.22.",MoRTH,Odisha,2026-07,48.75,MEDIUM,75.0,50.0,0.0,75.0,Physical progress (60.0%) is 40.0 points below expected progress (100.0%). | Completion date has been revised by 10 month(s) (from 02/2026 to 12/2026). | Cost is within (or close to) the originally approved budget. | Recent progress growth is stalled or negative (no measurable gain last month).
618013,4-laning of Puttaparthi-Koduru Section of NH-342,MoRTH,Andhra Pradesh,2026-07,31.25,MEDIUM,25.0,50.0,0.0,75.0,Completion date has been revised by 9 month(s) (from 11/2025 to 08/2026). | Cost is within (or close to) the originally approved budget. | Recent progress growth is stalled or negative (no measurable gain last month).
618014,"Upgradation of Ambikapur-Ramanujganj-Garwa road of NH-343, Package-III, Badki mahri village to Ramanujganj section from existing km 80.600 to km 110.330 Design Ch. 85.370 to Ch. 114.800 of total length 29.430 km to two lane with paved shoulders udner corridor scheme under EPC Mode in the of Chhattisgarh",MoRTH,Chhattisgarh,2026-07,26.25,LOW,75.0,0.0,0.0,0.0,Physical progress (38.6%) is 43.8 points below expected progress (82.3%). | Completion date has not slipped versus the original plan. | Cost is within (or close to) the originally approved budget. | Recent progress growth is healthy (~4.98 points/month).
618015,"Upgradation of Keonchi - Ratanpur Road of NH 45 Package-I, from design chainage km 237.860 to km 273.200 of length 35.340 km to two lane with paved shoulders under Corridor scheme on EPC mode in the state of Chhattisgarh.",MoRTH,Chhattisgarh,2026-07,53.75,MEDIUM,75.0,50.0,20.0,75.0,Physical progress (60.0%) is 40.0 points below expected progress (100.0%). | Completion date has been revised by 11 month(s) (from 01/2026 to 12/2026). | Cost is within (or close to) the originally approved budget. | Recent progress growth is stalled or negative (no measurable gain last month).
618016,"Upgradation of Ambikapur Ramanujganj - Garhwa Road NH 343 of Package-I, Rajpuri Khurd Village to Padih Village section from existing km 7.830 to km 57.650 Design Ch. 13.700 to Ch. 62.700 of total length 49.00 km to two lane with paved shoulders under EPC mode in the state of Chhattisgarh",MoRTH,Chhattisgarh,2026-07,28.75,LOW,75.0,0.0,0.0,25.0,Physical progress (28.1%) is 30.3 points below expected progress (58.3%). | Completion date has not slipped versus the original plan. | Cost is within (or close to) the originally approved budget. | Recent progress growth is healthy (~1.81 points/month).
618017,"Upgradation of Keonchi - Ratanpur Road of NH 45 Package-II, from design chainage km 278.75 to km 321.348 of length 42.598 km to two lane with paved shoulders under Corridor scheme on EPC mode in the state of Chhattisgarh.",MoRTH,Chhattisgarh,2026-07,48.75,MEDIUM,75.0,50.0,0.0,75.0,Physical progress (60.0%) is 40.0 points below expected progress (100.0%). | Completion date has been revised by 11 month(s) (from 01/2026 to 12/2026). | Cost is within (or close to) the originally approved budget. | Recent progress growth is stalled or negative (no measurable gain last month).
618018,Upgradation of Bilaspur-Takhatpur-Mungeli-Pandariya-Pondi Road on N.H.-130A Package IIIA Takhatpur By-pass from existing Ch. 26.542 to 32.093 [Design Ch. 18.700 to 25.900] & Mungeli By-pass from existing Ch. 45.786 to 56.275 [Design Ch. 29.600 to 51.600] and Package IIIB Pandariya By-Pass from existing Ch. 82.582 to 87.133 [Design Ch. 77.900 to 81.1000 & Pondi By-pass from existing Ch. 103.166 to 104.756 [Design Ch. 97.000 to 103.395] to two lane with paved shoulder configuration in the,MoRTH,Chhattisgarh,2026-07,65.0,HIGH,100.0,75.0,0.0,75.0,Physical progress (11.0%) is 89.0 points below expected progress (100.0%). | Completion date has been revised by 17 month(s) (from 07/2025 to 12/2026). | Cost is within (or close to) the originally approved budget. | Recent progress growth is stalled or negative (no measurable gain last month).
618019,Upgradation & widening of Jharkheda- Berasia - Dholkhedi from design km 0000 to km 87900 Design length 87.90km of NH-346 including 3 nos. bypasses of 13.10 Km in the State of Madhya Pradesh under EPC mode.,MoRTH,Madhya Pradesh,2026-07,31.25,MEDIUM,25.0,75.0,0.0,0.0,Completion date has been revised by 16 month(s) (from 05/2025 to 09/2026). | Cost is within (or close to) the originally approved budget. | Recent progress growth is healthy (~2.00 points/month).
618020,"Rehabilitation & Upgradation of KurwaiMungaoliChanderi Road section of NH-346, from Design Chainge 0.000 to 81.300 Km Total length 83.1 km to Two lane with paved shoulder configuration along with One time improvement in 07 nos of bypassed built- up areas in a total length of 22.615 km in the state of Madhya Pradesh on EPC mode.",MoRTH,Madhya Pradesh,2026-07,56.25,MEDIUM,75.0,75.0,0.0,75.0,Physical progress (67.6%) is 32.4 points below expected progress (100.0%). | Completion date has been revised by 22 month(s) (from 02/2025 to 12/2026). | Cost is within (or close to) the originally approved budget. | Recent progress growth is stalled or negative (no measurable gain last month).
618021,Up-gradation of Pichhore- Dinara section of NH-346 from Km 292.750 to 334.550 to two lane with paved shoulders in the state of Madhya Pradesh on EPC mode,MoRTH,Madhya Pradesh,2026-07,8.75,LOW,25.0,0.0,0.0,0.0,Completion date has not slipped versus the original plan. | Cost is within (or close to) the originally approved budget. | Recent progress growth is healthy (~5.56 points/month).
618022,Upgradation to two lane with paved Shoulder Configuaration from Km. 0/00 to 47/000 of NH 351 Mahuva to Badhada section in the State of Gujarat,MoRTH,Gujarat,2026-07,56.25,MEDIUM,50.0,75.0,65.0,0.0,Physical progress (77.0%) is 23.0 points below expected progress (100.0%). | Completion date has been revised by 16 month(s) (from 08/2025 to 12/2026). | Cost overrun of 26.6% (original Rs. 173.06 Cr -> revised Rs. 219.08 Cr). | Recent progress growth is healthy (~3.00 points/month).
618023,Work of Widening/upgradation of 2-Lane with paved shoulder of Sri Muktsar Sahib to Malout road from Km 279.400 to Km 307.060 section of NH-354 in the State of Punjab on EPC mode. Job No. NH-354-PB-2021-22-555,MoRTH,Punjab,2026-06,22.5,LOW,0.0,50.0,0.0,75.0,Physical progress (100.0%) is on track or ahead of expected progress (100.0%). | Completion date has been revised by 11 month(s) (from 04/2025 to 03/2026). | Cost is within (or close to) the originally approved budget. | Recent progress growth is stalled or negative (no measurable gain last month).
618024,Up-gradation to two lane with paved shoulder configuration of NH-354 Section Arifkes- Ferozepur-Muktsar-Malaut from Km 201.500 to Km 212.500 & Km 229.690 to Km 269.960 and strengthening of existing pavement from Km 212.500 to Km 229.690 excluding Km 218.500 to 223.690 of NH-354 on EPC Mode in the State of Punjab. Job No. NH-354-PB-2020-21-532,MoRTH,Punjab,2026-07,47.5,MEDIUM,50.0,75.0,0.0,75.0,Physical progress (83.0%) is 17.0 points below expected progress (100.0%). | Completion date has been revised by 17 month(s) (from 04/2025 to 09/2026). | Cost is within (or close to) the originally approved budget. | Recent progress growth is stalled or negative (no measurable gain last month).
618025,Rehabiitation and upgradation from km 121/000 to 154/000 Nakrekal to Mallampally section of NH-365 to 2 lane with paved shoulders in the state of Telangana in the EPC mode,MoRTH,Telangana,2026-07,46.25,MEDIUM,25.0,100.0,0.0,75.0,Completion date has been revised by 81 month(s) (from 12/2019 to 09/2026). | Cost is within (or close to) the originally approved budget. | Recent progress growth is stalled or negative (no measurable gain last month).
618026,Rehabilitation and upgradation to two lane with paved shoulders from Km 0/000 to 72/6 of NH-365 Nakrekal to Tanamcherla section under NHDP IV in the state of Telangana under EPC mode,MoRTH,Telangana,2026-05,46.25,MEDIUM,25.0,100.0,0.0,75.0,Completion date has been revised by 79 month(s) (from 10/2019 to 05/2026). | Cost is within (or close to) the originally approved budget. | Recent progress growth is stalled or negative (no measurable gain last month).
618027,Widening to 2LPS from Km 71.00 to 104.00 Existing chainages Sarjapur to Pattadkallu on Bhanapur to Gaddanakeri section NH-367 in the State of Karnataka under NHO on EPC mode under Annual Plan 2022-23 NH-367-KNT-2022-23-972 dated 08.02.2023,MoRTH,Karnataka,2026-07,31.25,MEDIUM,25.0,50.0,0.0,75.0,Completion date has been revised by 9 month(s) (from 03/2026 to 12/2026). | Cost is within (or close to) the originally approved budget. | Recent progress growth is stalled or negative (no measurable gain last month).
618028,"Construction of Bypass at Kuknoor, Yelburga, Gajendragada of Bhanapur Gaddanakeri section of NH-367 in the State of Karnataka under NHO on EPC mode under Annual Plan 2022-23. NH-367-KNT-2022-23-973 dated 08.02.2023",MoRTH,Karnataka,2026-07,25.0,LOW,50.0,0.0,0.0,75.0,Physical progress (36.0%) is 18.2 points below expected progress (54.2%). | Completion date has not slipped versus the original plan. | Cost is within (or close to) the originally approved budget. | Recent progress growth is stalled or negative (no measurable gain last month).
618029,Widening to 4 lane from Km. 133.00 to 158.04 design Chainage Km. 130.88 to 155.145 Shirur Cross to Gaddankeri of NH-367 in the State of Karnataka on EPC mode. Job No. NH-367-KNT-2021-22-930,MoRTH,Karnataka,2026-07,50.0,MEDIUM,50.0,100.0,0.0,25.0,Physical progress (83.3%) is 16.7 points below expected progress (100.0%). | Completion date has been revised by 26 month(s) (from 01/2025 to 03/2027). | Cost is within (or close to) the originally approved budget. | Recent progress growth is healthy (~1.71 points/month).
618030,Widening to 2 lane with paved shoulder from Km. 103.225 Pattadakal to Km. 133.00 Shirur cross of NH-367 in the state of Karnataka on EPC Mode.Job No. NH-367-KNT- 2021-22-934,MoRTH,Karnataka,2026-06,72.5,HIGH,100.0,100.0,0.0,75.0,Physical progress (0.0%) is 100.0 points below expected progress (100.0%). | Completion date has been revised by 31 month(s) (from 05/2024 to 12/2026). | Cost is within (or close to) the originally approved budget. | Recent progress growth is stalled or negative (no measurable gain last month).
618031,Balance work of Construction of Two/Four lane with paved shoulder from Km 422.000 to 523.600 Chitradurga to Shivamogga of NH-13 in the state of Kanataka on EPC mode.,MoRTH,Karnataka,2026-07,31.25,MEDIUM,25.0,50.0,0.0,75.0,Completion date has been revised by 8 month(s) (from 12/2025 to 08/2026). | Cost is within (or close to) the originally approved budget. | Recent progress growth is stalled or negative (no measurable gain last month).
618033,4-Laning of Itanagar to Bandardewa section of NH-415from km 40430 to km 51735 Package-Bon EPC Mode in the state of Arunachal Pradesh Job NO. 415/Ar. P/2020- 21/031,MoRTH,Arunachal Pradesh,2026-06,56.25,MEDIUM,75.0,75.0,0.0,75.0,Physical progress (51.4%) is 48.6 points below expected progress (100.0%). | Completion date has been revised by 19 month(s) (from 12/2024 to 07/2026). | Cost is within (or close to) the originally approved budget. | Recent progress growth is stalled or negative (no measurable gain last month).
618034,Construction of 2 lane Barpeta Bypass from Km 77900Baradi to Km 86150 Deurikuchi Length8.25Km on NH-427 in the state of Assam under EPC ModeJob No.427/AS/2022-23/245,MoRTH,Assam,2026-07,42.5,MEDIUM,100.0,0.0,0.0,75.0,Physical progress (20.0%) is 74.4 points below expected progress (94.4%). | Completion date has not slipped versus the original plan. | Cost is within (or close to) the originally approved budget. | Recent progress growth is stalled or negative (no measurable gain last month).
618035,Rehabilitation & Upgradation of existing intermediate lane to two Lane with paved shoulder from km. 0.600 Gulganj bypass on NH-34 to km. 43.00 Barna River length 42.400 km. on Gulganj-Amanganj-Pawai-Katni NH43 Extn. in the state of Madhya Pradesh on EPCmode.,MoRTH,Madhya Pradesh,2026-07,41.25,MEDIUM,75.0,50.0,0.0,0.0,Physical progress (60.1%) is 39.9 points below expected progress (100.0%). | Completion date has been revised by 7 month(s) (from 05/2026 to 12/2026). | Cost is within (or close to) the originally approved budget. | Recent progress growth is healthy (~5.89 points/month).
618036,Upgradation and reconstruction of existing intermediate lane to two Lane with paved shoulder configuration from km. 43.00 Barna River to km. 77.00 ken river length 34.00 km. on Gulganj-Amanganj-Pawai-Katni NH43 Extn. along with One time improvement in 01 no. of bypassed built-up area in a total length of 1.585 km in the state of Madhya Pradesh on EPCmode.,MoRTH,Madhya Pradesh,2026-07,35.25,MEDIUM,75.0,30.0,0.0,0.0,Physical progress (43.0%) is 40.3 points below expected progress (83.3%). | Completion date has been revised by 4 month(s) (from 11/2026 to 03/2027). | Cost is within (or close to) the originally approved budget. | Recent progress growth is healthy (~2.98 points/month).
618037,Rehabilitation and Up-gradation of existin of road from 2-lane to 2-lane with paved shoulders from km. 0.00 to km 53.590 total length-53.590 km of Raychoti to Vempalli section of NH-440 in the State of Andhra Pradesh on EPC mode.,MoRTH,Andhra Pradesh,2026-07,38.75,MEDIUM,25.0,100.0,0.0,0.0,Completion date has been revised by 28 month(s) (from 05/2024 to 09/2026). | Cost is within (or close to) the originally approved budget. | Recent progress growth is healthy (~3.66 points/month).
618038,Construction of Shopian Bypass on NH-444 taking off from existing chainage Km 36500 and re-joining at km 47588 of existing Chainage New Design Ch. From km 28000 to km 36925 as 2- lane with paved shoulder in the UT of Jammu & Kashmir on EPC mode.,MoRTH,Jammu and Kashmir,2026-07,25.0,LOW,50.0,0.0,0.0,75.0,Physical progress (3.0%) is 22.0 points below expected progress (25.0%). | No completion-date revision recorded (schedule risk based on original plan only). | Cost is within (or close to) the originally approved budget. | Recent progress growth is stalled or negative (no measurable gain last month).
618039,Widening to 2 Lane from Existing Chainage Km 74.700 Km 100.660 Design Chainage Km 53.365 to Km 78.785 on NH- 507 in the State of Uttarakhand.,MoRTH,Uttarakhand,2026-07,7.5,LOW,0.0,0.0,0.0,75.0,Physical progress (31.8%) is on track or ahead of expected progress (30.0%). | No completion-date revision recorded (schedule risk based on original plan only). | Cost is within (or close to) the originally approved budget. | Recent progress growth is stalled or negative (no measurable gain last month).
618040,Rehabilitation and Upgradation to Two lanes with Paved Shoulders configuration and Strengthening from Km 175.00 to Km 196.00 Gumkhal to Satpuli of NH-119 New NH- 534 in the State of Uttarakhand under NHO Annual Plan 2021-22 under EPC mode,MoRTH,Uttarakhand,2026-07,33.75,MEDIUM,75.0,0.0,0.0,75.0,Physical progress (42.0%) is 33.0 points below expected progress (75.0%). | No completion-date revision recorded (schedule risk based on original plan only). | Cost is within (or close to) the originally approved budget. | Recent progress growth is stalled or negative (no measurable gain last month).
618041,Rehabilitation and upgrading to two lanes with paved shoulders and Strengthening of Kotdwar-Pauri-Srinagar road section from Km 232.00 to 274.470 on NH-119 New 534 Paidul to Srinagar in the State of Uttarakhand on EPC Mode under NHO Annual Plan 2021-22.,MoRTH,Uttarakhand,2026-07,33.75,MEDIUM,75.0,0.0,0.0,75.0,Physical progress (2.0%) is 27.2 points below expected progress (29.2%). | No completion-date revision recorded (schedule risk based on original plan only). | Cost is within (or close to) the originally approved budget. | Recent progress growth is stalled or negative (no measurable gain last month).
618042,"Rehabilitation/ Upgradation of existing Highway to four lane standards in Kurkheda town from km.413257 to km 410775, Two lane in Shankarpur Gurnuli km 42400 to km 43100 section and Reconstruction of Major Bridge at Ch. 448558 Bhuti Nallah and Ch. 411695 Sati River bridge, Minor Bridge at Ch. 411477 and Ch. 405800 Lendhari Bridge of NH 543 Bhamhapuri-wadsa-kurkheda-korchi-Deori-Amgaon road on EPC mode in the State of Maharashtra",MoRTH,Maharashtra,2026-07,48.75,MEDIUM,75.0,75.0,0.0,0.0,Physical progress (50.2%) is 49.8 points below expected progress (100.0%). | Completion date has been revised by 19 month(s) (from 05/2025 to 12/2026). | Cost is within (or close to) the originally approved budget. | Recent progress growth is healthy (~7.47 points/month).
618043,Upgradation and reconstruction of Dindori - Mandla Section of NH 543 from Km 77100 Design to Km 170580 Design Total length 93.48km to Two lane with paved shoulder configuration along with One time improvement in 04 nos of bypassed built-up areas in a total length of 7.23 km in the state of Madhya Pradesh on EPC mode,MoRTH,Madhya Pradesh,2026-07,44.0,MEDIUM,50.0,30.0,40.0,75.0,Physical progress (88.0%) is 12.0 points below expected progress (100.0%). | Completion date has been revised by 2 month(s) (from 07/2026 to 09/2026). | Cost overrun of 6.4% (original Rs. 492.12 Cr -> revised Rs. 523.71 Cr). | Recent progress growth is stalled or negative (no measurable gain last month).
618044,Upgradation of Shahdol- Sagartola Section of NH 543 from km 0000 to km 69400 to 2 lane with paved shoulders under Hybrid Annuity Mode HAM in the State of Madhya Pradesh,MoRTH,Madhya Pradesh,2026-07,25.0,LOW,50.0,0.0,0.0,75.0,Physical progress (0.0%) is 16.7 points below expected progress (16.7%). | No completion-date revision recorded (schedule risk based on original plan only). | Cost is within (or close to) the originally approved budget. | Recent progress growth is stalled or negative (no measurable gain last month).
618045,"Construction of Mihona bypass, Lahar bypass, Daboh bypass & Bhander Bypass total length 20.60 km to 2-lane with paved shoulder from on Mihona-Bhander-MP/UP border section of NH 552E in the State of Madhya Pradesh on EPC mode",MoRTH,Madhya Pradesh,2026-05,33.75,MEDIUM,75.0,0.0,0.0,75.0,Physical progress (67.0%) is 33.0 points below expected progress (100.0%). | No completion-date revision recorded (schedule risk based on original plan only). | Cost is within (or close to) the originally approved budget. | Recent progress growth is stalled or negative (no measurable gain last month).
618046,Rehabilitation & Up-gradation of Sabalkhed to Ashti Section from Km 37900 to Km 55100 & Chinchpur to Jamkhed Section from km 70000 to km 72922 of NH-561 to Two lane with Paved shoulder/ Four lane configuration in the State of Maharashtra on EPC Mode Length20.122km.,MoRTH,Maharashtra,2026-05,16.25,LOW,25.0,0.0,0.0,75.0,No completion-date revision recorded (schedule risk based on original plan only). | Cost is within (or close to) the originally approved budget. | Recent progress growth is stalled or negative (no measurable gain last month).
618047,"Widening, Reconstruction & Up-gradation to 2 lane with Paved Shoulder/Four Lane configuration for the work of Ahmednagar to Sabalkhed & Ashti to Chinchpur Section of NH-561 from Design km 2915 to km 37728 & Design km 55100 to km 70000 in the State of Maharashtra on EPC mode. Length 49.713 km",MoRTH,Maharashtra,2026-07,0.0,LOW,0.0,0.0,0.0,0.0,Physical progress (88.6%) is on track or ahead of expected progress (58.3%). | Completion date has not slipped versus the original plan. | Cost is within (or close to) the originally approved budget. | Recent progress growth is healthy (~5.10 points/month).
618049,Up-gradation to 2/4 lane with paved shoulder configuration of NH-652 from Tuljapur Naldurg-Akkalkot road Chainage from Km. 00.000 to km 30.982 in the State of Maharashtra on EPC mode.,MoRTH,Maharashtra,2026-07,25.25,LOW,25.0,30.0,0.0,75.0,Completion date has been revised by 1 month(s) (from 07/2026 to 08/2026). | Cost is within (or close to) the originally approved budget. | Recent progress growth is stalled or negative (no measurable gain last month).
618050,Rehabilitation and Upgradation to 2-lane/Intermediate lane configuration of Ashyari- Shri Kyari Section km 50.000 to km 75.000 of NH-707 in the state of Himachal Pradesh under Green National Highways Corridor Project GNHCP with the loan assistance of World Bank on EPC mode.,MoRTH,Himachal Pradesh,2026-05,43.75,MEDIUM,25.0,75.0,20.0,75.0,Completion date has been revised by 14 month(s) (from 09/2023 to 11/2024). | Cost is within (or close to) the originally approved budget. | Recent progress growth is stalled or negative (no measurable gain last month).
618051,Rehabilitation and Upgrading of NH-707 OLD 72-B Package - 2 Hewna to Ashyari,MoRTH,Himachal Pradesh,2026-06,43.06,MEDIUM,25.0,100.0,0.0,,Completion date has been revised by 33 month(s) (from 03/2023 to 12/2025). | Cost is within (or close to) the originally approved budget. | Recent progress trend could not be assessed (no prior month to compare).
618052,Gorantla - Hindupur section from Km 120/300 to 165/000 of NH716G in the State of Andhra Pradesh,MoRTH,Andhra Pradesh,2026-07,8.75,LOW,25.0,0.0,0.0,0.0,Completion date has not slipped versus the original plan. | Cost is within (or close to) the originally approved budget. | Recent progress growth is healthy (~8.92 points/month).
618053,Muddanur to B. Kothapalli section of NH-716G from Km. 0/000 to Km. 56/500 56.500 Km in the State of Andhra Pradesh on EPC mode Job no. 741,MoRTH,Andhra Pradesh,2026-07,17.5,LOW,50.0,0.0,0.0,0.0,Physical progress (33.5%) is 12.3 points below expected progress (45.8%). | Completion date has not slipped versus the original plan. | Cost is within (or close to) the originally approved budget. | Recent progress growth is healthy (~3.00 points/month).
618054,Construction of Balrampur bypass with 2L flexible pavement configuration from km.223.000 of NH-330 to km.328.300 of NH-730 under EPC mode,MoRTH,Uttar Pradesh,2026-07,41.25,MEDIUM,75.0,50.0,0.0,0.0,Physical progress (56.0%) is 44.0 points below expected progress (100.0%). | Completion date has been revised by 10 month(s) (from 02/2026 to 12/2026). | Cost is within (or close to) the originally approved budget. | Recent progress growth is healthy (~2.00 points/month).
618055,Construction of Pratapgarh Bypass Extension connecting NH-31 to NH-330 on EPC mode in the State of Uttar Pradesh.,MoRTH,Uttar Pradesh,2026-07,40.0,MEDIUM,50.0,75.0,0.0,0.0,Physical progress (78.0%) is 22.0 points below expected progress (100.0%). | Completion date has been revised by 15 month(s) (from 06/2025 to 09/2026). | Cost is within (or close to) the originally approved budget. | Recent progress growth is healthy (~3.00 points/month).
618056,Improvement and Up-gradation to two Lane with Paved Shoulder Configuration from existing km. 420.00 Shohrathgarh to km. 454.00 Uska Bazar of NH-730 in the state of Uttar Pradesh EPC basis,MoRTH,Uttar Pradesh,2026-07,48.75,MEDIUM,75.0,75.0,0.0,0.0,Physical progress (62.0%) is 38.0 points below expected progress (100.0%). | Completion date has been revised by 15 month(s) (from 09/2025 to 12/2026). | Cost is within (or close to) the originally approved budget. | Recent progress growth is healthy (~2.00 points/month).
618057,Construction of Shohratgarh Bypass on NH-730 under EPC mode in the State of Uttar Pradesh,MoRTH,Uttar Pradesh,2026-07,48.75,MEDIUM,75.0,75.0,0.0,0.0,Physical progress (54.0%) is 46.0 points below expected progress (100.0%). | Completion date has been revised by 19 month(s) (from 05/2025 to 12/2026). | Cost is within (or close to) the originally approved budget. | Recent progress growth is healthy (~2.00 points/month).
618059,Construction of four-lane Concrete Road from Police Headquarter Gondia City to Rawanwadi Village Birsi Airport Junction from design km 0.000 to km 15.781 existing km 39/720 of NH-753 to existing Km 8/400 of NH 543 on sections from Kohmara- Goregaon- Police HeadquarterKaranja - Collector Office Square - Balaghat T Point- Rawanwadi- Rajegaon of NH-753 and NH-543 in Gondia District in the state of Maharashtra. Total Length of the project 15.781 Km.,MoRTH,Maharashtra,2026-07,65.0,HIGH,100.0,75.0,0.0,75.0,Physical progress (34.1%) is 65.8 points below expected progress (100.0%). | Completion date has been revised by 14 month(s) (from 08/2025 to 10/2026). | Cost is within (or close to) the originally approved budget. | Recent progress growth is stalled or negative (no measurable gain last month).
618060,Widening and Strengthening of existing paveemnt to two lane with paved shoulders from km 116.00 to km 176.355 of NH-75E in the State of Jharkhand on EPC mode.,MoRTH,Jharkhand,2026-07,47.5,MEDIUM,50.0,100.0,0.0,0.0,Physical progress (89.0%) is 11.0 points below expected progress (100.0%). | Completion date has been revised by 27 month(s) (from 07/2024 to 10/2026). | Cost is within (or close to) the originally approved budget. | Recent progress growth is healthy (~2.00 points/month).
618061,"Strengthening, Widening & Up-gradation of newly declared NH-761 from NH- 61Junction-BelheAlkutiDevibhoyareNighojShirur, from Design chainage Km 0.000 to Km 37.970 from Single/Intermediate/2L to 2LPS in the State of Maharashtra on EPC Mode Length 37.970 Km",MoRTH,Maharashtra,2026-07,33.75,MEDIUM,75.0,0.0,0.0,75.0,Physical progress (62.5%) is 26.4 points below expected progress (88.9%). | Completion date has not slipped versus the original plan. | Cost is within (or close to) the originally approved budget. | Recent progress growth is stalled or negative (no measurable gain last month).
618062,Dornala to Kunta Junction from Design Chainage Km 244000 to 267990 section of NH-765 Package-2,MoRTH,Andhra Pradesh,2026-05,25.25,LOW,25.0,30.0,0.0,75.0,Completion date has been revised by 4 month(s) (from 09/2025 to 01/2026). | Cost is within (or close to) the originally approved budget. | Recent progress growth is stalled or negative (no measurable gain last month).
618063,Widening & Strenghteningof section from Bharthana chowk to Kodarkoot km.0.00 to km.40.00 of NH-91-A on EPC mode,MoRTH,Uttar Pradesh,2026-07,67.5,HIGH,25.0,100.0,85.0,75.0,Completion date has been revised by 27 month(s) (from 09/2024 to 12/2026). | Cost overrun of 31.0% (original Rs. 262.37 Cr -> revised Rs. 343.77 Cr). | Recent progress growth is stalled or negative (no measurable gain last month).
618064,Up-gradation of NH-930 Sherpar to Kohka from Km.67880 to Km.114860 to 2LPS in Chhattisgarh under EPC mode,MoRTH,Chhattisgarh,2026-05,16.25,LOW,25.0,0.0,0.0,75.0,No completion-date revision recorded (schedule risk based on original plan only). | Cost is within (or close to) the originally approved budget. | Recent progress growth is stalled or negative (no measurable gain last month).
618065,"Rehabilitation/Upgradation of existing Highway to 2LPS/4 lane of Dhawali to Rajoli from Design Km.149476 to 163476 existing Km.150000 to 164000, Pandhasala to Mohadongri from design Km.170476 to 181476 existing Km.171000 to 182000, Ambeshivni Fata to Bodli from design Km.183476 to 185476 existing Km.184000 to 186000 and Made Tukum to Gadchiroli from design Km.188476 to 189476 existing Km.188000 to 18900 having length 28 km of NH-930 of Dhawali to Gadchroli road in the",MoRTH,Maharashtra,2026-07,57.5,MEDIUM,100.0,75.0,0.0,0.0,Physical progress (37.2%) is 62.8 points below expected progress (100.0%). | Completion date has been revised by 18 month(s) (from 09/2025 to 03/2027). | Cost is within (or close to) the originally approved budget. | Recent progress growth is healthy (~3.10 points/month).
618066,Construction of Amethi bypass Part-II at km.30.050 of NH-931 under EPC mode in the state of Uttar Pradesh,MoRTH,Uttar Pradesh,2026-07,25.0,LOW,50.0,0.0,0.0,75.0,Physical progress (48.0%) is 22.8 points below expected progress (70.8%). | Completion date has not slipped versus the original plan. | Cost is within (or close to) the originally approved budget. | Recent progress growth is stalled or negative (no measurable gain last month).
618067,"Rehabilitation & Up-gradation from design Km. 0.000 to Km. 69.280 of NH-931 Pratapgarh - Amethi - Gauriganj -Musafirkhana to two lane with paved shoulder on Engineering, Procurement & Construction EpC mode in the State of Uttar Pradesh",MoRTH,Uttar Pradesh,2026-07,22.5,LOW,50.0,0.0,0.0,50.0,Physical progress (9.3%) is 24.0 points below expected progress (33.3%). | Completion date has not slipped versus the original plan. | Cost is within (or close to) the originally approved budget. | Recent progress growth is low (~0.32 points/month).
618068,"Construction of Kaithi-Padaria Kala bypass, Patna-Tamoli bypass, Jaso bypass and Nagod bypass total length 15.44 Km to 2-lane with paved shoulders flexible pavement on NH-943 in the State of Madhya Pradesh on EPC Mode.",MoRTH,Madhya Pradesh,2026-07,48.75,MEDIUM,75.0,75.0,0.0,0.0,Physical progress (62.8%) is 37.2 points below expected progress (100.0%). | Completion date has been revised by 14 month(s) (from 10/2025 to 12/2026). | Cost is within (or close to) the originally approved budget. | Recent progress growth is healthy (~2.80 points/month).
618069,Upgradation to Two-lane with paved shoulder of Hanumangarh to Kenchiyan section from Km 0.000existing chainage-Km 23.200 to Km 49.605existing chainage-Km 74.645 of NH-54 in the State of Rajasthan on EPC mode.,MoRTH,Rajasthan,2026-07,17.5,LOW,50.0,0.0,0.0,0.0,Physical progress (72.0%) is 15.5 points below expected progress (87.5%). | Completion date has not slipped versus the original plan. | Cost is within (or close to) the originally approved budget. | Recent progress growth is healthy (~2.00 points/month).
618070,Widening to 2 Lanes with paved shoulders from Km.87/000 to 133/720 Nattukal to Thanau Jn. in Palakkad of NH-966 Old NH-213 on EPC mode Basis under NHO Annual Plan 2016-17 in the state of Kerala,MoRTH,Kerala,2026-07,56.25,MEDIUM,25.0,100.0,40.0,75.0,Completion date has been revised by 82 month(s) (from 08/2019 to 06/2026). | Cost overrun of 7.2% (original Rs. 294.28 Cr -> revised Rs. 315.63 Cr). | Recent progress growth is stalled or negative (no measurable gain last month).
618071,Construction of two lane with paved shoulder Gangtok Bypass Road from Ranipool to Burtuk Ch 0.00 Km to 23.316 L23.316 Km in the State of Sikkim,MoRTH,Sikkim,2026-07,38.75,MEDIUM,25.0,100.0,0.0,0.0,Completion date has been revised by 31 month(s) (from 05/2024 to 12/2026). | Cost is within (or close to) the originally approved budget. | Recent progress growth is healthy (~2.00 points/month).
618072,Widening to Existing single lane /intermediate lane to 2 lane from Km185.00 to Km 220.00 of NH-61 New NH-02 in the state of Nagaland.,MoRTH,Nagaland,2026-07,30.0,LOW,0.0,75.0,0.0,75.0,Physical progress (100.0%) is on track or ahead of expected progress (100.0%). | Completion date has been revised by 20 month(s) (from 07/2024 to 03/2026). | Cost is within (or close to) the originally approved budget. | Recent progress growth is stalled or negative (no measurable gain last month).
618073,Improvement to Two lane with Paved Shoulder from Junction of NH22 near Hajipur to Junction of NH -122 at Bachhwara via Mahnar and Mohiuddin Nagar from Km 0.00 to Km 29.730 of NH 122 B in the State of Bihar.,MoRTH,Bihar,2026-07,41.25,MEDIUM,75.0,50.0,0.0,0.0,Physical progress (61.0%) is 39.0 points below expected progress (100.0%). | Completion date has been revised by 12 month(s) (from 02/2026 to 02/2027). | Cost is within (or close to) the originally approved budget. | Recent progress growth is healthy (~8.00 points/month).
618074,Pre construction activity of NH 122B from km 0 to 72.348 and Improvement to two lane with paved shoulders of NH 122B from km 29.730 to km 72.348 in state of Bihar under EPC mode,MoRTH,Bihar,2026-07,11.25,LOW,25.0,0.0,0.0,25.0,Completion date has not slipped versus the original plan. | Cost is within (or close to) the originally approved budget. | Recent progress growth is healthy (~1.00 points/month).
618075,Construction of two lane with paved shoulder from existing Km.0.000 to Km.55.610 design km. 0.000 to km. 54.048 of NH-124D,MoRTH,Uttar Pradesh,2026-07,40.0,MEDIUM,50.0,75.0,0.0,0.0,Physical progress (77.0%) is 23.0 points below expected progress (100.0%). | Completion date has been revised by 13 month(s) (from 02/2026 to 03/2027). | Cost is within (or close to) the originally approved budget. | Recent progress growth is healthy (~2.00 points/month).
618076,Improvement and Widening two lannig with paved Shoulder of NH 127B from km 31.500 Goeragre to km 63.224 Package-II in state of Meghalaya,MoRTH,Meghalaya,2026-07,35.0,MEDIUM,100.0,0.0,0.0,0.0,Physical progress (4.5%) is 53.8 points below expected progress (58.3%). | No completion-date revision recorded (schedule risk based on original plan only). | Cost is within (or close to) the originally approved budget. | Recent progress growth is healthy (~2.00 points/month).
618078,Up-gradation of NH-130C Abhanpur to Paund from NH Km. 0000 to KM 40380 to two lane with paved shoulders in the State of Chhattisgarh on EPC mode.,MoRTH,Chhattisgarh,2026-05,55.0,MEDIUM,50.0,100.0,0.0,75.0,Physical progress (85.0%) is 15.0 points below expected progress (100.0%). | Completion date has been revised by 29 month(s) (from 09/2023 to 02/2026). | Cost is within (or close to) the originally approved budget. | Recent progress growth is stalled or negative (no measurable gain last month).
618079,Construction of Dharmagarh Bypass on NH-130C including land acquisition in the state of Odisha on EPC Mode under Annual plan 2022-23.,MoRTH,Odisha,2026-07,42.5,MEDIUM,100.0,0.0,0.0,75.0,Physical progress (15.0%) is 68.3 points below expected progress (83.3%). | Completion date has not slipped versus the original plan. | Cost is within (or close to) the originally approved budget. | Recent progress growth is stalled or negative (no measurable gain last month).
618080,Improvement to two lane with paved shoulders of BH WB Border Amdabad Manihari section from design Km 0.000 to Km 23.945 of NH 131 A Total length 23.945 Km under EPC mode in the state of Bihar,MoRTH,Bihar,2026-07,55.0,MEDIUM,100.0,50.0,0.0,50.0,Physical progress (7.5%) is 70.3 points below expected progress (77.8%). | Completion date has been revised by 7 month(s) (from 11/2026 to 06/2027). | Cost is within (or close to) the originally approved budget. | Recent progress growth is low (~0.50 points/month).
618081,Construction of Mariahu Bypass with four lane paved shoulder configuration Km. 53.540 to Km.59.200 of NH-135A on EPC mode in the state of Uttar Pradesh,MoRTH,Uttar Pradesh,2026-07,48.75,MEDIUM,75.0,50.0,0.0,75.0,Physical progress (55.0%) is 45.0 points below expected progress (100.0%). | Completion date has been revised by 10 month(s) (from 02/2026 to 12/2026). | Cost is within (or close to) the originally approved budget. | Recent progress growth is stalled or negative (no measurable gain last month).
618082,Widening & Upgradation to four lane configuration from Km.34.900 Bhadohi to km.73.134 Jaunpur of NH-135A on EPC mode,MoRTH,Uttar Pradesh,2026-07,41.25,MEDIUM,25.0,100.0,0.0,25.0,Completion date has been revised by 28 month(s) (from 05/2024 to 09/2026). | Cost is within (or close to) the originally approved budget. | Recent progress growth is healthy (~1.00 points/month).
618083,Construction of byepass around Lohardaga town of NH-143A in the Sate of Jharkhand under EPC mode.,MoRTH,Jharkhand,2026-07,57.5,MEDIUM,100.0,50.0,0.0,75.0,Physical progress (5.0%) is 95.0 points below expected progress (100.0%). | Completion date has been revised by 8 month(s) (from 01/2026 to 09/2026). | Cost is within (or close to) the originally approved budget. | Recent progress growth is stalled or negative (no measurable gain last month).
618084,Widening to 2-lane with paved shoulder from km 0.00 to 44.00 Kuru-Ghaghra section of NH-143A including re-construction of culverts and bridges.,MoRTH,Jharkhand,2026-07,46.25,MEDIUM,25.0,100.0,0.0,75.0,Completion date has been revised by 38 month(s) (from 08/2023 to 10/2026). | Cost is within (or close to) the originally approved budget. | Recent progress growth is stalled or negative (no measurable gain last month).
618085,Upgradation of Nasrullagani-Rehti-Budhni Scction to 2-lane with paved shoulder from Km 0150 to Km 50500 of NH-146B in the state of Madhya Pradesh on EPC mode.,MoRTH,Madhya Pradesh,2026-07,31.25,MEDIUM,25.0,75.0,0.0,0.0,Completion date has been revised by 24 month(s) (from 10/2024 to 10/2026). | Cost is within (or close to) the originally approved budget. | Recent progress growth is healthy (~3.26 points/month).
618086,"Widening to Two Lane with Paved Shoulders from KB Cross to Chunchanahalli ie., Design Ch. 485240 Km Existing Km 494.000 to Design Ch. 523393 Km Existing km 533.152 & From Design Ch. 530393 Existing Km 540.175 to Design Ch. 534476 Existing Km 544.200 at Nelligere of NH-150A on EPC mode under Annual Plan 2022-23 NH-150A-KNT-2022-23-977 dated 08.03.2023",MoRTH,Karnataka,2026-07,25.0,LOW,50.0,0.0,0.0,75.0,Physical progress (48.5%) is 18.2 points below expected progress (66.7%). | Completion date has not slipped versus the original plan. | Cost is within (or close to) the originally approved budget. | Recent progress growth is stalled or negative (no measurable gain last month).
618087,Widening to intermediate/two lane to 2 lane with paved shoulder from Existing chanages Km 112.750 to 142.00 Liingasur to Mudabal cross & from Km. 147.070 to Km. 149.070 Maski city limit of Jewargi Chamrajnagar setion of NH-150A in the state of Karnataka on EPC mode. Job No. NH-150A-KNT-2021-22-951,MoRTH,Karnataka,2026-07,46.25,MEDIUM,25.0,100.0,0.0,75.0,Completion date has been revised by 25 month(s) (from 07/2024 to 08/2026). | Cost is within (or close to) the originally approved budget. | Recent progress growth is stalled or negative (no measurable gain last month).
618088,Nandurshingote to Kolhar,MoRTH,Maharashtra,2026-07,26.25,LOW,75.0,0.0,0.0,0.0,Physical progress (41.9%) is 30.3 points below expected progress (72.2%). | Completion date has not slipped versus the original plan. | Cost is within (or close to) the originally approved budget. | Recent progress growth is healthy (~4.19 points/month).
618089,Rehabilitation & Up-gradation of Mudkhed to Nanded section from Km. 372000 to Km 388400 of NH 161A i.e. Nanded-Bhokar-Himayatnagar-Kinwat-Mahur-Arani Road Design chainage from Km 372000 Mudkhed to Km 387650 Nanded of NH 161A Length 15.65 Km to 2/4Lane with paved shoulders configuration in the State of Maharashtra on EPC mode.,MoRTH,Maharashtra,2026-07,56.25,MEDIUM,75.0,75.0,0.0,75.0,Physical progress (65.1%) is 34.9 points below expected progress (100.0%). | Completion date has been revised by 18 month(s) (from 04/2025 to 10/2026). | Cost is within (or close to) the originally approved budget. | Recent progress growth is stalled or negative (no measurable gain last month).
618090,Sarsam - Kothari of NH-161A - 2L PS from Km.33/00 to 90/00,MoRTH,Maharashtra,2026-05,46.25,MEDIUM,25.0,100.0,0.0,75.0,Completion date has been revised by 77 month(s) (from 06/2019 to 11/2025). | Cost is within (or close to) the originally approved budget. | Recent progress growth is stalled or negative (no measurable gain last month).
618091,Widening to two lane with paved shoulders from Km 0/000 to Km 45/946 of Nizampet- Narayankhed-bidar section of NH-161B in the state of Telangana under Annual Plan 2021-22 on EPC mode under NHO,MoRTH,Telangana,2026-07,65.0,HIGH,100.0,75.0,0.0,75.0,Physical progress (46.0%) is 54.0 points below expected progress (100.0%). | Completion date has been revised by 13 month(s) (from 02/2026 to 03/2027). | Cost is within (or close to) the originally approved budget. | Recent progress growth is stalled or negative (no measurable gain last month).
618092,Up-gradation to 2 lane with paved shoulder from Neechli Oden Nathdwara at Design Km 88.800 existing km 55.95 to Bhatewar at Design Km 142.028 existing km 0.00 of NH-162E in the State of Rajasthan on EPC mode.,MoRTH,Rajasthan,2026-07,17.5,LOW,50.0,0.0,0.0,0.0,Physical progress (63.5%) is 24.0 points below expected progress (87.5%). | Completion date has not slipped versus the original plan. | Cost is within (or close to) the originally approved budget. | Recent progress growth is healthy (~3.13 points/month).
618093,Up-gradation to 2 lane with Paved shoulder from Charbhuja at Design km 0.00 existing km 150.00 to Neechli Oden Nathdwara at Design ch. Km 88.800 existing km 55.950 of NH-162E on EPC mode.,MoRTH,Rajasthan,2026-05,42.5,MEDIUM,100.0,0.0,0.0,75.0,Physical progress (0.0%) is 100.0 points below expected progress (100.0%). | No completion-date revision recorded (schedule risk based on original plan only). | Cost is within (or close to) the originally approved budget. | Recent progress growth is stalled or negative (no measurable gain last month).
618094,Pen to Khopoli 2LPS,MoRTH,Maharashtra,2026-07,55.0,MEDIUM,50.0,100.0,0.0,75.0,Physical progress (86.3%) is 13.7 points below expected progress (100.0%). | Completion date has been revised by 72 month(s) (from 12/2019 to 12/2025). | Cost is within (or close to) the originally approved budget. | Recent progress growth is stalled or negative (no measurable gain last month).
618095,Widening to Two Lane with Paved Shoulders from Km 0.00 Design Chainage 0.00 to Km 23.338 Design Chainage 23310 of NH-166E MH/KNT Border- Kanamadi- Bijjargi- Tikota section in the state of Karnataka in EPC Mode under Annual plan 2022-23 NH- 166E-KNT-2022-23-974,MoRTH,Karnataka,2026-07,32.5,MEDIUM,50.0,50.0,0.0,0.0,Physical progress (75.0%) is 25.0 points below expected progress (100.0%). | Completion date has been revised by 12 month(s) (from 03/2026 to 03/2027). | Cost is within (or close to) the originally approved budget. | Recent progress growth is healthy (~4.00 points/month).
618096,Rehabilitation and Up-gradation to 2 lane road with paved shoulders configuration for the balance work of 13 km length on Helwak-Patan-Karad section Km. 85000 to 133 417 of NH-166E in the state of Maharashtra on EPC mode.,MoRTH,Maharashtra,2026-07,40.0,MEDIUM,50.0,50.0,0.0,75.0,Physical progress (87.0%) is 13.0 points below expected progress (100.0%). | Completion date has been revised by 8 month(s) (from 04/2026 to 12/2026). | Cost is within (or close to) the originally approved budget. | Recent progress growth is stalled or negative (no measurable gain last month).
618097,Guhagar - Rampur - 2L-PS - km 0/00 Guhagar to 26/230 Rampur and 40/00 Mirjoli to 53/600 Sati on NH-166E,MoRTH,Maharashtra,2026-07,46.25,MEDIUM,25.0,100.0,0.0,75.0,Completion date has been revised by 74 month(s) (from 06/2019 to 08/2025). | Cost is within (or close to) the originally approved budget. | Recent progress growth is stalled or negative (no measurable gain last month).
618098,"Upgradation of exhisting 2 lane flexible pavement to 2 lane paved shoulders rigid pavement from design chainage Km 66.00 to Design Km 82.440 Start of Kolhapur Municipal corporation near Phulewadi to kale, design length 16.440 Km section on Talere Gaganbawada-Kolhapur road NH 166G in the state of Maharashtra on EPC mode",MoRTH,Maharashtra,2026-07,46.25,MEDIUM,25.0,100.0,0.0,75.0,Completion date has been revised by 27 month(s) (from 05/2024 to 08/2026). | Cost is within (or close to) the originally approved budget. | Recent progress growth is stalled or negative (no measurable gain last month).
618099,"Rehabilitation & up-gradation for Talere Gaganbawada - kolhapur Road NH 166G stretch start from km. 0/00 to Km. 06/00 and km. 13/00 to km 19/440 of NH-166G, length 12.440 km in the State of Maharashtra.",MoRTH,Maharashtra,2026-05,7.5,LOW,0.0,0.0,0.0,75.0,Physical progress (100.0%) is on track or ahead of expected progress (100.0%). | Completion date has not slipped versus the original plan. | Cost is within (or close to) the originally approved budget. | Recent progress growth is stalled or negative (no measurable gain last month).
618101,Kondamodu to Perecherla Section Design Ch. Km 000 to Km 49917 of NH-167AG to to 4LPS,MoRTH,Andhra Pradesh,2026-07,25.0,LOW,50.0,0.0,0.0,75.0,Physical progress (38.0%) is 24.6 points below expected progress (62.5%). | Completion date has not slipped versus the original plan. | Cost is within (or close to) the originally approved budget. | Recent progress growth is stalled or negative (no measurable gain last month).
618103,Rehabilitation and upgradation from Km 22300 to 58635 of MudireddyPalle to Kadapa/Nellore Border via porumamilla Section of NH 167 Two Lane with paved Shoulder in,MoRTH,Andhra Pradesh,2026-07,25.25,LOW,25.0,30.0,0.0,75.0,Completion date has been revised by 3 month(s) (from 04/2026 to 07/2026). | Cost is within (or close to) the originally approved budget. | Recent progress growth is stalled or negative (no measurable gain last month).
618104,Widening to two lane with paved shoulders from Km 0/000 to Km 79/300 of Kalwakurthy - Kollapur section of NH-167K in the state of Telangana under annual plan 2021-22 on EPC mode under NHO.,MoRTH,Telangana,2026-07,31.25,MEDIUM,25.0,75.0,0.0,0.0,Completion date has been revised by 13 month(s) (from 07/2025 to 08/2026). | Cost is within (or close to) the originally approved budget. | Recent progress growth is healthy (~3.31 points/month).
618105,Widening and strengthening to 4 lane / 2-lane with paved shoulders of Mahabubnagar - Chincholi section from km 60/255 to Km 102/834 of NH-167N in the State of Telangana on EPC mode.,MoRTH,Telangana,2026-07,57.5,MEDIUM,100.0,75.0,0.0,0.0,Physical progress (46.6%) is 53.4 points below expected progress (100.0%). | Completion date has been revised by 13 month(s) (from 10/2025 to 11/2026). | Cost is within (or close to) the originally approved budget. | Recent progress growth is healthy (~15.83 points/month).
618106,Widening and Strengthening to 2/4 lane with paved shoulders of Mahabubnagar Chincholi section from Km 0/0 to Km 60/255 of NH-167N in the state of Telangana under Annual plan 2021-22 on EPC modepackage-I under NHO Job No.167N-TS- 2021-22-75,MoRTH,Telangana,2026-07,7.5,LOW,0.0,0.0,0.0,75.0,Physical progress (90.7%) is on track or ahead of expected progress (11.1%). | Completion date has not slipped versus the original plan. | Cost is within (or close to) the originally approved budget. | Recent progress growth is stalled or negative (no measurable gain last month).
618107,Upgradation of Mehsana-Visnagar-vadnagar-Kheralu-Idar section from km 0/00 to 81/300 of NH 168G Mehsana to Idar in the State of GujaratTotal Length 81.300 Km on Hybrid Annuity Mode HAM,MoRTH,Gujarat,2026-07,8.75,LOW,25.0,0.0,0.0,0.0,Completion date has not slipped versus the original plan. | Cost is within (or close to) the originally approved budget. | Recent progress growth is healthy (~7.00 points/month).
618108,Up-gradation and strengthening to 2lanePS from Km 95/500 to km 129/775 of Nh 168G Idar-Bhiloda-Samlaji in the state of Gujarat Length 34.275 km,MoRTH,Gujarat,2026-07,43.75,MEDIUM,75.0,50.0,0.0,25.0,Physical progress (64.5%) is 35.5 points below expected progress (100.0%). | Completion date has been revised by 12 month(s) (from 12/2025 to 12/2026). | Cost is within (or close to) the originally approved budget. | Recent progress growth is healthy (~1.50 points/month).
618109,Widening to 4 lane from Km 51.60 to 76.20 Hebri to Parkala and from Km 85.20 to 88.90 Karavali junction to Malpe of Thirthahalli-Udupi-Malpe Section of NH-169A in the State of Karnataka on EPC Mode under Annual plan 2021-22 Job No. NH-169A- KNT-2021-22-927,MoRTH,Karnataka,2026-07,47.5,MEDIUM,50.0,75.0,0.0,75.0,Physical progress (88.3%) is 11.7 points below expected progress (100.0%). | Completion date has been revised by 23 month(s) (from 12/2024 to 11/2026). | Cost is within (or close to) the originally approved budget. | Recent progress growth is stalled or negative (no measurable gain last month).
618110,Improvement and upgradation to two lane with Paved Shoulder configuration from existing km 55.00 to km 90.00 Design length 34.76 of NH-227A near Chhapia Village to near Sikriganj in the State of UP on EPC Mode.,MoRTH,Uttar Pradesh,2026-05,65.0,HIGH,100.0,75.0,0.0,75.0,Physical progress (0.0%) is 100.0 points below expected progress (100.0%). | Completion date has been revised by 14 month(s) (from 05/2024 to 07/2025). | Cost is within (or close to) the originally approved budget. | Recent progress growth is stalled or negative (no measurable gain last month).
618111,Improvement and upgradation to two lane with paved shoulder configuration from existing km 90.00 to 130.00 Design length 39.15 of NH-227A near Sikriganj to Barhalganj in the State of UP on EPC Mode.,MoRTH,Uttar Pradesh,2026-07,38.75,MEDIUM,25.0,75.0,0.0,75.0,Completion date has been revised by 14 month(s) (from 06/2025 to 08/2026). | Cost is within (or close to) the originally approved budget. | Recent progress growth is stalled or negative (no measurable gain last month).
618112,"Improvement and up-gradation of NH-227B 84 Kosi Parikrama Marg Package I, from km 228.920 Jagarnathpur to Km 235.960/0.000 MakhaudaDham to Km 29.000 Sarpur in the State of Uttar Pradesh on EPC basis",MoRTH,Uttar Pradesh,2026-07,46.5,MEDIUM,100.0,30.0,0.0,25.0,Physical progress (8.0%) is 69.8 points below expected progress (77.8%). | Completion date has been revised by 6 month(s) (from 11/2026 to 05/2027). | Cost is within (or close to) the originally approved budget. | Recent progress growth is healthy (~1.00 points/month).
618113,"Improvement and up-gradation of NH-227B 84 Kosi Parikrama Marg Package III, from Km.47.800 Gosaiganj to Km.73.300 Bikapur in the State of Uttar Pradesh on EPC basis.",MoRTH,Uttar Pradesh,2026-07,35.25,MEDIUM,75.0,30.0,0.0,0.0,Physical progress (50.7%) is 27.1 points below expected progress (77.8%). | Completion date has been revised by 6 month(s) (from 11/2026 to 05/2027). | Cost is within (or close to) the originally approved budget. | Recent progress growth is healthy (~7.26 points/month).
618114,"Improvement and up-gradation of NH-227B 84 Kosi Parikrama Marg PackageV, from Design Km.140.960 Patranga to Km.160.200 Bahuvan Madar Majha on EPC mode in the State of Uttar Pradesh",MoRTH,Uttar Pradesh,2026-07,25.0,LOW,50.0,0.0,0.0,75.0,Physical progress (4.0%) is 12.7 points below expected progress (16.7%). | Completion date has not slipped versus the original plan. | Cost is within (or close to) the originally approved budget. | Recent progress growth is stalled or negative (no measurable gain last month).
618116,lmprovement and Up-gradation from Km. 73.300 Bikapur to Km.140.960 Patranga of NH-227B 84 Kosi Parikrama Marg to 2LPS along with Parikrama Path,MoRTH,Uttar Pradesh,2026-07,7.5,LOW,0.0,0.0,0.0,75.0,Physical progress (40.5%) is on track or ahead of expected progress (25.0%). | Completion date has not slipped versus the original plan. | Cost is within (or close to) the originally approved budget. | Recent progress growth is stalled or negative (no measurable gain last month).
618117,Upgradation to 2-Lane with Paved Shoulder from Design Km 36300 to Design Chainage 47918 and from Design Ch 69900 to Design Ch 83940 of NH-248A Natni Ka Bara in the State of Rajasthan on EPC Mode.,MoRTH,Rajasthan,2026-07,51.5,MEDIUM,100.0,30.0,0.0,75.0,Physical progress (23.0%) is 77.0 points below expected progress (100.0%). | Completion date has been revised by 3 month(s) (from 05/2026 to 08/2026). | Cost is within (or close to) the originally approved budget. | Recent progress growth is stalled or negative (no measurable gain last month).
618118,Upgradation of two lane paved shoulder from Shahpura existing km. 0.00 Design Ch. 000 to Thanagazi existing Km.37352 Design Ch. 36810 of NH-248A on EPC mode in the State of Rajasthan.,MoRTH,Rajasthan,2026-05,22.5,LOW,0.0,50.0,0.0,75.0,Physical progress (100.0%) is on track or ahead of expected progress (100.0%). | Completion date has been revised by 12 month(s) (from 07/2024 to 07/2025). | Cost is within (or close to) the originally approved budget. | Recent progress growth is stalled or negative (no measurable gain last month).
618119,Rehabilitation and up-gradation to 2-lane configuration of Bageshwar to Kangarchina road from km 129.600 to Km 161.600 Existing Chainage 136.00 to Km 169.00 of NH- 309Ain the State of Uttarakhand Package-IV under NHO Annual Plan 2021-22,MoRTH,Uttarakhand,2026-07,8.75,LOW,25.0,0.0,0.0,0.0,No completion-date revision recorded (schedule risk based on original plan only). | Cost is within (or close to) the originally approved budget. | Recent progress growth is healthy (~2.00 points/month).
618120,construction of Four-Lane of chausa-Buxar Bypass from Km 45.000 to Km 65.915 Package - 2 in the State of Bihar on EPC Mode.,MoRTH,Bihar,2026-07,25.0,LOW,50.0,0.0,0.0,75.0,Physical progress (4.0%) is 21.0 points below expected progress (25.0%). | Completion date has not slipped versus the original plan. | Cost is within (or close to) the originally approved budget. | Recent progress growth is stalled or negative (no measurable gain last month).
618121,Improvement to two lane with paved shoulders of NH-319A from km 0 to km 45 in state of Bihar under EPC mode,MoRTH,Bihar,2026-07,38.75,MEDIUM,25.0,75.0,0.0,75.0,Completion date has been revised by 23 month(s) (from 12/2024 to 11/2026). | Cost is within (or close to) the originally approved budget. | Recent progress growth is stalled or negative (no measurable gain last month).
618122,Widening to 2 lane with paved shoulded of Jareikela Jharkhand/Odisha Border - Dhabaleswar section from 0/0 to 36/0 of NH-320D in the State of Odisha under Annual Plan 2021-22.,MoRTH,Odisha,2026-07,35.0,MEDIUM,100.0,0.0,0.0,0.0,Physical progress (34.0%) is 53.5 points below expected progress (87.5%). | Completion date has not slipped versus the original plan. | Cost is within (or close to) the originally approved budget. | Recent progress growth is healthy (~2.00 points/month).
618123,Widening and Strengthening/Reconstruction to Two Lane with Paved Shoulder/ Two Lane with paved shoulders with service road from km 0000 to km 42250 excluding design Ch. 03220 to 04200 & 28350 to 29060 of NH-320G in the state of Jharkhand under EPC mode,MoRTH,Jharkhand,2026-06,40.0,MEDIUM,100.0,0.0,0.0,50.0,Physical progress (0.0%) is 100.0 points below expected progress (100.0%). | No completion-date revision recorded (schedule risk based on original plan only). | Cost is within (or close to) the originally approved budget. | Recent progress growth is low (~0.01 points/month).
618124,Rehabilitation and upgradation from km 51.600 to km 75.700 of NH-321G Nuhkhas to Etah section to two lane with paved shoulder configuration under EPC mode in the State of Uttar Pradesh,MoRTH,Uttar Pradesh,2026-07,48.75,MEDIUM,75.0,75.0,0.0,0.0,Physical progress (73.0%) is 27.0 points below expected progress (100.0%). | Completion date has been revised by 15 month(s) (from 08/2025 to 11/2026). | Cost is within (or close to) the originally approved budget. | Recent progress growth is healthy (~8.00 points/month).
618125,Rehabilitation and upgradation of NH 326A from km 0/0 to 41/979 excluding km 2/255 to 3/372 and km 36/820 to 38/275 Odisha border to Narasamapeta to two lane with paved Shoulders in the State of Andhra Pradesh under NHO on EPC Mode,MoRTH,Andhra Pradesh,2026-07,37.5,MEDIUM,0.0,100.0,0.0,75.0,Physical progress (100.0%) is on track or ahead of expected progress (100.0%). | Completion date has been revised by 67 month(s) (from 03/2020 to 10/2025). | Cost is within (or close to) the originally approved budget. | Recent progress growth is stalled or negative (no measurable gain last month).
618126,"Pre-Construction activities from Km 134.000 to Km 190.233 of NH-333A and Construction of 4 no. of Bypasses at Katoria, Lakhpura, Banka & Panjwara total length-14.359 Km to two lane with paved shoulders standard in State of Bihar.",MoRTH,Bihar,2026-07,31.5,MEDIUM,50.0,30.0,0.0,50.0,Physical progress (58.8%) is 20.4 points below expected progress (79.2%). | Completion date has been revised by 3 month(s) (from 12/2026 to 03/2027). | Cost is within (or close to) the originally approved budget. | Recent progress growth is low (~0.65 points/month).
618127,Construction of 2- Lane with paved shoulder from km 56.45 Dharampur More to 93.050 Pakur of NH-333A in the State of Jharkhand on EPC mode,MoRTH,Jharkhand,2026-07,26.25,LOW,75.0,0.0,0.0,0.0,Physical progress (15.0%) is 29.4 points below expected progress (44.4%). | Completion date has not slipped versus the original plan. | Cost is within (or close to) the originally approved budget. | Recent progress growth is healthy (~4.60 points/month).
618129,"Construction of Kasrawad bypass, Selani bypass, Khargone bypass & Bistan bypass Total length. 31.950 km Section of NH-347 C to Two lane with paved shoulder configuration in the State of Madhya Pradesh on EPC mode.",MoRTH,Madhya Pradesh,2026-07,0.0,LOW,0.0,0.0,0.0,0.0,Physical progress (99.2%) is on track or ahead of expected progress (79.2%). | Completion date has not slipped versus the original plan. | Cost is within (or close to) the originally approved budget. | Recent progress growth is healthy (~13.12 points/month).
618130,Widening to 2 lane with paved shoulders from 0.00 to 32.970 ofAdilabadto Bela section of NH 353B in the State of Telangana,MoRTH,Telangana,2026-07,35.0,MEDIUM,50.0,50.0,0.0,25.0,Physical progress (79.1%) is 20.9 points below expected progress (100.0%). | Completion date has been revised by 7 month(s) (from 05/2026 to 12/2026). | Cost is within (or close to) the originally approved budget. | Recent progress growth is healthy (~1.28 points/month).
618132,Widening & strengthening of existing carriageway in 2 lane with paved shoulders from km 25/0 to 59/2 design Ch km 25.467 to 59.200 of NH - 353C on EPC mode in the state of Telangana,MoRTH,Telangana,2026-05,16.25,LOW,25.0,0.0,0.0,75.0,No completion-date revision recorded (schedule risk based on original plan only). | Cost is within (or close to) the originally approved budget. | Recent progress growth is stalled or negative (no measurable gain last month).
618133,Strengthening and Widening of road Sakoli- Wadsa-Armori-Gadchiroli-Ashti- Allapalli - Sironcha National highway NH 353C in Km 262/00 to 321/00 including 16 minor Bridges and 2 Major Bridge Total length 59 Km section from repanpalli to sironcha in Gadchiroli Dist in the State of Maharashtra.,MoRTH,Maharashtra,2026-07,56.25,MEDIUM,75.0,100.0,0.0,0.0,Physical progress (67.4%) is 32.6 points below expected progress (100.0%). | Completion date has been revised by 34 month(s) (from 05/2024 to 03/2027). | Cost is within (or close to) the originally approved budget. | Recent progress growth is healthy (~2.39 points/month).
618134,Rehabilitation /Upgradation from Lagam to Alapalli section Desing Km. 199/400 to km 227/400 Length 28.0 Km to 2 lane with Paved Shoulders/ 4 lane configuration section of NH-353 C Sakoli-Wadsa-Armori-Gadchiroli-Ashti-Alapalli Sironcha in Gadchiroli District on EPC mode in the state of Maharashtra.,MoRTH,Maharashtra,2026-07,25.0,LOW,50.0,0.0,0.0,75.0,Physical progress (81.4%) is 10.2 points below expected progress (91.7%). | Completion date has not slipped versus the original plan. | Cost is within (or close to) the originally approved budget. | Recent progress growth is stalled or negative (no measurable gain last month).
618136,Upgradatiobn and Rehabilitation of Section of NH 361 F from Parli 00/000 to Gangakhed 30/400 to Two Lanes with paved shoulder / Four lane configurations on EPC mode in the State of Maharashtra.,MoRTH,Maharashtra,2026-05,46.25,MEDIUM,25.0,100.0,0.0,75.0,Completion date has been revised by 30 month(s) (from 09/2023 to 03/2026). | Cost is within (or close to) the originally approved budget. | Recent progress growth is stalled or negative (no measurable gain last month).
618137,Rehabilitation and Up-gradation of Jarud - Sirsala section of NH-361F km 59500 to km11500 to Two lane with paved shoulder/ Four Lane in the state of Maharashtra on EPC mode Length 55.5 Km.,MoRTH,Maharashtra,2026-07,0.0,LOW,0.0,0.0,0.0,0.0,Physical progress (68.2%) is on track or ahead of expected progress (58.3%). | Completion date has not slipped versus the original plan. | Cost is within (or close to) the originally approved budget. | Recent progress growth is healthy (~4.56 points/month).
618138,"Widening, Reconstruction & Up-gradation to 2 lane with Paved Shoulder/Four Lane configuration for the work of Sautada to Shirapur Section of NH-561 from Design km 86300 to km 125589 in the state of Maharashtra on EPC mode. Design length 39.289 km",MoRTH,Maharashtra,2026-07,25.0,LOW,50.0,0.0,0.0,75.0,Physical progress (54.0%) is 23.7 points below expected progress (77.8%). | Completion date has not slipped versus the original plan. | Cost is within (or close to) the originally approved budget. | Recent progress growth is stalled or negative (no measurable gain last month).
618139,Rehabilitation and Up-gradation of Gangakhed Loha section of NH-361F from Km 169/00 to 210/00 to two lane with paved shoulder/ four lane configuration in the state of Maharashtra on EPC mode Length - 41.00 Km.,MoRTH,Maharashtra,2026-07,33.75,MEDIUM,75.0,0.0,0.0,75.0,Physical progress (43.5%) is 44.8 points below expected progress (88.2%). | Completion date has not slipped versus the original plan. | Cost is within (or close to) the originally approved budget. | Recent progress growth is stalled or negative (no measurable gain last month).
618140,Widening to two/four lane with paved shoulders from Km.34.250 to Km.71.830 of NH- 365A on Kodad-Khammam-Kurvi road.,MoRTH,Telangana,2026-07,35.0,MEDIUM,100.0,0.0,0.0,0.0,Physical progress (13.3%) is 60.6 points below expected progress (73.9%). | Completion date has not slipped versus the original plan. | Cost is within (or close to) the originally approved budget. | Recent progress growth is healthy (~3.94 points/month).
618141,Widening and Improvement of existing carriage way to 2 lane with paved shoulders from Km. 86/160 to 131/730 of Jangaon-Duddeda section of NH-365B in the State of Telangana on EPC Mode,MoRTH,Telangana,2026-07,45.0,MEDIUM,50.0,75.0,0.0,50.0,Physical progress (77.8%) is 22.1 points below expected progress (100.0%). | Completion date has been revised by 24 month(s) (from 12/2024 to 12/2026). | Cost is within (or close to) the originally approved budget. | Recent progress growth is low (~0.08 points/month).
618142,Widening to Two lane with Paved shoulders from km.40/410 to 84/037 of Thirumanlagiri-- Suryapet Section of NH-365B earstwhile section of SH-16,MoRTH,Telangana,2026-05,25.25,LOW,25.0,30.0,0.0,75.0,Completion date has been revised by 4 month(s) (from 05/2019 to 09/2019). | Cost is within (or close to) the originally approved budget. | Recent progress growth is stalled or negative (no measurable gain last month).
618143,widening to two lane with Paved shoulders from Km.0/970 to Km.40/410 of Jangaon - Thirumal giriof NH- 365B in the state of Telanganaon EPC mode under NHO Annual Plan 2016-17,MoRTH,Telangana,2026-05,16.25,LOW,25.0,0.0,0.0,75.0,Completion date has not slipped versus the original plan. | Cost is within (or close to) the originally approved budget. | Recent progress growth is stalled or negative (no measurable gain last month).
618144,Construction of Major Bridge Across Sharavathi Backwaters and approches between Ambargodu and Kalasavalli Near Sigandhur in Sagar Taluk on NH 369E in the State of Karnataka on EPC mode.Job No. NH-369E-KNT-2018-19-895 dated 06.03.2019.,MoRTH,Karnataka,2026-05,42.5,MEDIUM,100.0,0.0,0.0,75.0,Physical progress (0.0%) is 100.0 points below expected progress (100.0%). | No completion-date revision recorded (schedule risk based on original plan only). | Cost is within (or close to) the originally approved budget. | Recent progress growth is stalled or negative (no measurable gain last month).
618145,Widening to two lane with paved shoulder of Rampachodavaram - Koyyuru section of NH 516E from Km 43700 to Km 113820 in the State of Andhra Pradesh on EPC mode Job No. 737,MoRTH,Andhra Pradesh,2026-05,38.75,MEDIUM,25.0,75.0,0.0,75.0,Completion date has been revised by 15 month(s) (from 01/2025 to 04/2026). | Cost is within (or close to) the originally approved budget. | Recent progress growth is stalled or negative (no measurable gain last month).
618146,Estimate for Improvement to two lane with paved shoulder from Ramnagar to Roseda from km 3.500 to 43.000 of NH 527 E on EPC mode in State of Bihar,MoRTH,Bihar,2026-07,50.0,MEDIUM,100.0,50.0,0.0,0.0,Physical progress (39.0%) is 61.0 points below expected progress (100.0%). | Completion date has been revised by 12 month(s) (from 04/2026 to 04/2027). | Cost is within (or close to) the originally approved budget. | Recent progress growth is healthy (~2.00 points/month).
618147,Widening to 2 Lane with Paved Shoulders from design Km 103.200 Existing Km 103.200 to design Km 116.700 Existing Km 118.470 on AP/KNT Border to Sira Section of NH-544E in the State of Karnatakaon EPC mode under Annual plan 2022- 23,MoRTH,Karnataka,2026-07,48.75,MEDIUM,75.0,50.0,0.0,75.0,Physical progress (65.0%) is 35.0 points below expected progress (100.0%). | Completion date has been revised by 11 month(s) (from 09/2025 to 08/2026). | Cost is within (or close to) the originally approved budget. | Recent progress growth is stalled or negative (no measurable gain last month).
618148,Widening to 4LPS of NH-548B from Km 80.000 Near Murgundi to Km 140.200 Near Chikkodi excluding length from Km 118.450 to Km 128.450 in the State of Karnataka under NH O on EPC Mode under Annual Plan 2022-23 - Package 1 NH-548B-KNT- 2022-23-979 dated 09.03.2023,MoRTH,Karnataka,2026-07,25.0,LOW,50.0,0.0,0.0,75.0,Physical progress (0.0%) is 12.5 points below expected progress (12.5%). | Completion date has not slipped versus the original plan. | Cost is within (or close to) the originally approved budget. | Recent progress growth is stalled or negative (no measurable gain last month).
618149,Widening to two lane with paved shoulders from Km 0.00 to 102.310 Design Chainage of NH-548B Murrum-Maharashtra Border in the State of Karnataka,MoRTH,Karnataka,2026-07,25.0,LOW,50.0,0.0,0.0,75.0,Physical progress (60.2%) is 14.8 points below expected progress (75.0%). | Completion date has not slipped versus the original plan. | Cost is within (or close to) the originally approved budget. | Recent progress growth is stalled or negative (no measurable gain last month).
618150,Rehabilitation and Up-gradation of i. Deogaon phata to Digras phata Ch. 0/000 to 15/000 & Selu to Borgavhan Ch 20/900 to 35/800 [Length 29.9km] ii. Injegaon Dhamoni to Pohner Phata Ch.58/200 to Ch. 83/700 [Length25.5 km] and iii. Pohner phata to Pathri Design Ch. 42/700 to 58/200 [Length 15.5 km] sections of NH-548B to Two lane with paved shoulder configuartion in the state of Maharashtra on EPC mode Total project length 70.9 Km.,MoRTH,Maharashtra,2026-07,33.75,MEDIUM,75.0,0.0,0.0,75.0,Physical progress (15.0%) is 43.3 points below expected progress (58.3%). | Completion date has not slipped versus the original plan. | Cost is within (or close to) the originally approved budget. | Recent progress growth is stalled or negative (no measurable gain last month).
618151,Widening to 4LPS of NH-548B from Km 118.450 Near Shirguppi to Km 128.450 Near Ankali in the State of Karnataka under NH O on EPC Mode Under Annual Plan 2022- 23 NH-548B-KNT-2022-23-982,MoRTH,Karnataka,2026-07,16.25,LOW,25.0,0.0,0.0,75.0,No completion-date revision recorded (schedule risk based on original plan only). | Cost is within (or close to) the originally approved budget. | Recent progress growth is stalled or negative (no measurable gain last month).
618152,Mhaswad to Tembhurni section of NH-548C - 2L PS,MoRTH,Maharashtra,2026-07,46.25,MEDIUM,25.0,100.0,0.0,75.0,Completion date has been revised by 85 month(s) (from 07/2019 to 08/2026). | Cost is within (or close to) the originally approved budget. | Recent progress growth is stalled or negative (no measurable gain last month).
618153,Satara to Mhaswad,MoRTH,Maharashtra,2026-07,46.25,MEDIUM,25.0,100.0,0.0,75.0,Completion date has been revised by 84 month(s) (from 08/2019 to 08/2026). | Cost is within (or close to) the originally approved budget. | Recent progress growth is stalled or negative (no measurable gain last month).
618154,"Rehabilitation & upgradation of Jamkhed to Sautada Section of NH548 D from km 195.375 to km 208.774, Length 13.399 Km to 2L PS /4L configuration with rigid pavement in the state of Maharashtra on EPC mode.",MoRTH,Maharashtra,2026-07,56.25,MEDIUM,75.0,75.0,0.0,75.0,Physical progress (68.9%) is 31.1 points below expected progress (100.0%). | Completion date has been revised by 23 month(s) (from 07/2024 to 06/2026). | Cost is within (or close to) the originally approved budget. | Recent progress growth is stalled or negative (no measurable gain last month).
618155,Development/Widening of Talegaon Chakan Shikrapur Nhavara Section of NH-548D from existing chainage km. 54/000 to 82/300 and Design chainage Km. 54/000 to 82/120 Shikrapur to Nhavara Section to 2LPS/4L Configuration on EPC Mode in the State of Maharashtra.,MoRTH,Maharashtra,2026-07,34.0,MEDIUM,50.0,30.0,0.0,75.0,Physical progress (76.2%) is 23.8 points below expected progress (100.0%). | Completion date has been revised by 2 month(s) (from 07/2026 to 09/2026). | Cost is within (or close to) the originally approved budget. | Recent progress growth is stalled or negative (no measurable gain last month).
618156,"Construction of Morena bypass, Ambah bypass & Porsa bypass Totat length 27.16 km Section of NH-552 Ext. to TWo lane with paved shoulder configuration in the state of Madhya Pradesh on EPC mode",MoRTH,Madhya Pradesh,2026-07,25.0,LOW,50.0,0.0,0.0,75.0,Physical progress (73.5%) is 14.0 points below expected progress (87.5%). | Completion date has not slipped versus the original plan. | Cost is within (or close to) the originally approved budget. | Recent progress growth is stalled or negative (no measurable gain last month).
618157,Construction of Ater realignment & Bhind bypass Total length. 21.50 km Section of NH-552Extn. to Two lane with paved shoulder configuration in the State of Madhya Pradesh on EPC mode.,MoRTH,Madhya Pradesh,2026-07,34.0,MEDIUM,50.0,30.0,0.0,75.0,Physical progress (79.0%) is 21.0 points below expected progress (100.0%). | Completion date has been revised by 6 month(s) (from 06/2026 to 12/2026). | Cost is within (or close to) the originally approved budget. | Recent progress growth is stalled or negative (no measurable gain last month).
618158,"Upgradation of Goras to Shyampur Road section of NH-552 Ext., from Design Chainge 48.400 to 111.800 Km Total length 63.40 km to two lane with paved shoulder configuration along with One time improvement of 8.91 km in the state of Madhya Pradesh on EPC mode",MoRTH,Madhya Pradesh,2026-07,37.5,MEDIUM,100.0,0.0,0.0,25.0,Physical progress (16.5%) is 62.6 points below expected progress (79.2%). | Completion date has not slipped versus the original plan. | Cost is within (or close to) the originally approved budget. | Recent progress growth is healthy (~1.03 points/month).
618159,"Construction of new 2 Lane with paved shoulders of NH Standards from km 0.080 to km 11.690 L11.610 km in Majuli and from km 19.715 to km 27.484 L 7.769 km in Jorhat on the newly declared NH 715K and construction of 1.10 km flyover on NH-715 with its approaches and service roads L1.10 km, Total Length 20.479 km in the State of Assam Job No. 715K/AS/2023-24/256",MoRTH,Assam,2026-07,31.25,MEDIUM,75.0,0.0,0.0,50.0,Physical progress (6.7%) is 48.9 points below expected progress (55.6%). | Completion date has not slipped versus the original plan. | Cost is within (or close to) the originally approved budget. | Recent progress growth is low (~0.40 points/month).
618160,"Construction of 2 lane Major Bridge including approaches over Brahmaputra between Majuli on North Bank and Jorhat on South Bank from km. 11.690 to km. 19.715 length of bridge 6,812.5m Package - II on NH-715K in the state of Assam Job no. 715/AS/2020-21/213",MoRTH,Assam,2026-07,33.75,MEDIUM,75.0,0.0,0.0,75.0,Physical progress (3.2%) is 25.9 points below expected progress (29.2%). | Completion date has not slipped versus the original plan. | Cost is within (or close to) the originally approved budget. | Recent progress growth is stalled or negative (no measurable gain last month).
618161,Widening and Reconstruction of existing road to four lane from Km.56400 to Km 120300 i.e. from B.Kothapalli Junction to Gorantla excluding Kadiri Bypass from Km 70200 to Km 77105 of NH 716G in the State of Andhra Pradesh on EPC mode Job no. 742,MoRTH,Andhra Pradesh,2026-05,25.25,LOW,25.0,30.0,0.0,75.0,Completion date has been revised by 4 month(s) (from 12/2025 to 04/2026). | Cost is within (or close to) the originally approved budget. | Recent progress growth is stalled or negative (no measurable gain last month).
618162,"Improvement and up-gradation to 2LPS of NH-227B 84-Kosi Parikrama Marg PackageVI, Design Km 160200 Bahuvan Madar Majha to Km 224040 Jagarnathpur under HAM",MoRTH,Uttar Pradesh,2026-07,8.75,LOW,25.0,0.0,0.0,0.0,Completion date has not slipped versus the original plan. | Cost is within (or close to) the originally approved budget. | Recent progress growth is healthy (~2.00 points/month).
618163,"Rehabilitation and Up-gradation from km. 0000 to km.40390 of NH-730S MaharajganjNichloulThuthibari to two lane with paved shoulders in the State of U.P. on Engineering, Procurement & Construction EPC Basis.",MoRTH,Uttar Pradesh,2026-07,46.25,MEDIUM,75.0,50.0,0.0,50.0,Physical progress (59.5%) is 40.5 points below expected progress (100.0%). | Completion date has been revised by 12 month(s) (from 12/2025 to 12/2026). | Cost is within (or close to) the originally approved budget. | Recent progress growth is low (~0.50 points/month).
618164,Construction of four lane highway with paved shoulder from Km.74.700 to Km.112.950 of NH-731A i/c Yamuna Bridge on HAM in the state of Uttar Pradesh.,MoRTH,Uttar Pradesh,2026-07,14.0,LOW,0.0,30.0,20.0,0.0,Physical progress (100.0%) is on track or ahead of expected progress (100.0%). | Completion date has been revised by 2 month(s) (from 06/2026 to 08/2026). | Cost is within (or close to) the originally approved budget. | Recent progress growth is healthy (~9.00 points/month).
618165,Construction of 4-lane highway with paved shoulders from Km 49.155 to Km 74.700 of NH-731A on Hybrid Annuity Mode in the state of Uttar Pradesh,MoRTH,Uttar Pradesh,2026-06,16.5,LOW,0.0,30.0,0.0,75.0,Physical progress (100.0%) is on track or ahead of expected progress (100.0%). | Completion date has been revised by 6 month(s) (from 01/2026 to 07/2026). | Cost is within (or close to) the originally approved budget. | Recent progress growth is stalled or negative (no measurable gain last month).
618166,Construction of 4-lane green field highway from Km. 35.000 to Km. 49.155 of NH- 731A with paved shoulders on Hybrid Annuity Mode in the state of Uttar Pradesh,MoRTH,Uttar Pradesh,2026-07,22.5,LOW,0.0,50.0,0.0,75.0,Physical progress (100.0%) is on track or ahead of expected progress (100.0%). | Completion date has been revised by 9 month(s) (from 10/2025 to 07/2026). | Cost is within (or close to) the originally approved budget. | Recent progress growth is stalled or negative (no measurable gain last month).
618167,Rehabilitation & Upgradation of NH-731A from Km.0.00 to Km.35.00 to 2-lane with paved shoulder under EPC mode,MoRTH,Uttar Pradesh,2026-05,46.25,MEDIUM,25.0,100.0,0.0,75.0,Completion date has been revised by 34 month(s) (from 08/2023 to 06/2026). | Cost is within (or close to) the originally approved budget. | Recent progress growth is stalled or negative (no measurable gain last month).
618168,Widening to four lane with paved shoulder from Design Km.49.200 to Km.89.285 of NH-731B on EPC mode in the state of Uttar Pradesh,MoRTH,Uttar Pradesh,2026-07,58.75,MEDIUM,75.0,50.0,40.0,75.0,Physical progress (56.0%) is 44.0 points below expected progress (100.0%). | Completion date has been revised by 12 month(s) (from 01/2026 to 01/2027). | Cost overrun of 5.2% (original Rs. 917.91 Cr -> revised Rs. 965.30 Cr). | Recent progress growth is stalled or negative (no measurable gain last month).
618169,Construction of Two Lane with paved shoulder highway from Design Ch.0.000 to Ch.49.2OO of NH-731B on EPC Mode,MoRTH,Uttar Pradesh,2026-07,28.75,LOW,25.0,50.0,0.0,50.0,Completion date has been revised by 10 month(s) (from 11/2025 to 09/2026). | Cost is within (or close to) the originally approved budget. | Recent progress growth is low (~0.32 points/month).
618170,Construction of Two lane with paved shoulder configuration of Shujalpur Bypass section of NH-752C from km 33100 Design to km. 42570 Design total design length 10.470 km in the State of Madhya Pradesh on EPC mode.,MoRTH,Madhya Pradesh,2026-07,57.5,MEDIUM,100.0,75.0,0.0,0.0,Physical progress (46.3%) is 53.7 points below expected progress (100.0%). | Completion date has been revised by 15 month(s) (from 09/2025 to 12/2026). | Cost is within (or close to) the originally approved budget. | Recent progress growth is healthy (~4.74 points/month).
618171,"Work of Upgradation of Jirapur-Pachore Road including Pachore, Jirapur, Chhapiheda & Khujner Bypasses from 0000 to 58790 Design Length 58.79 Km section of NH-752C to 2LPS in the State of Madhya Pradesh under EPC mode",MoRTH,Madhya Pradesh,2026-07,48.75,MEDIUM,75.0,50.0,0.0,75.0,Physical progress (57.3%) is 42.7 points below expected progress (100.0%). | Completion date has been revised by 11 month(s) (from 01/2026 to 12/2026). | Cost is within (or close to) the originally approved budget. | Recent progress growth is stalled or negative (no measurable gain last month).
618172,Paithan - Shirur section 2LPS Km 0.0 to 55.00,MoRTH,Maharashtra,2026-07,55.0,MEDIUM,50.0,100.0,0.0,75.0,Physical progress (82.0%) is 18.0 points below expected progress (100.0%). | Completion date has been revised by 88 month(s) (from 06/2019 to 10/2026). | Cost is within (or close to) the originally approved budget. | Recent progress growth is stalled or negative (no measurable gain last month).
618173,Shirur-Kharda section from 55937 km to 114486 km to 2LPS/4L,MoRTH,Maharashtra,2026-07,55.0,MEDIUM,50.0,100.0,0.0,75.0,Physical progress (83.9%) is 16.1 points below expected progress (100.0%). | Completion date has been revised by 86 month(s) (from 06/2019 to 08/2026). | Cost is within (or close to) the originally approved budget. | Recent progress growth is stalled or negative (no measurable gain last month).
618174,Rehabilitation and Upgradation to two lane with paved shoulder configuration of NH- 752G from Sakri to Pimpalner Section Design Ch km 0000 to Ch km 21411 in the state of Maharashtra on EPC Mode. Length 21.411 km.,MoRTH,Maharashtra,2026-07,7.5,LOW,0.0,0.0,0.0,75.0,Physical progress (100.0%) is on track or ahead of expected progress (83.3%). | Completion date has not slipped versus the original plan. | Cost is within (or close to) the originally approved budget. | Recent progress growth is stalled or negative (no measurable gain last month).
618175,Rehabilitation and Upgradation of Satana to Mangrul Chandwad Section of NH752 G Design Ch Km 64.000 to Ch Km 101.140 two lane with paved shoulder/four lane configuration in the state of Maharashtra on EPC mode.,MoRTH,Maharashtra,2026-06,38.75,MEDIUM,25.0,75.0,0.0,75.0,Completion date has been revised by 15 month(s) (from 05/2025 to 08/2026). | Cost is within (or close to) the originally approved budget. | Recent progress growth is stalled or negative (no measurable gain last month).
618176,Rehabilitation and upgradation from ch km 50/200 to 56/800 and km 62/600 to 100/403 of Kolde to Visarwadi Near Junction with NH-6 section of NH 752G total length 44.40 to two-lane with paved shoulder / four lanes in the State of Maharashtra on EPC mode.,MoRTH,Maharashtra,2026-07,7.5,LOW,0.0,0.0,0.0,75.0,Physical progress (35.5%) is on track or ahead of expected progress (25.0%). | No completion-date revision recorded (schedule risk based on original plan only). | Cost is within (or close to) the originally approved budget. | Recent progress growth is stalled or negative (no measurable gain last month).
618177,Pal Phata Phulambri - Khultabad 2LPS,MoRTH,Maharashtra,2026-07,46.25,MEDIUM,25.0,100.0,0.0,75.0,Completion date has been revised by 72 month(s) (from 12/2019 to 12/2025). | Cost is within (or close to) the originally approved budget. | Recent progress growth is stalled or negative (no measurable gain last month).
618178,Widening and strengthening of Gangakhed to Kingaon section of NH-752K in Km 38/750 to 72/304 Flexible Pavement Length33.554 km to 2-lane configuration on EPC mode in the State of Maharashtra.,MoRTH,Maharashtra,2026-07,42.75,MEDIUM,75.0,30.0,0.0,75.0,Physical progress (72.0%) is 28.0 points below expected progress (100.0%). | Completion date has been revised by 4 month(s) (from 06/2026 to 10/2026). | Cost is within (or close to) the originally approved budget. | Recent progress growth is stalled or negative (no measurable gain last month).
618179,Rehabilitation and Upgradation of Shewali phata to Kalambhir section i.e. Km 0443 to Km 4500 & Nizampur to Chadwel section i.e. Km 13485 to Km 26265 Length16.317 Km excluding 2 Major Bridges with approaches Km 13735 to Km 14095 & Km 19660 to Km 20030 of NH 753B to 2LPS Configuration in the State of Maharashtra on EPC Mode.,MoRTH,Maharashtra,2026-06,17.75,LOW,25.0,30.0,0.0,0.0,Completion date has been revised by 5 month(s) (from 02/2026 to 07/2026). | Cost is within (or close to) the originally approved budget. | Recent progress growth is healthy (~3.99 points/month).
618180,Pune raigarh District Border To Mangaon Ch 69000 to 103775 NH-753F,MoRTH,Maharashtra,2026-07,55.0,MEDIUM,50.0,100.0,0.0,75.0,Physical progress (89.1%) is 10.9 points below expected progress (100.0%). | Completion date has been revised by 79 month(s) (from 12/2019 to 07/2026). | Cost is within (or close to) the originally approved budget. | Recent progress growth is stalled or negative (no measurable gain last month).
618181,Rehabilitation / Upgradation to 4 Lane with Paved shoulder of Existing Section in Sillod Town with Design Ch. Km54500 to Km 60679 [Length6.179 km] section of NH 753F Aurangabad-Jalgaon road on EPC Mode in the State of Maharashtra,MoRTH,Maharashtra,2026-05,16.25,LOW,25.0,0.0,0.0,75.0,Completion date has not slipped versus the original plan. | Cost is within (or close to) the originally approved budget. | Recent progress growth is stalled or negative (no measurable gain last month).
618182,Widening to Two lane with paved shoulders from 106/830 to 158/496 of Yellareddy- Rudrur Section of NH-765D in the state of Telangana on EPC mode under NHO under Annual plan 2022-23,MoRTH,Telangana,2026-07,41.25,MEDIUM,75.0,50.0,0.0,0.0,Physical progress (68.9%) is 31.1 points below expected progress (100.0%). | Completion date has been revised by 10 month(s) (from 07/2026 to 05/2027). | Cost is within (or close to) the originally approved budget. | Recent progress growth is healthy (~2.22 points/month).
618183,Widening to 2 lane with paved shoulders from Km 62/920 to km 106/830 of Medak - Yellareddy section in the State of Telangana under Annual Plan 2022-23 on EPC mode under NHO,MoRTH,Telangana,2026-07,28.75,LOW,75.0,0.0,0.0,25.0,Physical progress (70.6%) is 25.2 points below expected progress (95.8%). | Completion date has not slipped versus the original plan. | Cost is within (or close to) the originally approved budget. | Recent progress growth is healthy (~1.00 points/month).
618184,Construction of 2 Lane with paved shoulder from km 55.6 to km 90.7 existing chainages of NH-766C complete Realignment of 13.76 km with 2 major Bridges across Sharavathi Backwaters on EPC mode under Annual Plan 2022-23 in the state of Karnataka NH-766C-KNT-2022-23 dated 14.10.2022,MoRTH,Karnataka,2026-07,56.25,MEDIUM,75.0,75.0,0.0,75.0,Physical progress (65.0%) is 35.0 points below expected progress (100.0%). | Completion date has been revised by 22 month(s) (from 02/2026 to 12/2027). | Cost is within (or close to) the originally approved budget. | Recent progress growth is stalled or negative (no measurable gain last month).
618185,Widening to 2LPS from Km 0.000 to 37.850 Except Ex. Km 24.45 to 27.20 of NH-766c Byndoor-Ranebennur Section in the state of Karnataka on EPC Mode under Annual Plan 2022-23 NH-766C-KNT-2022-23-969 dated 30.12.2022,MoRTH,Karnataka,2026-07,33.75,MEDIUM,75.0,0.0,0.0,75.0,Physical progress (12.0%) is 33.8 points below expected progress (45.8%). | Completion date has not slipped versus the original plan. | Cost is within (or close to) the originally approved budget. | Recent progress growth is stalled or negative (no measurable gain last month).
618186,"Rehabilitation and Up-gradation of Valigonda to Thorrur Section to Two Lane with Paved Shoulders from Km 39.180 to Km 108.300 of NH-930P in the State of Telangana on Engineering, Procurement and Construction EPC Basis",MoRTH,Telangana,2026-07,36.25,MEDIUM,25.0,75.0,0.0,50.0,Completion date has been revised by 21 month(s) (from 12/2024 to 09/2026). | Cost is within (or close to) the originally approved budget. | Recent progress growth is low (~0.29 points/month).
618187,"Rehabilitation and upgradation of Salon - Jais - Jagdishpur Road section of NH-931A, from design Chainage km 0.000 to km 5.740 to four lane divided carriageway and from design Chainage km 5.740 to km 53.500 to two lane with paved Total length km 53.500 along with One time improvement in 04 no's of realigned/bypassed built-up areas in a total length of 9.732 km in the state of Uttar Pradesh on EPC mode",MoRTH,Uttar Pradesh,2026-07,28.75,LOW,75.0,0.0,0.0,25.0,Physical progress (9.1%) is 28.4 points below expected progress (37.5%). | Completion date has not slipped versus the original plan. | Cost is within (or close to) the originally approved budget. | Recent progress growth is healthy (~1.06 points/month).
618188,Rehabilitation and Up-gradation to 2 lane with paved shoulder configuration of Mahud Sangola road NH 965 G 159400 to 161900and 162400 to 183960 Design Chainage from km. 32/300 to km. 34/800 and km. 35/800 to km. 56/860 Rigid Pavement on EPC mode in the State of Maharashtra.,MoRTH,Maharashtra,2026-07,27.5,LOW,0.0,75.0,0.0,50.0,Physical progress (100.0%) is on track or ahead of expected progress (100.0%). | Completion date has been revised by 15 month(s) (from 05/2025 to 08/2026). | Cost is within (or close to) the originally approved budget. | Recent progress growth is low (~0.25 points/month).
618189,Widening to two lane with paved shoulder of NH-73New spur road Ujire - Dharmasthala - Periyashanthi in the State of Karnataka under NHO on HAM Mode Job No. NH-73Spur-KNT-2023-24-996,MoRTH,Karnataka,2026-07,8.75,LOW,25.0,0.0,0.0,0.0,Completion date has not slipped versus the original plan. | Cost is within (or close to) the originally approved budget. | Recent progress growth is healthy (~2.02 points/month).
618190,Widening to two lane with paved shoulders of 'Bodhan Basar Bhainsa ' section from Km 38/900 to 95/300 of NH-161BB in the state of Telangana under Annual Plan 2021- 22 on EPC Mode under NH O.,MoRTH,Telangana,2026-07,38.75,MEDIUM,25.0,75.0,0.0,75.0,Completion date has been revised by 17 month(s) (from 03/2025 to 08/2026). | Cost is within (or close to) the originally approved budget. | Recent progress growth is stalled or negative (no measurable gain last month).
618191,"Rehabilitation and upgradation of NH-167AD from Macherla to Dachepalli via Paluvai Junction, Rentachinthala, Gurazala from Km.0.000 to 43.659 to two lane with paved shoulders in the state of Andhra Pradesh job-729",MoRTH,Andhra Pradesh,2026-05,38.75,MEDIUM,25.0,75.0,0.0,75.0,Completion date has been revised by 14 month(s) (from 01/2025 to 03/2026). | Cost is within (or close to) the originally approved budget. | Recent progress growth is stalled or negative (no measurable gain last month).
618192,Duttalur at NH-565 Junction to Kavali Joining on NH-16 Chainage Km. 36/400 to Km. 107/224 excluding the stretch from Km 101.880 to 105.300 67.404 Km of NH-167BG from in the State of Andhra Pradesh on EPC mode,MoRTH,Andhra Pradesh,2026-05,38.75,MEDIUM,25.0,75.0,0.0,75.0,Completion date has been revised by 21 month(s) (from 07/2024 to 04/2026). | Cost is within (or close to) the originally approved budget. | Recent progress growth is stalled or negative (no measurable gain last month).
618193,Widening of Existing Road to Two Lane with Paved Shoulder Configuration from Km 0.00 to 26.000 & Km 45.200 To 59.622 Of NH 365BB in the State of Andhra Pradesh Under Annual Plan 2023-24 through EPC Mode,MoRTH,Andhra Pradesh,2026-07,26.25,LOW,75.0,0.0,0.0,0.0,Physical progress (45.6%) is 29.4 points below expected progress (75.0%). | Completion date has not slipped versus the original plan. | Cost is within (or close to) the originally approved budget. | Recent progress growth is healthy (~23.07 points/month).
618194,Rehabilitation and upgradation of New NH 544DD from design Chainage Km. 56/000 to 102/20 of Kalyandrg - Molakalmuru Section,MoRTH,Andhra Pradesh,2026-07,46.25,MEDIUM,25.0,100.0,0.0,75.0,Completion date has been revised by 67 month(s) (from 02/2020 to 09/2025). | Cost is within (or close to) the originally approved budget. | Recent progress growth is stalled or negative (no measurable gain last month).
618196,Widening to 2 lane with Paved Shoulders of Siddipet-Elkathurthy section from Km 69/978 to km 133/619 of NH-765DG in the State of Telangana under Annual plan 2021-22 on EPC mode,MoRTH,Telangana,2026-07,55.0,MEDIUM,50.0,100.0,0.0,75.0,Physical progress (85.0%) is 15.0 points below expected progress (100.0%). | Completion date has been revised by 27 month(s) (from 09/2024 to 12/2026). | Cost is within (or close to) the originally approved budget. | Recent progress growth is stalled or negative (no measurable gain last month).
618197,Widening to 2 lane with Paved Shoulders of Medak - Siddipet section from Km 0/0 to km 69/978 of NH-765DG in the State of Telangana under Annual plan 2021-22 on EPC mode,MoRTH,Telangana,2026-07,56.25,MEDIUM,75.0,75.0,0.0,75.0,Physical progress (74.1%) is 25.9 points below expected progress (100.0%). | Completion date has been revised by 23 month(s) (from 01/2025 to 12/2026). | Cost is within (or close to) the originally approved budget. | Recent progress growth is stalled or negative (no measurable gain last month).
618198,Balance work of Rehabilitation and Up-gradation to 2-lane road with paved shoulders configuration for NH- 965DD from Pacharal-Mandangad-Mhapral-Rajewadi Upto Junction of NH-66 Ch-22700 to 75100 Km and Ambadave connector Birth place of Dr. Babasaheb Ambedkar Ch-0000 to 7325 Km length Km 59.725 in the state of Maharashtra on EPC mode. Balance Work,MoRTH,Maharashtra,2026-07,46.25,MEDIUM,25.0,100.0,0.0,75.0,Completion date has been revised by 31 month(s) (from 01/2024 to 08/2026). | Cost is within (or close to) the originally approved budget. | Recent progress growth is stalled or negative (no measurable gain last month).
618199,"Rehabilitation, Upgradation & Widening of existing Highway to Rigid Pavement 2 Lane with Paved Shoulder of NH 965DD from Lonand Shirval-Bhor Mandangad-Pchral Section ShindewadiPhata to Varandah Ghat Dist Border from Km 33/550 to 92/550 in the state of Maharashtra on EPC mode.",MoRTH,Maharashtra,2026-07,42.75,MEDIUM,75.0,30.0,0.0,75.0,Physical progress (53.5%) is 46.5 points below expected progress (100.0%). | Completion date has been revised by 3 month(s) (from 07/2026 to 10/2026). | Cost is within (or close to) the originally approved budget. | Recent progress growth is stalled or negative (no measurable gain last month).
618200,Construction of 2 lane with Paved Shoulder for Northern Bypass Phase-II of Kota city in the State of Rajasthan.,MoRTH,Rajasthan,2026-07,51.25,MEDIUM,75.0,75.0,0.0,25.0,Physical progress (50.3%) is 49.7 points below expected progress (100.0%). | Completion date has been revised by 19 month(s) (from 04/2025 to 11/2026). | Cost is within (or close to) the originally approved budget. | Recent progress growth is healthy (~1.43 points/month).
618201,"Widening and strengthening to 2 lane with paved shoulder from existing Ch. Km 56720 to Km 100820 and Design Ch. From Km 62600 to Km 106360 Total Length43.760 Km on SRINAGAR -BARAMULA URINH-01 in the UT of Jammu & Kashmir under project BEACON, Border Roads Organization BRO on EPC mode.",MoRTH,Jammu and Kashmir,2026-07,48.75,MEDIUM,75.0,50.0,0.0,75.0,Physical progress (51.0%) is 32.3 points below expected progress (83.3%). | Completion date has been revised by 7 month(s) (from 11/2026 to 06/2027). | Cost is within (or close to) the originally approved budget. | Recent progress growth is stalled or negative (no measurable gain last month).
618202,Construction of 2 lane with paved shoulders Baramulla Bypass Greenfield bypass from existing Ch. Km 47020 to Km 56720 and Design Ch. From 48500 to 62600 Total length 14.100 km on road Srinagar Baramulla Uri NH-01 in the UT of Jammu & Kashmir under Project.Package-III,MoRTH,Jammu and Kashmir,2026-07,48.75,MEDIUM,75.0,50.0,0.0,75.0,Physical progress (46.8%) is 44.9 points below expected progress (91.7%). | Completion date has been revised by 10 month(s) (from 09/2026 to 07/2027). | Cost is within (or close to) the originally approved budget. | Recent progress growth is stalled or negative (no measurable gain last month).
618203,"Construction of 4 lane with paved shoulder Pattan bypass Greenfield bypass from existing Ch. Km 24320 to Km 33760 and Design Ch. from Km 24400 to Km 35300, total length 10.900 km on road SrinagarBaramulla Uri NH-01 in the UT of Jammu & Kashmir under Project BEACON, Border Roads Organization BRO on EPC mode. Package-II",MoRTH,Jammu and Kashmir,2026-07,48.75,MEDIUM,75.0,50.0,0.0,75.0,Physical progress (57.0%) is 43.0 points below expected progress (100.0%). | Completion date has been revised by 7 month(s) (from 07/2026 to 02/2027). | Cost is within (or close to) the originally approved budget. | Recent progress growth is stalled or negative (no measurable gain last month).
618204,Construction of realignment between Pandrass- Pashkyun Total length 27.10 km on road Zozila-Kargil -Leh NH-1 to 2 lane specifications i.e. Drass alignment 9.30 km Kharboo realignment 6.30 km & Kargil alignment 11.50 km under project Vijayak BRO in the UT of Ladakh on EPC Mode,MoRTH,Jammu and Kashmir,2026-07,63.75,HIGH,75.0,100.0,0.0,75.0,Physical progress (54.9%) is 45.1 points below expected progress (100.0%). | Completion date has been revised by 25 month(s) (from 06/2025 to 07/2027). | Cost is within (or close to) the originally approved budget. | Recent progress growth is stalled or negative (no measurable gain last month).
618205,"Construction of 4 lane with paved shoulder from Existing Ch. 14200 to 24320 Design Ch. 14200 to 24400, Ch. 33760 to 42780 Design Ch. 35300 to 44294 & Ch. 43440 to 47020 Design Ch. 44958 to 48500 Delina Flyover including construction of flyover length 1.704 km of total length 22.736 kms in AOR of 760 BRTF on road SRINAGAR BARAMULA URI NH-01 in the UT of Jammu & Kashmir under project BEACON, Border Roads Organization BRO Package-IJob No NH-1-J&K-2022-23-110",MoRTH,Jammu and Kashmir,2026-07,47.5,MEDIUM,50.0,75.0,0.0,75.0,Physical progress (85.5%) is 14.5 points below expected progress (100.0%). | Completion date has been revised by 16 month(s) (from 08/2025 to 12/2026). | Cost is within (or close to) the originally approved budget. | Recent progress growth is stalled or negative (no measurable gain last month).
618206,Widening and Strengthening of Rafiabad-Kupwara-Chowkibal-Tangdhar-Chamkot NH- 701 road from design Ch. From 0000 to 51000 to two lanes with paved shoulders under Project Beacon in the UT of Jammu & Kashmir on EPC mode Package-I.,MoRTH,Jammu and Kashmir,2026-07,25.0,LOW,50.0,0.0,0.0,75.0,Physical progress (41.7%) is 25.0 points below expected progress (66.7%). | No completion-date revision recorded (schedule risk based on original plan only). | Cost is within (or close to) the originally approved budget. | Recent progress growth is stalled or negative (no measurable gain last month).
618207,Widening to 2-lane with Hard Shoulder configuration of Mana Ch. 0.00 to Mana Pass Ch. 50.987 road on NH-07 under Bharatmala Pariyojna in the state of Uttarakhand under Annual Plan 2022-23 length 50.987,MoRTH,Uttarakhand,2026-07,48.75,MEDIUM,75.0,50.0,0.0,75.0,Physical progress (21.0%) is 47.7 points below expected progress (68.8%). | Completion date has been revised by 12 month(s) (from 10/2027 to 10/2028). | Cost is within (or close to) the originally approved budget. | Recent progress growth is stalled or negative (no measurable gain last month).
618208,Construction and upgradation of existing road to 2-lane with paved shoulder from existing chainage Km 509.725 to Km 528.000 design chainage Km 490.550 to Km 507.850 of NH-58 new NH-07 Benakuli bend to Mana Village in EPC mode under Chardham Programme in the State of Uttarakhand.,MoRTH,Uttarakhand,2026-05,16.25,LOW,25.0,0.0,0.0,75.0,No completion-date revision recorded (schedule risk based on original plan only). | Cost is within (or close to) the originally approved budget. | Recent progress growth is stalled or negative (no measurable gain last month).
618209,Construction & up gradation of existing road to 2-Lane with paved shoulder from existing chainage km 468000 to km 489350 Design Chainage km 465150 to km 471500 of NH-07 Old NH-58 including Joshimath bypass on EPC mode in the state of Uttarakhand Length 6.35 km,MoRTH,Uttarakhand,2026-07,65.0,HIGH,100.0,75.0,0.0,75.0,Physical progress (37.2%) is 62.8 points below expected progress (100.0%). | Completion date has been revised by 23 month(s) (from 09/2025 to 08/2027). | Cost is within (or close to) the originally approved budget. | Recent progress growth is stalled or negative (no measurable gain last month).
618210,Rehabilitation and upgradation of Askot-Lipulekh on EPC Basis for Phase-I Existing Km 72.00 to 107.620 Design Chainage Km 21330 to Km 56935 under Project Hirak of BRO in the state of Uttarakhand under Bharatmala Pariyojna Phase-I on EPC Mode Length-35.605 Km CA No EPC/MORT&H/HRK/01/2021-22,MoRTH,Uttarakhand,2026-07,55.0,MEDIUM,50.0,100.0,0.0,75.0,Physical progress (81.2%) is 18.8 points below expected progress (100.0%). | Completion date has been revised by 31 month(s) (from 12/2023 to 07/2026). | Cost is within (or close to) the originally approved budget. | Recent progress growth is stalled or negative (no measurable gain last month).
618211,Improvement/construction of 2-lane with paved shoulder of Askote Llipulekh road from Tawaghat village to Budhi village design km. 56935 to km 95748 and from end of Tunnel portal to Kali Mandir design km 113828 to km. 133078 [total design length 58.063 km] under project Hirak of BRO in the state of Uttarakhand under Bharatmala Pariyojna on EPC Mode,MoRTH,Uttarakhand,2026-07,41.25,MEDIUM,75.0,50.0,0.0,0.0,Physical progress (37.2%) is 46.1 points below expected progress (83.3%). | Completion date has been revised by 8 month(s) (from 11/2026 to 07/2027). | Cost is within (or close to) the originally approved budget. | Recent progress growth is healthy (~6.43 points/month).
618212,"STABILIZATION OF LAND SLIDE AND SLOPE PROTECTION AT KM 11.00 TO KM 11.08, 29,730 KM TO 30,060 KM, 30,400 KM TO 31,060 KM, 34,750 KM TO 35,300 KM, 38,950 KM TO 39,030 KM & 39,460 KM TO 39,540 KM TWO LOC CLUBBED, KM 40,400 TO KM 40,650, KM 43,500 KM 43,680, 52,460 RISHIKESH - DHARASU ROAD NH-94 ON EPC MODE IN THE STATE OF UTTARAKHAND. NOSE OF LAND SLIDE - 12 NOS",MoRTH,Uttarakhand,2026-07,33.75,MEDIUM,75.0,0.0,0.0,75.0,Physical progress (22.0%) is 28.0 points below expected progress (50.0%). | No completion-date revision recorded (schedule risk based on original plan only). | Cost is within (or close to) the originally approved budget. | Recent progress growth is stalled or negative (no measurable gain last month).
618213,Rehabilitation and Upgradation of road Rishikesh Dharasu Old NH-94 with 2-lane with paved shoulder from km 76.000 to km 110.000 Design Chainage from km 74.733 to km 107.347 32.614 km including construction of Kamand re-alignment from existing Chainage Km 105.200 to Km 108.600 design chainage Km 103.436 to Km 105.949 - total length 2513 mtrs and land slide treatment work between design chainage Km 73.800 to Km 74.00 200m on EPC mode under improvement to NH connectivity to Chardham in,MoRTH,Uttarakhand,2026-07,46.25,MEDIUM,25.0,100.0,0.0,75.0,Completion date has been revised by 66 month(s) (from 01/2021 to 07/2026). | Cost is within (or close to) the originally approved budget. | Recent progress growth is stalled or negative (no measurable gain last month).
618214,Rehabilitation and upgradation to 2 lane / 2 lane with paved shoulder configuration for design chainage km 107.347 to km 129.208 & km 133.878 to km 138.570 existing chainage km 110.000 to km 133.020 & km 137.330 to km 142.028 and land slide treatment at existing km 138.500 Design chainage km 134.970 of NH -94 on EPC mode under improvement to NH connectivity to Chardham in the state of Uttarakhand.,MoRTH,Uttarakhand,2026-07,37.5,MEDIUM,0.0,100.0,0.0,75.0,Physical progress (100.0%) is on track or ahead of expected progress (100.0%). | Completion date has been revised by 35 month(s) (from 07/2021 to 06/2024). | Cost is within (or close to) the originally approved budget. | Recent progress growth is stalled or negative (no measurable gain last month).
618215,"Improvement/construction of existing CL-5 Road to NH Intermediate lane specification with hard shoulder from Km 166.000 to 203.77 net Length 37.770 kms of NH-505 Sumdo-Kaza-Gramphoo road in the state of Himachal Pradesh on EPC mode under project Deepak, BRO",MoRTH,Himachal Pradesh,2026-07,33.75,MEDIUM,75.0,0.0,0.0,75.0,Physical progress (22.3%) is 47.2 points below expected progress (69.4%). | Completion date has not slipped versus the original plan. | Cost is within (or close to) the originally approved budget. | Recent progress growth is stalled or negative (no measurable gain last month).
618216,"Improvement/construction of existing CL-5 Road to NH Intermediate lane specification with hard shoulder from Km 133.000 to 166.000 net Length 33.000 kms of NH-505 Sumdo-Kaza-Gramphoo road in the state of Himachal Pradesh on EPC mode under project Deepak, BRO",MoRTH,Himachal Pradesh,2026-07,65.0,HIGH,100.0,75.0,0.0,75.0,Physical progress (23.2%) is 76.8 points below expected progress (100.0%). | Completion date has been revised by 15 month(s) (from 06/2026 to 09/2027). | Cost is within (or close to) the originally approved budget. | Recent progress growth is stalled or negative (no measurable gain last month).
618217,Improvement/construction of existing Class-5 Road to NH Intermediate lane specification with hard shoulder from existing Km 76/340 to 134/940 Design chainage from Km 76/300 to 133/000 net Length 56.700 kms of NH-505 Sumdo-Kaza- Gramphoo road in the state of Himachal Pradesh Package I,MoRTH,Himachal Pradesh,2026-07,48.75,MEDIUM,75.0,75.0,0.0,0.0,Physical progress (62.3%) is 37.7 points below expected progress (100.0%). | Completion date has been revised by 15 month(s) (from 05/2026 to 08/2027). | Cost is within (or close to) the originally approved budget. | Recent progress growth is healthy (~2.26 points/month).
618218,Rehabilitation & upgradation of existing road to 2-lane with hard shoulder from Joshimath km 0.00 to Saraithota km 29.725 road on NH-107B under Bharatmala Pariyojna on EPC mode in the state of Uttarakhand,MoRTH,Uttarakhand,2026-07,47.5,MEDIUM,50.0,75.0,0.0,75.0,Physical progress (80.0%) is 20.0 points below expected progress (100.0%). | Completion date has been revised by 22 month(s) (from 05/2025 to 03/2027). | Cost is within (or close to) the originally approved budget. | Recent progress growth is stalled or negative (no measurable gain last month).
618219,Upgradation to 2-lane with Hard shoulder configuration of Suraithota Ch. 29.725 km to Malari Ch. 60.550 km road on NH- 107B under in the state of Uttarakhand.,MoRTH,Uttarakhand,2026-07,40.0,MEDIUM,50.0,50.0,0.0,75.0,Physical progress (76.7%) is 23.3 points below expected progress (100.0%). | Completion date has been revised by 7 month(s) (from 05/2026 to 12/2026). | Cost is within (or close to) the originally approved budget. | Recent progress growth is stalled or negative (no measurable gain last month).
618220,Reconstruction and widening to 2 lane with paved shoulder from existing chainage km 102000 to km 134950 Design chainage km 90150 to km 116980 including construction of Naushera Tunnel Total length of tunnel 0.700 km under 31 TF on Akhnoor-Poonch road NH-144A in the UT of Jammu & Kashmir under Project Sampark BRO on EPC mode Package-V Job no NH-144A-J&K-2020-21-104,MoRTH,Jammu and Kashmir,2026-05,30.0,LOW,0.0,75.0,0.0,75.0,Physical progress (100.0%) is on track or ahead of expected progress (100.0%). | Completion date has been revised by 20 month(s) (from 07/2024 to 03/2026). | Cost is within (or close to) the originally approved budget. | Recent progress growth is stalled or negative (no measurable gain last month).
618221,Rehabilitation and upgradation to 2 lane with paved shoulder from existing chainage Km 166.100 to Km 192.98 design chainage Km 146.700 to Km 162.800 including construction of Bhimber Gali Tunnel Total Length of Tunnel 1.100 Km under 31 BRTF on Akhnoor-Poonch Roads on EPC mode NH-144A Package-VII,MoRTH,Jammu and Kashmir,2026-07,41.25,MEDIUM,75.0,50.0,0.0,0.0,Physical progress (60.0%) is 40.0 points below expected progress (100.0%). | Completion date has been revised by 12 month(s) (from 07/2026 to 07/2027). | Cost is within (or close to) the originally approved budget. | Recent progress growth is healthy (~9.97 points/month).
618222,Widening and Strengthening up gradation to 2 lane with paved shoulder from existing chainage Km 192.98 to Km 229.820 design chainage Km 162.800 to Km 198.18 under 31 BRTF on Akhnoor-Poonch Road NH-144A in the UT of Jammu and Kashmir under Project Sampark Border Roads Organisation BRO on EPC Mode Package-VIII Job No NH-144A-J&K-2022-2023-111,MoRTH,Jammu and Kashmir,2026-07,56.25,MEDIUM,75.0,75.0,0.0,75.0,Physical progress (71.3%) is 28.7 points below expected progress (100.0%). | Completion date has been revised by 14 month(s) (from 01/2026 to 03/2027). | Cost is within (or close to) the originally approved budget. | Recent progress growth is stalled or negative (no measurable gain last month).
618223,Rehabilitation and up-gradation to 2 lane with paved shoulder from existing chainage km 64535 to km 85385 Design chainage km 55800 to km 74350 under 13 TF on Akhnoor-Poonch road NH-144A under Project Sampark BRO in the UT of Jammu & Kashmir on EPC mode Package-III Job no NH-144A-J&K-2019-20-79,MoRTH,Jammu and Kashmir,2026-07,46.25,MEDIUM,25.0,100.0,0.0,75.0,Completion date has been revised by 39 month(s) (from 09/2023 to 12/2026). | Cost is within (or close to) the originally approved budget. | Recent progress growth is stalled or negative (no measurable gain last month).
618224,Rehabilitation and up-gradation to 2 lane with paved shoulder from existing chainage km 49150 to km 64535 Design chainage km 46.450 to km 55.800 including construction of Sungal Tunnel Total length of Tunnel 2.79 km under 13 TF on Akhnoor-Poonch road NH-144A under Project Sampark BRO in the UT of Jammu & Kashmir on EPC mode Package-II Job no NH-144A-J&K-2019-20-78,MoRTH,Jammu and Kashmir,2026-07,38.75,MEDIUM,25.0,75.0,0.0,75.0,Completion date has been revised by 24 month(s) (from 08/2024 to 08/2026). | Cost is within (or close to) the originally approved budget. | Recent progress growth is stalled or negative (no measurable gain last month).
618225,Rehabilitation and up-gradation to 2 lane with paved shoulder from existing chainage km 134950 to km 166100 Design chainage km 116980 to km 146700 under 31 TF on Akhnoor-Poonch road NH-144A in the UT of Jammu & Kashmir under Project Sampark BRO on EPC mode Package-VI Job no NH-144A-J&K-2021-22-106,MoRTH,Jammu and Kashmir,2026-07,55.0,MEDIUM,50.0,100.0,0.0,75.0,Physical progress (89.2%) is 10.8 points below expected progress (100.0%). | Completion date has been revised by 29 month(s) (from 07/2024 to 12/2026). | Cost is within (or close to) the originally approved budget. | Recent progress growth is stalled or negative (no measurable gain last month).
618226,Rehabilitation and upgradation to 2 lane with paved shoulder from existing chainage Km 30.053 to Km 49.150 design chainage Km 30.000 to Km 46.450 including Kandi Tunnel under 31 BRTF on Akhnoor-Poonch Road NH-144A Under Project Sampark in the UT of Jammu & Kashmir EPC modePackage-I Job no NH-144A-J&K-2020-21-83.,MoRTH,Jammu and Kashmir,2026-07,46.25,MEDIUM,25.0,100.0,0.0,75.0,Completion date has been revised by 25 month(s) (from 11/2024 to 12/2026). | Cost is within (or close to) the originally approved budget. | Recent progress growth is stalled or negative (no measurable gain last month).
618227,Development to 4/6-lanning of NH-31 New NH-10 with both side service roads from km 569.258 to km 581.030 end of AH-02 project on NH- 31 near Shivmandir to Sevoke Army Cantonment in districts of Darjeeling and Jalpaiguri in the state of West Bengal on EPC Mode Job No. 010/WB/2021-22/490,MoRTH,West Bengal,2026-07,61.25,HIGH,75.0,75.0,40.0,25.0,Physical progress (75.0%) is 25.0 points below expected progress (100.0%). | Completion date has been revised by 18 month(s) (from 09/2025 to 03/2027). | Cost overrun of 6.5% (original Rs. 995.04 Cr -> revised Rs. 1059.20 Cr). | Recent progress growth is healthy (~1.48 points/month).
618228,construction of a new 4 lane Parallel to existing MG Setu with its approaces from km 0.00 to km 14.500 across river Ganga on NH-19 at Patna in the state of Bihar.,MoRTH,Bihar,2026-07,52.5,MEDIUM,50.0,100.0,0.0,50.0,Physical progress (75.3%) is 24.7 points below expected progress (100.0%). | Completion date has been revised by 39 month(s) (from 09/2024 to 12/2027). | Cost is within (or close to) the originally approved budget. | Recent progress growth is low (~0.40 points/month).
618229,Rehabilitation and upgradation to 2-lane with paved sholuders configuration of Near Karri village-Etawah section Km30.000 to Km 57.346 Pakage-II of NH-92 in state of Uttar Pradesh undergreen national Highway Corridor ProjectGNHCP with the loan assistance of world Bank on EPC mode.,MoRTH,Uttar Pradesh,2026-05,22.5,LOW,0.0,50.0,0.0,75.0,Physical progress (100.0%) is on track or ahead of expected progress (100.0%). | Completion date has been revised by 12 month(s) (from 02/2024 to 02/2025). | Cost is within (or close to) the originally approved budget. | Recent progress growth is stalled or negative (no measurable gain last month).
618230,Rehabilitation and Upgradation to 2-lane configuration of Kalwahn-Mandi Section km 208.950 to 250.592 of NH-70 in the State of Himachal Pradesh under Green National Highways Corridor Project GNHCP with the loan assistance of World Bank on EPC mode.Package-3,MoRTH,Himachal Pradesh,2026-07,53.75,MEDIUM,75.0,75.0,0.0,50.0,Physical progress (70.6%) is 29.4 points below expected progress (100.0%). | Completion date has been revised by 20 month(s) (from 04/2025 to 12/2026). | Cost is within (or close to) the originally approved budget. | Recent progress growth is low (~0.19 points/month).
618231,Rehabilitation and Upgradation to 2-lane configuration of Hamirpur-Karnohal Section km 141.00 to 181.00 of NH-70 in the State of Himachal Pradesh under Green National Highways Corridor Project GNHCP with the loan assistance of World Bank on EPC mode.Package-1,MoRTH,Himachal Pradesh,2026-07,36.25,MEDIUM,25.0,75.0,0.0,50.0,Completion date has been revised by 21 month(s) (from 12/2024 to 09/2026). | Cost is within (or close to) the originally approved budget. | Recent progress growth is low (~0.01 points/month).
618232,Rehabilitation and Upgradation to 2-lane configuration of Karnohal- Kalwahn Section km 181.00 to 208.950 of NH-70 in the State of Himachal Pradesh under Green National Highways Corridor Project GNHCP with the loan assistance of World Bank on EPC mode.Package-2,MoRTH,Himachal Pradesh,2026-07,48.75,MEDIUM,75.0,50.0,0.0,75.0,Physical progress (58.0%) is 42.0 points below expected progress (100.0%). | Completion date has been revised by 7 month(s) (from 05/2026 to 12/2026). | Cost is within (or close to) the originally approved budget. | Recent progress growth is stalled or negative (no measurable gain last month).
618233,Construction of 6-lane bridge on Ganga on NH-96 and its approaches in Phaphamau Allahabad on EPC mode,MoRTH,Uttar Pradesh,2026-07,43.75,MEDIUM,25.0,100.0,0.0,50.0,Completion date has been revised by 31 month(s) (from 02/2024 to 09/2026). | Cost is within (or close to) the originally approved budget. | Recent progress growth is low (~0.80 points/month).
618234,Construction of a new 4-lane major bridge across river Kosi at Phulaut including Rehabilitation and upgradation of existing Birpur and Bihpur section of NH-106 from km 106.000 to km 136.000 to 2-lane with paved shoulders in the State of Bihar on EPC mode,MoRTH,Bihar,2026-07,41.25,MEDIUM,25.0,100.0,0.0,25.0,Completion date has been revised by 32 month(s) (from 06/2024 to 02/2027). | Cost is within (or close to) the originally approved budget. | Recent progress growth is healthy (~1.10 points/month).
618235,Balance work of Rehabilitation and Up-gradation to 4-Lane configuration of Ras- Beawar Section Km 00.000 to km 30.050 of NH-158 in the State of Rajasthan under Green National Highway Corridor Project GNHCP.,MoRTH,Rajasthan,2026-07,17.5,LOW,50.0,0.0,0.0,0.0,Physical progress (56.2%) is 16.0 points below expected progress (72.2%). | Completion date has not slipped versus the original plan. | Cost is within (or close to) the originally approved budget. | Recent progress growth is healthy (~2.75 points/month).
618236,Rehabilitation and Up-gradation of Dhindi - Digamarru section from Km 126/510 to Km 135/740 of NH -214 New NH -216 and digamarru -Losari section from Km 0/000 tp Km 34/230 of NH-214 A New Nh-216 to two lane with paved shoulder in the state of AP-NH,MoRTH,Andhra Pradesh,2026-07,37.5,MEDIUM,0.0,100.0,0.0,75.0,Physical progress (100.0%) is on track or ahead of expected progress (100.0%). | Completion date has been revised by 66 month(s) (from 05/2018 to 11/2023). | Cost is within (or close to) the originally approved budget. | Recent progress growth is stalled or negative (no measurable gain last month).
618237,Rehabilitation and Up-gradation of Pasarlapudi to Dhindi section from Km 105/170 to Km 126/510 of NH -214 New NH -216 to two lane with paved shoulder in the state of Andhra Pradesh under NHDP-IV,MoRTH,Andhra Pradesh,2026-05,46.25,MEDIUM,25.0,100.0,0.0,75.0,Completion date has been revised by 72 month(s) (from 09/2019 to 09/2025). | Cost is within (or close to) the originally approved budget. | Recent progress growth is stalled or negative (no measurable gain last month).
618238,Rehabilitation and Up-gradation of Thimmapuram to Gurajanapalli section from Km 26/150 to Km 41/161 of NH - 214 New NH - 216 to two lane with paved shoulder in the state of Andhra Pradesh under NHDP-IV,MoRTH,Andhra Pradesh,2026-07,62.5,HIGH,25.0,100.0,65.0,75.0,Completion date has been revised by 98 month(s) (from 07/2018 to 09/2026). | Cost overrun of 23.5% (original Rs. 350.61 Cr -> revised Rs. 432.91 Cr). | Recent progress growth is stalled or negative (no measurable gain last month).
618239,"Rehabilitation & Upgradation of NH214 New NH-216 from Km 34/230 to Km 84/550 Losari to Machavaram Section to two lane with paved shoulder in the state of Andhrapradesh under NHDP-IV through Engineering, Procurement& Construction EPC mode.",MoRTH,Andhra Pradesh,2026-07,51.25,MEDIUM,25.0,100.0,20.0,75.0,Completion date has been revised by 82 month(s) (from 09/2018 to 07/2025). | Cost is within (or close to) the originally approved budget. | Recent progress growth is stalled or negative (no measurable gain last month).
618240,Rehabilitation and upgradation to 2-lane with paved sholuders configuration of Bewar- naer Karri village section Km0.00 to Km30.00 Pakage-I of NH-92 in state of Uttar Pradesh undergreen national Highway Corridor Project GNHCP with the loan assistance of world Bank on EPC mode.,MoRTH,Uttar Pradesh,2026-07,37.5,MEDIUM,0.0,100.0,0.0,75.0,Physical progress (100.0%) is on track or ahead of expected progress (100.0%). | Completion date has been revised by 29 month(s) (from 03/2024 to 08/2026). | Cost is within (or close to) the originally approved budget. | Recent progress growth is stalled or negative (no measurable gain last month).
618242,Widening and Reconstruction to 4-lane/4-lane with service road including structures from Pokharia More at Km 47.600 Ex. Km 50.230 to Govindpur at km 62.949 Ex. Km 65.325 of Nh-419 in the State of Jharkhand on EPC mode.,MoRTH,Jharkhand,2026-07,41.25,MEDIUM,75.0,50.0,0.0,0.0,Physical progress (54.5%) is 45.5 points below expected progress (100.0%). | Completion date has been revised by 12 month(s) (from 01/2026 to 01/2027). | Cost is within (or close to) the originally approved budget. | Recent progress growth is healthy (~2.40 points/month).
618243,Construction of Basti Ring Road Phase-I with 4L configuration for Basti City in the state of Uttar Pradesh on HAM mode,MoRTH,Uttar Pradesh,2026-07,20.0,LOW,50.0,0.0,0.0,25.0,Physical progress (36.7%) is 17.5 points below expected progress (54.2%). | Completion date has not slipped versus the original plan. | Cost is within (or close to) the originally approved budget. | Recent progress growth is healthy (~1.67 points/month).
618244,Construction of Raebareli Ring Road Phase-2 with four Lane configuration for Raebareli City in the state of Uttar Pradesh on Hybrid Annuity Model HAM basis,MoRTH,Uttar Pradesh,2026-07,11.25,LOW,25.0,0.0,0.0,25.0,Completion date has not slipped versus the original plan. | Cost is within (or close to) the originally approved budget. | Recent progress growth is healthy (~1.00 points/month).
618246,Construction of New 4-Lane Bridge Parallel to existing Vikramashila Setufrom km 8920 to Km 13375including approach road 35m Naugachhia side &53 m Bhagalpur sideacross River Ganga on newly declared NH-131B at Bhagalpur in the State of Bihar,MoRTH,Bihar,2026-07,53.75,MEDIUM,75.0,75.0,0.0,50.0,Physical progress (52.6%) is 26.6 points below expected progress (79.2%). | Completion date has been revised by 22 month(s) (from 05/2027 to 03/2029). | Cost is within (or close to) the originally approved budget. | Recent progress growth is low (~0.69 points/month).
618247,Construction of 4 lane Mirzapur bypass including bridge over river Ganga from km 0.000 to km 15.000 of NH 135A in the State of Uttar Pradesh on HAM Mode.,MoRTH,Uttar Pradesh,2026-07,11.25,LOW,25.0,0.0,0.0,25.0,Completion date has not slipped versus the original plan. | Cost is within (or close to) the originally approved budget. | Recent progress growth is healthy (~1.50 points/month).
618248,Widening to 4 lane from km. 139.00 to km 179.20 of NH-135A Pkg-III Jaunpur Akbarpur section and Akbarpur bypass on Hybrid Annuity Mode in the state of Uttar Pradesh.,MoRTH,Uttar Pradesh,2026-07,13.75,LOW,25.0,0.0,0.0,50.0,Completion date has not slipped versus the original plan. | Cost is within (or close to) the originally approved budget. | Recent progress growth is low (~0.94 points/month).
618249,Widening to 4 lane from km. 108.50 to km 139.00 of NH-135A Pkg-II Jaunpur Akbarpur section on Hybrid Annuity Mode in the state of Uttar Pradesh,MoRTH,Uttar Pradesh,2026-07,26.25,LOW,75.0,0.0,0.0,0.0,Physical progress (40.0%) is 26.7 points below expected progress (66.7%). | Completion date has not slipped versus the original plan. | Cost is within (or close to) the originally approved budget. | Recent progress growth is healthy (~3.98 points/month).
618250,Construction of 6-Lane Elevated / Extra Dose Cable Bridge on River Ganga parallel to & Western side of Digha-Sonepur Rail cum-Road Bridge of NH 139W in the State of Bihar,MoRTH,Bihar,2026-07,51.25,MEDIUM,75.0,75.0,0.0,25.0,Physical progress (18.7%) is 43.2 points below expected progress (61.9%). | Completion date has been revised by 13 month(s) (from 11/2027 to 12/2028). | Cost is within (or close to) the originally approved budget. | Recent progress growth is healthy (~1.42 points/month).
618251,"Improvement and Up gradation to four lane with Paved shoulder configuration from Existing Km 0000 to Km 39500 design km 0500 to Km 40342, Design length km of NH 227A near Mehrauna GhatUP Bihar Border to Siwan on the state of Bihar on Hybrid Annuity Model HAM basis",MoRTH,Bihar,2026-07,20.0,LOW,50.0,0.0,0.0,25.0,Physical progress (9.1%) is 24.3 points below expected progress (33.3%). | Completion date has not slipped versus the original plan. | Cost is within (or close to) the originally approved budget. | Recent progress growth is healthy (~1.18 points/month).
618252,"Improvement and Up-gradation to two Lane with Paved Shoulder/Four Lane configuration from existing Km 130.000 to Km 191.000 design km 131.500 to Km 188.735, Design length 57.235 Km of NH-227A near Barhalganj to Mehrauna Ghat in the state of Uttar Pradesh on Hybrid Annuity Model HAM basis",MoRTH,Uttar Pradesh,2026-07,37.5,MEDIUM,25.0,0.0,85.0,75.0,Completion date has not slipped versus the original plan. | Cost overrun of 38.0% (original Rs. 974.19 Cr -> revised Rs. 1344.61 Cr). | Recent progress growth is stalled or negative (no measurable gain last month).
618253,Construction of missing link from Birhu to Lathiani from Km 35/550 Design chainage Km 0.000 to Km 42/800 Design Chainage Km 8.153on NH-503A including Lathiani Bridge on back water of Govindsagar and its approaches in Himachal Pradesh.,MoRTH,Himachal Pradesh,2026-07,30.0,LOW,50.0,0.0,20.0,75.0,Physical progress (0.0%) is 11.1 points below expected progress (11.1%). | Completion date has not slipped versus the original plan. | Cost is within (or close to) the originally approved budget. | Recent progress growth is stalled or negative (no measurable gain last month).
618254,Construction of Paderu bypass Km 0000 to Km 13000 of 2- lane with paved shoulder on NH-516E,MoRTH,Andhra Pradesh,2026-07,51.5,MEDIUM,100.0,30.0,0.0,75.0,Physical progress (13.0%) is 87.0 points below expected progress (100.0%). | Completion date has been revised by 5 month(s) (from 07/2026 to 12/2026). | Cost is within (or close to) the originally approved budget. | Recent progress growth is stalled or negative (no measurable gain last month).
618255,Two laning with paved shoulders of Lambasingi to Paderusection of NH 516E,MoRTH,Andhra Pradesh,2026-07,48.75,MEDIUM,75.0,75.0,0.0,0.0,Physical progress (56.7%) is 43.3 points below expected progress (100.0%). | Completion date has been revised by 16 month(s) (from 11/2025 to 03/2027). | Cost is within (or close to) the originally approved budget. | Recent progress growth is healthy (~13.47 points/month).
618256,"Rehabilitation and Upgradation to 2-lane with paved should ders Sir, configuration of Chaprathipalem to Lambasingi section Km 165500 to Km 205000 of NH-516E in the State of Andhra Pradesh under Green National Highways Corridor Project GNHCP with the loan assistance of World Bank on EPC mode",MoRTH,Andhra Pradesh,2026-07,33.75,MEDIUM,25.0,75.0,0.0,25.0,Completion date has been revised by 21 month(s) (from 10/2024 to 07/2026). | Cost is within (or close to) the originally approved budget. | Recent progress growth is healthy (~1.76 points/month).
618257,Rehabilitation and Upgradation to 2-lane with paved shoulders configuration of Koyyuru to Chaprathipalem section Km 120000 to Km 165500 of NH-516E in the State of Andhra Pradesh under Green National Highways Corridor Project GNHCP with the loan assistance of World Bank on EPC mode,MoRTH,Andhra Pradesh,2026-07,41.25,MEDIUM,25.0,75.0,0.0,100.0,Completion date has been revised by 24 month(s) (from 07/2024 to 07/2026). | Cost is within (or close to) the originally approved budget. | Recent progress growth is stalled or negative (no measurable gain last month).
618258,Two laning with paved shoulders of Gondiguda to Araku uptoBhallaguda section of NH 516E,MoRTH,Andhra Pradesh,2026-05,31.25,MEDIUM,25.0,50.0,0.0,75.0,Completion date has been revised by 7 month(s) (from 09/2023 to 04/2024). | Cost is within (or close to) the originally approved budget. | Recent progress growth is stalled or negative (no measurable gain last month).
618259,Two laning with paved shoulders of Paderu to GundigudaSection of NH 516E,MoRTH,Andhra Pradesh,2026-05,22.5,LOW,0.0,50.0,0.0,75.0,Physical progress (100.0%) is on track or ahead of expected progress (100.0%). | Completion date has been revised by 12 month(s) (from 03/2023 to 03/2024). | Cost is within (or close to) the originally approved budget. | Recent progress growth is stalled or negative (no measurable gain last month).
618260,"Construction of Salempur bypass to 4LPS from km 64.000 of NH-727A Km 171.00 of Sonauli Balia Marg, old SH-01, near Mahadahan Chauraha to km 61.500 of NH-727B Km 178.500 of Sonauli Balia Marg, old SH-01, near near Ahirauli Village under Hybrid Annuity Mode HAM in the State of Uttar Pradesh",MoRTH,Uttar Pradesh,2026-07,7.5,LOW,0.0,0.0,0.0,75.0,Physical progress (35.0%) is on track or ahead of expected progress (33.3%). | Completion date has not slipped versus the original plan. | Cost is within (or close to) the originally approved budget. | Recent progress growth is stalled or negative (no measurable gain last month).
618262,Construction of Deoria Bypass from existing Km. 27.140 to existing Km. 46.780 Design Km. 49.109 on NH727A Design length 21.969 Km. to four lane with paved shoulder configuration under Hybrid Annuity Mode HAM in the State of Uttar Pradesh,MoRTH,Uttar Pradesh,2026-07,33.75,MEDIUM,75.0,0.0,0.0,75.0,Physical progress (10.0%) is 37.8 points below expected progress (47.8%). | Completion date has not slipped versus the original plan. | Cost is within (or close to) the originally approved budget. | Recent progress growth is stalled or negative (no measurable gain last month).
618263,"Rehabilitation and Up-gradation to 2LPS from Km. 0.000 to Km. 7.800 and Km. 35.400 to Km. 52.345 Design length 24.745 Km., except Bihar portion of NH-727B Tamkuhiraj to Bihar Border and Bihar Border to Majhauli on EPC mode in the State of Uttar Pradesh",MoRTH,Uttar Pradesh,2026-07,34.0,MEDIUM,50.0,30.0,0.0,75.0,Physical progress (81.2%) is 18.8 points below expected progress (100.0%). | Completion date has been revised by 1 month(s) (from 07/2026 to 08/2026). | Cost is within (or close to) the originally approved budget. | Recent progress growth is stalled or negative (no measurable gain last month).
618264,"Widening and Strengthening to two Lane with Paved Shoulder/Four Lane with paved shoulder configuration from km. 61.500 of NH-727B near Nawalpur km 178.500 of Sonauli Balia Marg, Old SH-01 i.e. end point of Salempur Bypass to km. 106.495 of NH-727B near Sikanderpur under EPC mode",MoRTH,Uttar Pradesh,2026-07,0.0,LOW,0.0,0.0,0.0,0.0,Physical progress (41.0%) is on track or ahead of expected progress (24.1%). | Completion date has not slipped versus the original plan. | Cost is within (or close to) the originally approved budget. | Recent progress growth is healthy (~4.00 points/month).
618265,Rehabilitation and upgradation to 2-lane with paved sholuders configuration of Miranpur Katra to radhaita section of NH-730CKm.114.000 to Km 137.250pakage-III in state of Uttar Pradesh undergreen national Highway Corridor ProjectGNHCP with the loan assistance of world Bank on EPC mode.,MoRTH,Uttar Pradesh,2026-07,41.25,MEDIUM,25.0,100.0,0.0,25.0,Completion date has been revised by 29 month(s) (from 07/2024 to 12/2026). | Cost is within (or close to) the originally approved budget. | Recent progress growth is healthy (~1.00 points/month).
618266,Rehabilitation and upgradation to 2-lane with paved sholuders configuration of Bewar- Allahaganj- section of NH-730C Km.0.000 to Km 52.770 pakage-I in state of Uttar Pradesh undergreen national Highway Corridor Project GNHCP with the loan assistance of world Bank on EPC mode.,MoRTH,Uttar Pradesh,2026-07,43.75,MEDIUM,25.0,75.0,20.0,75.0,Completion date has been revised by 22 month(s) (from 11/2024 to 09/2026). | Cost is within (or close to) the originally approved budget. | Recent progress growth is stalled or negative (no measurable gain last month).
618267,Widening/Upgradation to four lane configuration of Shahjahanpur-Bisalpur section from km 0.00 to km 47.026 of NH-731K on Hybrid Annuity Mode in the state of Uttar Pradesh.,MoRTH,Uttar Pradesh,2026-07,16.25,LOW,25.0,0.0,0.0,75.0,Completion date has not slipped versus the original plan. | Cost is within (or close to) the originally approved budget. | Recent progress growth is stalled or negative (no measurable gain last month).
618282,4-L Bilasipara-Guwahati Package-10,NHIDCL,Assam,2026-07,48.75,MEDIUM,75.0,50.0,0.0,75.0,Physical progress (64.5%) is 35.5 points below expected progress (100.0%). | Completion date has been revised by 9 month(s) (from 06/2026 to 03/2027). | Cost is within (or close to) the originally approved budget. | Recent progress growth is stalled or negative (no measurable gain last month).
618283,4-L Bilasipara-Guwahati Package-9,NHIDCL,Assam,2026-07,48.75,MEDIUM,75.0,50.0,0.0,75.0,Physical progress (59.8%) is 40.2 points below expected progress (100.0%). | Completion date has been revised by 9 month(s) (from 06/2026 to 03/2027). | Cost is within (or close to) the originally approved budget. | Recent progress growth is stalled or negative (no measurable gain last month).
618284,Widening/Improvement to 4-Lane with paved shoulder from Km 99930 to Km 143680 Design Chainage 96000 to 139750 of Paikan to Dhupdhara Sahar of Bilasipura- Guwahati Road on NH-17 in the state of Assam on EPC mode under Bharatmala Pariyojana in Economic Corridors Project Length 43.750km under NHO-NE Package- 8,NHIDCL,Assam,2026-07,16.25,LOW,25.0,0.0,0.0,75.0,Completion date has not slipped versus the original plan. | Cost is within (or close to) the originally approved budget. | Recent progress growth is stalled or negative (no measurable gain last month).
618285,Widening/Improvement to 4 -Lane with Paved Shoulder from Ch. 88.000km to Ch.99.930 km Design Ch.84.100km to Ch.96.000 km of Sagunbashi forest near Nichinta to starting of Krishnai Bypass Section of Bilasipura Guwahati road NH 17 on EPC Package-7,NHIDCL,Assam,2026-05,16.5,LOW,0.0,30.0,0.0,75.0,Physical progress (100.0%) is on track or ahead of expected progress (100.0%). | Completion date has been revised by 3 month(s) (from 10/2025 to 01/2026). | Cost is within (or close to) the originally approved budget. | Recent progress growth is stalled or negative (no measurable gain last month).
618286,Construction of New 2-Lane Bridge with its approaches from km 0000 to Km 4385 across River Brahmaputra on NH-17 at Jogighopa in Assam on EPC mode,NHIDCL,Assam,2026-07,55.0,MEDIUM,50.0,100.0,0.0,75.0,Physical progress (81.1%) is 18.9 points below expected progress (100.0%). | Completion date has been revised by 25 month(s) (from 11/2024 to 12/2026). | Cost is within (or close to) the originally approved budget. | Recent progress growth is stalled or negative (no measurable gain last month).
618287,"Widening/Improvement to 4-Lane with paved Shoulder from Ch. 25.633 Km to Ch. 52.470 Km Design Ch. 21.850 Km to Ch.48.670 Km for Package-2 of Bilasipura- Guwahati road NH-17 Section Near Mowatari, before Chapar Bypass to Tulungia junction with NH-17 in the state of Assam on HAM mode under NHO-NE Package-2",NHIDCL,Assam,2026-07,42.5,MEDIUM,100.0,0.0,0.0,75.0,Physical progress (12.4%) is 50.9 points below expected progress (63.3%). | Completion date has not slipped versus the original plan. | Cost is within (or close to) the originally approved budget. | Recent progress growth is stalled or negative (no measurable gain last month).
618288,"Widening/lmprovement to 4-Lane with Paved Shoulder from Ch.5.580 Km to Ch.25.633 Km Design Ch.0.000 Km to Ch.17.737km Km 901.100 to Km 921.145 of old NH-31 of Bilasipara- Guwahati road NH-17 Section Near Chirakuta to near Mowatari, before Chapar Bypass in the state ol Assam on HAM mode Package-1",NHIDCL,Assam,2026-07,17.5,LOW,50.0,0.0,0.0,0.0,Physical progress (35.0%) is 21.7 points below expected progress (56.7%). | Completion date has not slipped versus the original plan. | Cost is within (or close to) the originally approved budget. | Recent progress growth is healthy (~2.41 points/month).
618289,Construction and up gradation to 4-Lane of existing two lane with paved shoulder from Hapachara to Tulungia road of NH-117 of existing Km 0.00 to km 14.050 and Design Km 0.000 to km 14.660 under BMP on EPC mode,NHIDCL,Assam,2026-07,46.25,MEDIUM,25.0,100.0,0.0,75.0,Completion date has been revised by 39 month(s) (from 12/2022 to 03/2026). | Cost is within (or close to) the originally approved budget. | Recent progress growth is stalled or negative (no measurable gain last month).
618290,"Construction of 2-lane with Paved shoulder of Kohima- Bypass Road Connecting NH- 39New NH-02, NH-150New NH-02, NH-61New NH-29, NH-39New NH-02 from Design Km 32.00 to Design Km 43.454Design Length-11.454 Km in the State of Nagaland under SARDP-NE on EPC Mode Package-IV",NHIDCL,Nagaland,2026-07,72.5,HIGH,100.0,100.0,0.0,75.0,Physical progress (46.8%) is 53.2 points below expected progress (100.0%). | Completion date has been revised by 56 month(s) (from 04/2022 to 12/2026). | Cost is within (or close to) the originally approved budget. | Recent progress growth is stalled or negative (no measurable gain last month).
618291,"Construction of 2-lane with Paved shoulder of Kohima-Bypass Road connecting NH- 39 New NH-02, NH150New NH-02, NH7-61 New NH-29 and NH-39 New NH-02 from Design km 21.000 to km 32.268 [Design length11.268 km] in the state of Nagaland Under SARDP-NE on EPC Mode Package- 3",NHIDCL,Nagaland,2026-07,90.0,HIGH,100.0,75.0,100.0,75.0,Physical progress (39.5%) is 60.5 points below expected progress (100.0%). | Completion date has been revised by 18 month(s) (from 06/2025 to 12/2026). | Cost overrun of 114.1% (original Rs. 159.85 Cr -> revised Rs. 342.29 Cr). | Recent progress growth is stalled or negative (no measurable gain last month).
618292,Construction of 2-Lane with paved shoulder of Kohima-Bypass Road connecting New NH-02 and New NH-29 from Design Km 10.500 to design Km 21.000 [Design Length- 10.500 km] including TUNNEL of 500m at Ch. 11.000 in the state of Nagaland Under SARDP-NE on EPC Mode Package-2,NHIDCL,Nagaland,2026-07,63.75,HIGH,75.0,100.0,0.0,75.0,Physical progress (69.8%) is 30.2 points below expected progress (100.0%). | Completion date has been revised by 60 month(s) (from 10/2022 to 10/2027). | Cost is within (or close to) the originally approved budget. | Recent progress growth is stalled or negative (no measurable gain last month).
618293,"Construction of 2-Lane with paved shoulder of Kohima-Bypass Road connecting NH- 39New NH-02, NH-150New NH-02, NH-61New NH-29 and NH-39New NH-02 from design Km 0.00 to Km 10.500 in the State of Nagaland under SARDP-NE on EPC Mode Package-1 -Balance work",NHIDCL,Nagaland,2026-07,63.75,HIGH,100.0,0.0,85.0,75.0,Physical progress (27.2%) is 61.6 points below expected progress (88.9%). | Completion date has not slipped versus the original plan. | Cost overrun of 51.0% (original Rs. 232.29 Cr -> revised Rs. 350.88 Cr). | Recent progress growth is stalled or negative (no measurable gain last month).
618294,Improvement and Widening of National Highway No. 127B Darugiri - Songsak - Williamnagar Junction Section to two lane with paved shoulder from design Km 0000 to Km 36635 Design length 36.635 Km existing Km 112000 to Km 151060 of NH-1278 under Bharatmala Pariyojana Lot-1 Pkg-1B Meghalaya portion,NHIDCL,Meghalaya,2026-07,22.5,LOW,50.0,0.0,0.0,50.0,Physical progress (26.8%) is 14.9 points below expected progress (41.7%). | Completion date has not slipped versus the original plan. | Cost is within (or close to) the originally approved budget. | Recent progress growth is low (~0.72 points/month).
618295,Improvement/Widening of New NH-217 Dainadubi-Darugiri section to Two lane with paved shoulder in Meghalaya from design Km 0000 to Km 40840 existing Km 8600 to Km 53000 of Old NH-62 under BMP Lot-1 Pkg-1B Meghalaya portion,NHIDCL,Meghalaya,2026-07,22.5,LOW,50.0,0.0,0.0,50.0,Physical progress (46.4%) is 20.3 points below expected progress (66.7%). | Completion date has not slipped versus the original plan. | Cost is within (or close to) the originally approved budget. | Recent progress growth is low (~0.86 points/month).
618296,Balance work of Construction of 2-lane with hard shoulder of Kohima - Jessami road on NH-29 old NH-150 from existing km 98.380 near Chizami vill. to km120.367 Nagaland/Manipur Border [Design km 95.700 to design km 117.200] [Design Length 21.500 km] in the state of Nagaland Under Bharatmala Pariyojna on EPC Mode Package-V under NHO,NHIDCL,Nagaland,2026-07,31.25,MEDIUM,25.0,50.0,0.0,75.0,Completion date has been revised by 8 month(s) (from 11/2025 to 07/2026). | Cost is within (or close to) the originally approved budget. | Recent progress growth is stalled or negative (no measurable gain last month).
618297,Construction of 2-lane with hard shoulder of Kohima - Jessami road on NH-29 Old NH- 150 from existing Km 30.474 Near Kidwema road Chakahabama to existing Km 53.220 Near Kikruma Village Design Km 29.60 to Km 51.50 Design length-21.90 Km in the state of Nagaland Under Bharatmala Pariyojna on EPC Mode under NHO Package-II -Balance work,NHIDCL,Nagaland,2026-07,57.5,MEDIUM,100.0,50.0,0.0,75.0,Physical progress (43.1%) is 56.9 points below expected progress (100.0%). | Completion date has been revised by 11 month(s) (from 01/2026 to 12/2026). | Cost is within (or close to) the originally approved budget. | Recent progress growth is stalled or negative (no measurable gain last month).
618298,Widening/Improvement of existing 2-Lane road to 4-Lane Divided Highway from Sekmai to Nilakuthi section of Imphal-Kohima Road Design Chainage from Km 297700 to Km 308729 of NH-39 New NH-02 in state of Manipur on EPC mode Pkg-5B,NHIDCL,Manipur,2026-07,41.25,MEDIUM,25.0,100.0,0.0,25.0,Completion date has been revised by 43 month(s) (from 01/2023 to 08/2026). | Cost is within (or close to) the originally approved budget. | Recent progress growth is healthy (~1.17 points/month).
618299,Improvement/Up-gradation of existing 2-Lane Road to 4-Lane Divided Highway from Daili to Kuraopokpi section of Imphal-Kohima road NH-02 Design Chainage from Km 274610 to Km 287000 in the state of Manipur on EPC mode Pkg-4B,NHIDCL,Manipur,2026-07,32.5,MEDIUM,50.0,50.0,0.0,0.0,Physical progress (76.6%) is 23.4 points below expected progress (100.0%). | Completion date has been revised by 7 month(s) (from 06/2026 to 01/2027). | Cost is within (or close to) the originally approved budget. | Recent progress growth is healthy (~20.47 points/month).
618300,Improvement/Up-gradation of existing 2-Lane Road to 4-Lane Divided Highway from Taphukuki to Daili section of Imphal-Kohima road NH-02 Design Chainage from Km 262175 to Km 274610 in the state of Manipur on EPC mode Pkg-4A,NHIDCL,Manipur,2026-07,46.25,MEDIUM,25.0,100.0,0.0,75.0,Completion date has been revised by 52 month(s) (from 04/2022 to 08/2026). | Cost is within (or close to) the originally approved budget. | Recent progress growth is stalled or negative (no measurable gain last month).
618301,Widening/Improvement of existing 2-lane to 4-Lane Divided Highway from Kuraopokpi to Sekmai section of Imphal-Kohima Road Design Ch. km 287.00 to 297.700 of NH-39 New NH-02 in state of Manipur on EPC mode Pkg-5A,NHIDCL,Manipur,2026-07,40.25,MEDIUM,75.0,30.0,0.0,50.0,Physical progress (48.4%) is 46.1 points below expected progress (94.4%). | Completion date has been revised by 4 month(s) (from 08/2026 to 12/2026). | Cost is within (or close to) the originally approved budget. | Recent progress growth is low (~0.04 points/month).
618302,Widening/Improvement to 2-lane with earthen shoulder of Yaingangpokpi - Finch corner road section of NH-202 from Km 16.900 to Km 30.970 of NH-202 in the state of Manipur on EPC mode Package-2,NHIDCL,Manipur,2026-07,46.25,MEDIUM,25.0,100.0,0.0,75.0,Completion date has been revised by 50 month(s) (from 06/2022 to 08/2026). | Cost is within (or close to) the originally approved budget. | Recent progress growth is stalled or negative (no measurable gain last month).
618303,Widening/Improvement to 2-lane with earthen shoulder of Yaingangpokpi - Finch corner road section of NH-202 from Km 0.000 to Km 16.900 of NH-202 in the state of Manipur on EPC mode Package-1,NHIDCL,Manipur,2026-07,55.0,MEDIUM,50.0,100.0,0.0,75.0,Physical progress (89.0%) is 11.0 points below expected progress (100.0%). | Completion date has been revised by 50 month(s) (from 06/2022 to 08/2026). | Cost is within (or close to) the originally approved budget. | Recent progress growth is stalled or negative (no measurable gain last month).
618304,"Widening/Improvement to 2 Lane with earthen shoulder of Jessami to Laynen bridge Nagaland border section of NH-29 of Imphal -Ukhrul - Jessami Economic Corridor from km 0.000 to km 11.009 in the State of Manipur on EPC mode under Bharatmala Pariyojana, under NHO-NE Package-7",NHIDCL,Manipur,2026-07,52.5,MEDIUM,100.0,50.0,0.0,25.0,Physical progress (28.1%) is 71.9 points below expected progress (100.0%). | Completion date has been revised by 8 month(s) (from 06/2026 to 02/2027). | Cost is within (or close to) the originally approved budget. | Recent progress growth is healthy (~1.45 points/month).
618305,Widening/Improvement to 2 lane with earthen shoulder of Marrem Khullen to Jessami section of NH-202 of Imphal - Ukhrul - Jessami Economic Corridor from Design Chainage km 95.700 to km 140.180 in the State of Manipur on EPC mode under Bharatmala Pariyojana under NHO-NE Package-6,NHIDCL,Manipur,2026-07,52.5,MEDIUM,100.0,50.0,0.0,25.0,Physical progress (26.2%) is 53.0 points below expected progress (79.2%). | Completion date has been revised by 8 month(s) (from 12/2026 to 08/2027). | Cost is within (or close to) the originally approved budget. | Recent progress growth is healthy (~1.79 points/month).
618306,"Widening/Improvement to 2 lane with earthen shoulder of Choithar to Marrem Khullen section of NH-202 of Imphal Ukhrul Jessami Economic Corridor from Design Chainage km 53.110 to km 95.700 in the State of Manipur on EPC mode under Bharatmala Pariyojana, under NHO-NE Package-5",NHIDCL,Manipur,2026-07,42.75,MEDIUM,75.0,30.0,0.0,75.0,Physical progress (14.5%) is 49.1 points below expected progress (63.6%). | Completion date has been revised by 5 month(s) (from 03/2027 to 08/2027). | Cost is within (or close to) the originally approved budget. | Recent progress growth is stalled or negative (no measurable gain last month).
618307,Rehabilitation and up-gradation of road from km 16.077 to km 43.935 total length 27.858 km of Lalchara-Kanchanpur section via Shivbari on NH-44A to 2 lane with paved shoulder in the state of Tripura on EPC Mode Pkg-2 under BharatMala Pariyojana Manu-Simlung -2,NHIDCL,Tripura,2026-07,48.75,MEDIUM,75.0,50.0,0.0,75.0,Physical progress (54.6%) is 45.4 points below expected progress (100.0%). | Completion date has been revised by 12 month(s) (from 01/2025 to 01/2026). | Cost is within (or close to) the originally approved budget. | Recent progress growth is stalled or negative (no measurable gain last month).
618308,Construction of 4-Lane Panchgram Bypass from Design Chainage km 15500 on NH- 37 Old NH-53 at Kalinagar Pt.-I Village to Design Chainage km 27300 at crossing with NH-6 Old NH-44 Near Siddeswar Pt.-I Village on Silchar - Churaibari stretch in the State of Assam on EPC Mode under Bharatmala Pariyojana in Economic Corridors Silchar- Churaibari Package-2,NHIDCL,Assam,2026-07,44.0,MEDIUM,50.0,30.0,40.0,75.0,Physical progress (57.2%) is 19.5 points below expected progress (76.7%). | Completion date has been revised by 1 month(s) (from 02/2027 to 03/2027). | Cost overrun of 7.8% (original Rs. 676.18 Cr -> revised Rs. 728.97 Cr). | Recent progress growth is stalled or negative (no measurable gain last month).
618309,Widening/lmprovement to 4-Laning and Greenfield alignment with Paved shoulder of Silchar-Badarpur Churaibari section of NH-37 & NH-8 from Design chainage 38.600 End point of proposed Badarpur Bypass to Km. 62.800 Start point of proposed Nilambazar/Cheragi Bypass in the state of Assam on HAM Mode Package-4,NHIDCL,Assam,2026-07,27.5,LOW,50.0,0.0,0.0,100.0,Physical progress (23.1%) is 22.8 points below expected progress (45.8%). | Completion date has not slipped versus the original plan. | Cost is within (or close to) the originally approved budget. | Recent progress growth is stalled or negative (no measurable gain last month).
618310,Widening/lmprovement to 4-L of Karimgani - sutarkandi section of NH 37 from design Ch 0020 Start of proposed Karimganj Bypass from NH -8 to design Chainage Km 14380 near Sutarkandi Spur Connectivity to Indo/Bangladesh Border on Silchar- Churaibari in the State of Assam on HAM Mode Package-7,NHIDCL,Assam,2026-07,33.75,MEDIUM,75.0,0.0,0.0,75.0,Physical progress (41.9%) is 28.9 points below expected progress (70.8%). | Completion date has not slipped versus the original plan. | Cost is within (or close to) the originally approved budget. | Recent progress growth is stalled or negative (no measurable gain last month).
618311,Widening/lmprovement to 4-Lane with Paved shoulder for existing as well as Greenfield alignment of Badarpur Churaibari section of NH-8 from Design chainage 87.700 Chandkhira to Km. 106.500 Churaibari section Assam-Tripura border in the state of Assam on HAM Mode Package-6,NHIDCL,Assam,2026-07,33.75,MEDIUM,75.0,0.0,0.0,75.0,Physical progress (41.0%) is 25.7 points below expected progress (66.7%). | Completion date has not slipped versus the original plan. | Cost is within (or close to) the originally approved budget. | Recent progress growth is stalled or negative (no measurable gain last month).
618312,Widening/lmprovement to 4-Lane with Paved Shoulder from existing road and Greenfield alignment form Design Ch. 62.800 start of proposed Nilambazar/Cheragi Bypass to Design Ch. 87.700 near Chandkhira Village of NH-8 on Silchar-Churaibari in the state of Assam on HAM Mode Package-5,NHIDCL,Assam,2026-07,33.75,MEDIUM,75.0,0.0,0.0,75.0,Physical progress (14.0%) is 36.0 points below expected progress (50.0%). | Completion date has not slipped versus the original plan. | Cost is within (or close to) the originally approved budget. | Recent progress growth is stalled or negative (no measurable gain last month).
618313,Widening/lmprovement of Existing 2 lane to 4-Laning of Karimganj-Silchar section of NH-37 from Design Ch 0.000 near Silchar ISBT to Design Ch 15.970 near Kalinagar Pt I on NH-37 in Assam on HAM Mode Pkg-1,NHIDCL,Assam,2026-07,16.25,LOW,25.0,0.0,0.0,75.0,Completion date has not slipped versus the original plan. | Cost is within (or close to) the originally approved budget. | Recent progress growth is stalled or negative (no measurable gain last month).
618314,4-Laning of Dhanehari Lailapur / Vairengte section from Existing Chainage km 12920 to km 43000 of NH 306 Design Chainage km 20000 to km 49360 on Silchar - Vairengte Sairang road in the State of Assam under Bharatmala Pariyojna on EPC mode. Project Length 29.360 km under NHO-NE Package-2,NHIDCL,Assam,2026-07,40.0,MEDIUM,50.0,50.0,0.0,75.0,Physical progress (81.7%) is 15.0 points below expected progress (96.7%). | Completion date has been revised by 7 month(s) (from 08/2026 to 03/2027). | Cost is within (or close to) the originally approved budget. | Recent progress growth is stalled or negative (no measurable gain last month).
618315,4-Laning of Silchar - Dhanehari section from Existing Chainage km 263800 of NH 37 to km 12920 of NH 306 Design Chainage km 0000 to km 20000 on Silchar - Vairengte - Sairang road in the State of Assam under Bharatmala Pariyojna on EPC mode Package-1,NHIDCL,Assam,2026-07,48.75,MEDIUM,75.0,50.0,0.0,75.0,Physical progress (59.6%) is 40.4 points below expected progress (100.0%). | Completion date has been revised by 8 month(s) (from 07/2026 to 03/2027). | Cost is within (or close to) the originally approved budget. | Recent progress growth is stalled or negative (no measurable gain last month).
618316,4-Laning of Vairengte - Chhimluang section Package-3 of NH-306 from Existing Chainage km 43000 to Km 59700 Design Chainage km 46000 to km 60850 on Silchar - Vairengte- Sairang road in the State of Mizoram under Bharatmala Pariyojna under NHO-NE. Package-1&2 in Assam state,NHIDCL,Mizoram,2026-07,33.75,MEDIUM,75.0,0.0,0.0,75.0,Physical progress (17.9%) is 48.8 points below expected progress (66.7%). | Completion date has not slipped versus the original plan. | Cost is within (or close to) the originally approved budget. | Recent progress growth is stalled or negative (no measurable gain last month).
618317,4-Laning of chhimluang-Kolasib from section pkg-4 of NH-306 & NH-6 existing chainage km 59700 to km 86000 design chainage km 61000 to km 77500 on Silchar- vairengte-sairang road in the state of Mizoram under Bharatmala Pariyojna on EPC mode Vairengte - Sairang Pkg-4,NHIDCL,Mizoram,2026-07,33.75,MEDIUM,75.0,0.0,0.0,75.0,Physical progress (17.1%) is 49.5 points below expected progress (66.7%). | Completion date has not slipped versus the original plan. | Cost is within (or close to) the originally approved budget. | Recent progress growth is stalled or negative (no measurable gain last month).
618318,4-Laning of Kolasib - Sethawn section Package-5 of NH-6 from Existing Chainage km 86000 to km 107850 Design Chainage km 77500 to km 95500 on silchar - vairengte - sairang road under Bharatmala Pariyojna on EPC mode under NHO-NE Vairengte - Sairang Pkg-5,NHIDCL,Mizoram,2026-07,33.75,MEDIUM,75.0,0.0,0.0,75.0,Physical progress (11.9%) is 38.1 points below expected progress (50.0%). | Completion date has not slipped versus the original plan. | Cost is within (or close to) the originally approved budget. | Recent progress growth is stalled or negative (no measurable gain last month).
618319,"4-Laning of Sethawn - N. Kawnpui section Package-6 of NH-6 from Existing Chainage km 107850 to km 126315 Design Chainage km 95500 to km 111850 on Silchar- Vairengte- Sairang road, Vairengte - Sairang Pkg-6",NHIDCL,Mizoram,2026-07,42.5,MEDIUM,100.0,0.0,0.0,75.0,Physical progress (6.7%) is 60.0 points below expected progress (66.7%). | Completion date has not slipped versus the original plan. | Cost is within (or close to) the originally approved budget. | Recent progress growth is stalled or negative (no measurable gain last month).
618320,Construction of 4-Laning of N. Kawnpui N. Mualvum Mualkhang via Khamrang Village section Package-7 of NH-6 from Existing Chainage km 127200 to km 142000 Design Chainage km 111850 to km 123400 on Silchar - Vairengte - Sairang road in the State of Mizoram on EPC mode,NHIDCL,Mizoram,2026-07,16.25,LOW,25.0,0.0,0.0,75.0,No completion-date revision recorded (schedule risk based on original plan only). | Cost is within (or close to) the originally approved budget. | Recent progress growth is stalled or negative (no measurable gain last month).
618321,Construction of 4-Laning of West Serawlg-Sairang section of NH-6 from Existing Chainage km 142000 to km 158900 Design Chainage km 123400 to km 136260 on Silchar - Vairengte - Sairang road in the State of Mizoram under Bharatmala Pariyojna on EPC mode under NHO-NE Package-8,NHIDCL,Mizoram,2026-07,16.25,LOW,25.0,0.0,0.0,75.0,No completion-date revision recorded (schedule risk based on original plan only). | Cost is within (or close to) the originally approved budget. | Recent progress growth is stalled or negative (no measurable gain last month).
618323,Construction of Twin Tube Uni-directional Aizawl Bypass Tunnel of 2.5 km and its approaches of 2.1 km from km 10.600 to km 15.200 on Sarrang - Phaibawk section of NH-6 in the State of Mizoram on EPC Mode under NHO-NE Package-2,NHIDCL,Mizoram,2026-07,25.0,LOW,50.0,0.0,0.0,75.0,Physical progress (0.0%) is 19.4 points below expected progress (19.4%). | No completion-date revision recorded (schedule risk based on original plan only). | Cost is within (or close to) the originally approved budget. | Recent progress growth is stalled or negative (no measurable gain last month).
618324,Construction of 2-lane Aizawl Bypass from km 15.200 to km 34.500 Package-3 on Sairang - Phaibawk section of NH-6 in the State of Mizoram under Bharatmala Pariyojna on EPC Mode under NHO-NE,NHIDCL,Mizoram,2026-07,16.25,LOW,25.0,0.0,0.0,75.0,No completion-date revision recorded (schedule risk based on original plan only). | Cost is within (or close to) the originally approved budget. | Recent progress growth is stalled or negative (no measurable gain last month).
618325,Dillai to Lahorijan Package-7,NHIDCL,Assam,2026-06,65.0,HIGH,100.0,75.0,0.0,75.0,Physical progress (0.0%) is 100.0 points below expected progress (100.0%). | Completion date has been revised by 21 month(s) (from 07/2024 to 04/2026). | Cost is within (or close to) the originally approved budget. | Recent progress growth is stalled or negative (no measurable gain last month).
618326,Widening/Improvement to 4-Lane with Paved Shoulder from KM 38500 to Km 51246 Design Chainage 38500 to 50959 with proposed Daboka Bypass of Daboka- Parokhaowa of NH 29 on EPC under NHO-NE Package-1,NHIDCL,Assam,2026-07,31.25,MEDIUM,25.0,50.0,0.0,75.0,Completion date has been revised by 7 month(s) (from 11/2025 to 06/2026). | Cost is within (or close to) the originally approved budget. | Recent progress growth is stalled or negative (no measurable gain last month).
618327,Widening/Improvement to 4-Lane with Paved Shoulder from KM 113300 to Km 146230 Design Chainage 113830 to 145712 of Kwaram Taro Village - Dillai Section in Assam on EPC Package-6,NHIDCL,Assam,2026-05,57.5,MEDIUM,100.0,50.0,0.0,75.0,Physical progress (0.0%) is 100.0 points below expected progress (100.0%). | Completion date has been revised by 8 month(s) (from 07/2024 to 03/2025). | Cost is within (or close to) the originally approved budget. | Recent progress growth is stalled or negative (no measurable gain last month).
618328,4-Laning of Balance work of Dimapur-Kohima Road from design km 152.490 to km 166.700 Existing km 156.000 to km 172.900 Excluding Dimapur & Kohima Bypass under SARDP-NE Package-III,NHIDCL,Nagaland,2026-07,61.25,HIGH,50.0,50.0,85.0,75.0,Physical progress (84.3%) is 15.7 points below expected progress (100.0%). | Completion date has been revised by 12 month(s) (from 09/2025 to 09/2026). | Cost overrun of 41.2% (original Rs. 562.98 Cr -> revised Rs. 794.75 Cr). | Recent progress growth is stalled or negative (no measurable gain last month).
618329,Construction of 4/6 Laning from Km 132.375 to Km 153.058 Total New Alignment length of 20.683 Km of Daboka-Dimapur Section Dimapur Bypass Nagaland Portion of NH-36 & 39 in the State of Nagaland on EPC basis under PhaseA of SARDP-NE,NHIDCL,Nagaland,2026-05,72.5,HIGH,100.0,100.0,0.0,75.0,Physical progress (0.0%) is 100.0 points below expected progress (100.0%). | Completion date has been revised by 29 month(s) (from 09/2020 to 02/2023). | Cost is within (or close to) the originally approved budget. | Recent progress growth is stalled or negative (no measurable gain last month).
618330,Construction of 4/6 Laning from existing Km 159.400 of NH-36 to existing Km 102.500 of NH-39 and upto end point of Assam portion [Design Km 118.050 to design Km 132.375] Total New Alignment length of 14.325 Km of Daboka -Dimapur Section Dimapur Bypass in the state of Assam under SARDP-NE 'Phase-A' on EPC mode Assam Portion,NHIDCL,Assam,2026-05,37.5,MEDIUM,0.0,100.0,0.0,75.0,Physical progress (100.0%) is on track or ahead of expected progress (100.0%). | Completion date has been revised by 34 month(s) (from 11/2022 to 09/2025). | Cost is within (or close to) the originally approved budget. | Recent progress growth is stalled or negative (no measurable gain last month).
618331,lmprovement to 4-Lane with Paved Shoulder from existing km 260000 Design Ch.4560 km to existing km Ch.233000 D. Ch.24560 of Silchar near Nutan Dayapur village - Budha Nagar Section Length-20.00 Km of NH-37 under Package Silchar- Jiribam Pkg-1 in the state of Assam on HAM Mode,NHIDCL,Assam,2026-07,16.25,LOW,25.0,0.0,0.0,75.0,Completion date has not slipped versus the original plan. | Cost is within (or close to) the originally approved budget. | Recent progress growth is stalled or negative (no measurable gain last month).
618333,Widening to 2 lane with Paved shoulder of lmphal to Jiribam section of NH-37 from Design Ch. from km 169570 Near Nungkao vlllage under Tamenglong District to km 205974 near Jiribam Bridge under Jiribam district under NHO-NE PKG-7,NHIDCL,Manipur,2026-07,31.25,MEDIUM,25.0,50.0,0.0,75.0,Completion date has been revised by 12 month(s) (from 12/2025 to 12/2026). | Cost is within (or close to) the originally approved budget. | Recent progress growth is stalled or negative (no measurable gain last month).
618334,Widening to 2 Lane with Paved shoulder of lmphal to Jiribam section of NH-37 from Design Ch. from km 131.280 to km 169.570 on EPC mode in Manipur under NHO- TSP PKG-6,NHIDCL,Manipur,2026-07,38.75,MEDIUM,25.0,75.0,0.0,75.0,Completion date has been revised by 22 month(s) (from 02/2025 to 12/2026). | Cost is within (or close to) the originally approved budget. | Recent progress growth is stalled or negative (no measurable gain last month).
618335,Widening to 2 Lane with Paved shoulder of lmphal to Jiribam section of NH-37 from Design Ch. from Km 101280 Near Khongsang Village to Km 131280 near Puilon Kambiron Village on EPC Mode in Manipur PKG-5,NHIDCL,Manipur,2026-07,43.75,MEDIUM,25.0,100.0,0.0,50.0,Completion date has been revised by 31 month(s) (from 05/2024 to 12/2026). | Cost is within (or close to) the originally approved budget. | Recent progress growth is low (~0.41 points/month).
618336,Widening to 2 -Lane with Paved shoulder of Imphal to Jiribam section of NH-37 from Design Chainage 66.110 km to 101.280 Km Existing Chainage km 67.496 to km 103.557 on EPC Mode in Manipur PKG-4,NHIDCL,Manipur,2026-07,52.5,MEDIUM,50.0,100.0,0.0,50.0,Physical progress (86.0%) is 13.9 points below expected progress (100.0%). | Completion date has been revised by 36 month(s) (from 12/2023 to 12/2026). | Cost is within (or close to) the originally approved budget. | Recent progress growth is low (~0.07 points/month).
618337,Widening to 2 -Lane with Paved shoulder of Imphal to Jiribam section of NH-37 from Design Chainage 33.000 km to 66.390 Km Existing Chainage from km 33.395 to km 67.496 on EPC Mode in Manipur PKG-3,NHIDCL,Manipur,2026-07,55.0,MEDIUM,50.0,100.0,0.0,75.0,Physical progress (86.3%) is 13.7 points below expected progress (100.0%). | Completion date has been revised by 36 month(s) (from 03/2023 to 03/2026). | Cost is within (or close to) the originally approved budget. | Recent progress growth is stalled or negative (no measurable gain last month).
618338,Widening to 2-Lane with Paved shoulder of Imphal to Jiribam section of NH-37 from Design Chainage 15.940 km to 33.120 Km Existing Chainage Km 15.946 to Km 33.395 Total length17.180 Km in the State of Manipur on EPC mode PKG-2 - Balance Works & Rectification works,NHIDCL,Manipur,2026-07,28.75,LOW,25.0,50.0,0.0,50.0,Completion date has been revised by 7 month(s) (from 03/2026 to 10/2026). | Cost is within (or close to) the originally approved budget. | Recent progress growth is low (~0.11 points/month).
618339,Widening/Improvement to 2-Lane Lane with Paved Shoulder from km 16900 Bogapani to km 27150 Golai Goan on existing Dibrugarh to Ledo section with proposed Digboi Bypass Green Field and Brownfield 2-LanePS of NH-315 OLD NH-38 in Tinsukia District under NHO- NE Package-4,NHIDCL,Assam,2026-06,57.5,MEDIUM,100.0,50.0,0.0,75.0,Physical progress (20.4%) is 79.5 points below expected progress (100.0%). | Completion date has been revised by 12 month(s) (from 12/2025 to 12/2026). | Cost is within (or close to) the originally approved budget. | Recent progress growth is stalled or negative (no measurable gain last month).
618340,Widening/Improvement to 4-Lane with Paved Shoulder from km 626030 Nalani hulla Gaon to km 650450 Chotahapjan on existing Tinsukhia -Makum Bypass of NH-15 OLD NH-37 and Strengthening of existing NH-315 OLD NH-38 from Km 0000 Chotahapjan to Km 16900 Bogapani section 2-Lane PS in Assam on EPCMode under NHO-NE Package-3,NHIDCL,Assam,2026-07,47.5,MEDIUM,50.0,75.0,0.0,75.0,Physical progress (89.0%) is 11.0 points below expected progress (100.0%). | Completion date has been revised by 17 month(s) (from 05/2025 to 10/2026). | Cost is within (or close to) the originally approved budget. | Recent progress growth is stalled or negative (no measurable gain last month).
618341,Up-gradation to 2-lane with paved shoulders of Ngopa - Pawlrang section of NH 102B of Aizawl - Imphal Economic Corridor from Existing Chainage km 32.796 to km 72.030 [Design Chainage km 31.280 to km 68.170] in the State of Mizoram under Bharatmala Pariyojna on EPC mode under NHO-NE Package-2 Keifang- Tuivai Pkg-2,NHIDCL,Mizoram,2026-05,38.75,MEDIUM,25.0,75.0,0.0,75.0,Completion date has been revised by 16 month(s) (from 02/2025 to 06/2026). | Cost is within (or close to) the originally approved budget. | Recent progress growth is stalled or negative (no measurable gain last month).
618342,Rehabilitation and upgradation to 2 Lane with Paved shoulder of Economic corridor of NH-6 from Design chaiange Km 0.000 to Km 13.510 Package-1 in the state of Mizoram under Bharatmala Pariyojana on EPC mode,NHIDCL,Mizoram,2026-05,65.0,HIGH,100.0,75.0,0.0,75.0,Physical progress (0.0%) is 100.0 points below expected progress (100.0%). | Completion date has been revised by 24 month(s) (from 06/2022 to 06/2024). | Cost is within (or close to) the originally approved budget. | Recent progress growth is stalled or negative (no measurable gain last month).
618343,"Rehabilitation and Up gradation to 2-lane with paved shoulder of Keifang Section Economic Corridor of NH-06 from Existing Chainage Km 30050 Keifang to Km 50360 Keifang, Design Chainage Km 27400 to Km 45040 PkgIII in the State of Mizoram under Bharatmala Pariyojna on EPC Mode Seling-Dulte - III",NHIDCL,Mizoram,2026-05,72.5,HIGH,100.0,100.0,0.0,75.0,Physical progress (0.0%) is 100.0 points below expected progress (100.0%). | Completion date has been revised by 30 month(s) (from 06/2022 to 12/2024). | Cost is within (or close to) the originally approved budget. | Recent progress growth is stalled or negative (no measurable gain last month).
618344,Widening to 2-lane with Hard shoulder of Churachandpur to Tuivai Section of NH- 102B from Design Chainage 69.875 Km to 121.769 Km in the State of Manipur on EPC mode Package-3,NHIDCL,Manipur,2026-07,50.0,MEDIUM,50.0,100.0,0.0,25.0,Physical progress (85.8%) is 14.2 points below expected progress (100.0%). | Completion date has been revised by 40 month(s) (from 08/2023 to 12/2026). | Cost is within (or close to) the originally approved budget. | Recent progress growth is healthy (~1.12 points/month).
618345,Widening to 2-lane with Hard shoulder of Churachandpur to Tuivai Section from Km 48.587 to Km 69.875 in the State of Manipur on EPC mode under NHO Package-2B,NHIDCL,Manipur,2026-07,55.0,MEDIUM,50.0,100.0,0.0,75.0,Physical progress (88.2%) is 11.8 points below expected progress (100.0%). | Completion date has been revised by 48 month(s) (from 08/2022 to 08/2026). | Cost is within (or close to) the originally approved budget. | Recent progress growth is stalled or negative (no measurable gain last month).
618346,Widening to 2-lane with Hard shoulder of Churachandpur to Tuivai Section of NH- 102B from km 32.835 to km 48.587 in the State of Manipur on EPC mode under NHO Package-2A,NHIDCL,Manipur,2026-07,37.5,MEDIUM,0.0,100.0,0.0,75.0,Physical progress (100.0%) is on track or ahead of expected progress (100.0%). | Completion date has been revised by 50 month(s) (from 06/2022 to 08/2026). | Cost is within (or close to) the originally approved budget. | Recent progress growth is stalled or negative (no measurable gain last month).
618347,Widening to 2-lane with Hard shoulder of Churachandpur to Tuivai Section of NH- 102B from km 13.747 to km 32.835 in the State of Manipur on EPC mode under NHO Package-1B,NHIDCL,Manipur,2026-07,37.5,MEDIUM,0.0,100.0,0.0,75.0,Physical progress (100.0%) is on track or ahead of expected progress (100.0%). | Completion date has been revised by 50 month(s) (from 06/2022 to 08/2026). | Cost is within (or close to) the originally approved budget. | Recent progress growth is stalled or negative (no measurable gain last month).
618348,Balance work of Widening to 2 Two lane with hard shoulder of Churachandpur to Tuivai section of NH-102B from km 130.000 to km 141.029 Package-4B in the State of Manipur on EPC Mode,NHIDCL,Manipur,2026-07,37.5,MEDIUM,100.0,0.0,0.0,25.0,Physical progress (9.2%) is 57.5 points below expected progress (66.7%). | Completion date has not slipped versus the original plan. | Cost is within (or close to) the originally approved budget. | Recent progress growth is healthy (~1.72 points/month).
618349,Balance work of Widening to 2 Two lane with hard shoulder of Churachandpur to Tuivai section of NH-102B from Design Chainage km 118850 to km 130000 Package- 4A in the State of Manipur on EPC Mode,NHIDCL,Manipur,2026-07,37.5,MEDIUM,100.0,0.0,0.0,25.0,Physical progress (25.9%) is 65.7 points below expected progress (91.7%). | Completion date has not slipped versus the original plan. | Cost is within (or close to) the originally approved budget. | Recent progress growth is healthy (~1.27 points/month).
618350,Improvement & widening of existing NH-08 to 4-lane with Paved Shoulder from Champak Nagar to Khayerpur section design Km 242500 to Km 261610 in the state of Tripura on EPC basis under NHO-NE,NHIDCL,Tripura,2026-07,42.75,MEDIUM,75.0,30.0,0.0,75.0,Physical progress (48.3%) is 43.4 points below expected progress (91.7%). | Completion date has been revised by 6 month(s) (from 09/2026 to 03/2027). | Cost is within (or close to) the originally approved budget. | Recent progress growth is stalled or negative (no measurable gain last month).
618351,Widening & Upgradation to 2 lanes with paved shoulders road from Tamenglong to Mahur NH-137 in the State of Assam starting from km 156.489 near P. Leikul to km 176.410 near Borowapu on EPC mode under NHO-NE Assam portion Package-10,NHIDCL,Assam,2026-07,38.75,MEDIUM,25.0,75.0,0.0,75.0,Completion date has been revised by 13 month(s) (from 08/2025 to 09/2026). | Cost is within (or close to) the originally approved budget. | Recent progress growth is stalled or negative (no measurable gain last month).
618352,Widening & Upgradation to 2 lanes with paved shoulders road from Tamenglong to Mahur NH-137 in the State of Assam starting from km 136.500 near Hejaichak to km 156.489 near P. Leikul Package-9 on EPC mode under NHO-NE Package-9,NHIDCL,Assam,2026-07,47.5,MEDIUM,50.0,75.0,0.0,75.0,Physical progress (87.5%) is 12.5 points below expected progress (100.0%). | Completion date has been revised by 13 month(s) (from 08/2025 to 09/2026). | Cost is within (or close to) the originally approved budget. | Recent progress growth is stalled or negative (no measurable gain last month).
618353,Widening & Upgradation to 2-lanes with paved shoulders road from Tamenglong to Mahur NH-137 in the State of Assam starting from km 116.480 near Hangrum to km 136.500 near Hejaichak Package-8 on EPC mode under NHO-NE Package 8,NHIDCL,Assam,2026-07,47.5,MEDIUM,50.0,75.0,0.0,75.0,Physical progress (85.2%) is 14.8 points below expected progress (100.0%). | Completion date has been revised by 13 month(s) (from 08/2025 to 09/2026). | Cost is within (or close to) the originally approved budget. | Recent progress growth is stalled or negative (no measurable gain last month).
618354,Wideinig & Upgradation to 2-lanes with paved shoulders road from Tamenglong to Mahur NH-137 in the State of Assam starting from km 96.870 near Jiri River to km 116.550 near Hangrum Package-7 on EPC mode Package7,NHIDCL,Assam,2026-07,31.25,MEDIUM,25.0,50.0,0.0,75.0,Completion date has been revised by 9 month(s) (from 03/2026 to 12/2026). | Cost is within (or close to) the originally approved budget. | Recent progress growth is stalled or negative (no measurable gain last month).
618355,"Construction of of 2 -Lane with paved shoulders road from Tamenglong-Tousem- Lisang-Mahur Road NH-137 starting near Dialong Village from km 10.000 at Dialong to km 31.430 near Old Tamenglong , near Barak River on EPC Mode Package-2",NHIDCL,Manipur,2026-07,46.25,MEDIUM,25.0,100.0,0.0,75.0,Completion date has been revised by 36 month(s) (from 03/2023 to 03/2026). | Cost is within (or close to) the originally approved budget. | Recent progress growth is stalled or negative (no measurable gain last month).
618356,Construction of 2 -Lane with paved shoulders road from Tamenglong to Mahur in the state of Manipur from km 31.430 at Old Tamenglong to km 43.480 ending near Phelong on EPC Mode Package-3,NHIDCL,Manipur,2026-07,46.25,MEDIUM,25.0,100.0,0.0,75.0,Completion date has been revised by 40 month(s) (from 12/2022 to 04/2026). | Cost is within (or close to) the originally approved budget. | Recent progress growth is stalled or negative (no measurable gain last month).
618357,Construction of 2 -Lane with paved shoulders road from Tamenglong to Mahur NH- 137 in Manipur starting from km 54.180 near Azuram to km 80.630 near Mandeu on EPC Mode Package 5,NHIDCL,Manipur,2026-07,55.0,MEDIUM,50.0,100.0,0.0,75.0,Physical progress (84.9%) is 15.1 points below expected progress (100.0%). | Completion date has been revised by 32 month(s) (from 05/2023 to 01/2026). | Cost is within (or close to) the originally approved budget. | Recent progress growth is stalled or negative (no measurable gain last month).
618358,Construction of 2 -Lane with paved shoulders road from Tamenglong to Mahur NH- 137 starting from km 80.630 near Mandeu to km 96.870 near Jiri River on EPC Mode Package-6,NHIDCL,Manipur,2026-07,57.5,MEDIUM,50.0,100.0,0.0,100.0,Physical progress (86.9%) is 13.1 points below expected progress (100.0%). | Completion date has been revised by 31 month(s) (from 05/2023 to 12/2025). | Cost is within (or close to) the originally approved budget. | Recent progress growth is stalled or negative (no measurable gain last month).
618359,Widening/Improvement to 4-Lane with Paved Shoulder from km 55000 Nagabang Gamsuk to km 82514 Oyan in the State of Assam and Arunachal Pradesh on EPC mode under Bharatmala Pariyojna of Length 27.514 Km Package-3,NHIDCL,"Multi-States (Arunachal Pradesh, Assam)",2026-07,7.5,LOW,0.0,0.0,0.0,75.0,Physical progress (96.7%) is on track or ahead of expected progress (73.3%). | Completion date has not slipped versus the original plan. | Cost is within (or close to) the originally approved budget. | Recent progress growth is stalled or negative (no measurable gain last month).
618362,Construction of 2-laning with hard shoulder of Lunglei to Chhumkhum from Design Chainage Km 0.000 to Km 37.420 of NH-302 [Lunglei-Tlabung] Package-A,NHIDCL,Mizoram,2026-07,63.75,HIGH,75.0,100.0,0.0,75.0,Physical progress (64.8%) is 35.2 points below expected progress (100.0%). | Completion date has been revised by 47 month(s) (from 12/2022 to 11/2026). | Cost is within (or close to) the originally approved budget. | Recent progress growth is stalled or negative (no measurable gain last month).
618363,Construction of 2-laning with hard shoulder configuration of Chhumkhum to Tlabung from Design Chainage Km 37.420 to Km 74.950 of NH-302 in Mizoram under Bharatmala Pariyojana on EPC mode [Pkg-B],NHIDCL,Mizoram,2026-07,63.75,HIGH,75.0,100.0,0.0,75.0,Physical progress (61.3%) is 38.7 points below expected progress (100.0%). | Completion date has been revised by 47 month(s) (from 01/2023 to 12/2026). | Cost is within (or close to) the originally approved budget. | Recent progress growth is stalled or negative (no measurable gain last month).
618364,"Widening to 2 Lane with Hard shoulder of Akegwo-Avangkhu section of NH-202K for Package-I Design Chainage 0000 Km to 34795 Km, in the State of Nagaland on EPC mode under NH O-NE",NHIDCL,Nagaland,2026-07,25.0,LOW,50.0,0.0,0.0,75.0,Physical progress (87.0%) is 13.0 points below expected progress (100.0%). | Completion date has not slipped versus the original plan. | Cost is within (or close to) the originally approved budget. | Recent progress growth is stalled or negative (no measurable gain last month).
618365,Widening to 2 Lane with Hard shoulder of Akegwo-Avangkhu section of NH-202K for Package-III Design Chainage 69875 Km to 106816 Km in the State of Nagaland on EPC mode under NHO-NE,NHIDCL,Nagaland,2026-07,25.0,LOW,50.0,0.0,0.0,75.0,Physical progress (85.7%) is 14.3 points below expected progress (100.0%). | Completion date has not slipped versus the original plan. | Cost is within (or close to) the originally approved budget. | Recent progress growth is stalled or negative (no measurable gain last month).
618366,Widening to 2 Lane with Hard shoulder of Akegwo-Avangkhu section of NH-202K for Package-II Design Chainage 34795 Km to 69875 Km in the State of Nagaland on EPC mode under NHO-NE,NHIDCL,Nagaland,2026-07,33.75,MEDIUM,75.0,0.0,0.0,75.0,Physical progress (58.5%) is 41.5 points below expected progress (100.0%). | Completion date has not slipped versus the original plan. | Cost is within (or close to) the originally approved budget. | Recent progress growth is stalled or negative (no measurable gain last month).
618367,Improvement and Widening to 2-lane with paved shoulder of road from design Km 72.000 Pati Chhari to design Km 107.654 Harina Total length 35.654 Km on Teliamura to Harina section of NH 208 in the state of Tripura on EPC mode under JICA ODA Loan Phase VI Package-4,NHIDCL,Tripura,2026-07,49.0,MEDIUM,100.0,30.0,0.0,50.0,Physical progress (9.5%) is 69.7 points below expected progress (79.2%). | Completion date has been revised by 6 month(s) (from 12/2026 to 06/2027). | Cost is within (or close to) the originally approved budget. | Recent progress growth is low (~0.17 points/month).
618368,Improvement and Widening to 2-lane with paved shoulder of road from design Km 36.000 Rangamati to design Km 72.000 Pati Chhari Total length 36.000 Km on Teliamura to Harina section of NH 208 in the state of Tripura on EPC mode under JICA ODA Loan Phase VI Package-3,NHIDCL,Tripura,2026-07,55.0,MEDIUM,100.0,50.0,0.0,50.0,Physical progress (14.7%) is 77.0 points below expected progress (91.7%). | Completion date has been revised by 8 month(s) (from 09/2026 to 05/2027). | Cost is within (or close to) the originally approved budget. | Recent progress growth is low (~0.20 points/month).
618369,Improvement and Widening to 2-lane with paved shoulder of road from existing Km 438.170 Khowai Chowmuhani to existing Km 439.410 South Pulinpur of NH-08 and from design Km 0.000 South Pulinpur to design Km 36.00 near Rangamati of NH 208 on Khowai Teliamura- Harina section Total length 37.24 in the state of Tripura on EPC mode under JICA ODA Loan Phase VI Package-2,NHIDCL,Tripura,2026-07,40.25,MEDIUM,75.0,30.0,0.0,50.0,Physical progress (60.7%) is 31.0 points below expected progress (91.7%). | Completion date has been revised by 6 month(s) (from 09/2026 to 03/2027). | Cost is within (or close to) the originally approved budget. | Recent progress growth is low (~0.20 points/month).
618370,Improvement and Widening to 2-lane with paved shoulder of road from Km 101.300 to km 127.319 Total Length 26.019 Km i.e. the Khowai Teliamura-Amarpur-Harina- Sabroom section of NH 208 in the state of Tripura on EPC under JICA ODA Loan Phase VI Package-1,NHIDCL,Tripura,2026-07,48.75,MEDIUM,75.0,50.0,0.0,75.0,Physical progress (63.1%) is 36.9 points below expected progress (100.0%). | Completion date has been revised by 9 month(s) (from 07/2026 to 04/2027). | Cost is within (or close to) the originally approved budget. | Recent progress growth is stalled or negative (no measurable gain last month).
618371,"Widening/Improvement to 4-Lane with Paved Shoulder configuration of existing single lane road from Srirampur near Bhairiguri Village to Kachukhana Harichara Paglagaunj Package-I of Srirampur - Dhubri Section of NH-127B from existing Km 0.000 to Km 28.050 Design Km 0.000 to Km 27.650, Design Length27.650 Km under JICA ODA Loan assistance Phase-V -Balance work",NHIDCL,Assam,2026-07,7.5,LOW,0.0,0.0,0.0,75.0,Physical progress (89.5%) is on track or ahead of expected progress (83.3%). | Completion date has not slipped versus the original plan. | Cost is within (or close to) the originally approved budget. | Recent progress growth is stalled or negative (no measurable gain last month).
618372,"Widening / Improvement to 4-Lane with Paved Shoulder configuration of existing single lane road from Kachukhana Harichara Paglagaunj to Dhubri - Phulbari Bridge approach Package-II of Srirampur - Dhubri Section of NH-127B from existing Km 28.050 to Km 55.060 Design Km 27.650 to Km 54.154, Design Length26.504 Km under JICA ODA Loan assistance Phase-V [Srirampur - Dhubri Pkg-2]",NHIDCL,Assam,2026-05,16.5,LOW,0.0,30.0,0.0,75.0,Physical progress (100.0%) is on track or ahead of expected progress (100.0%). | Completion date has been revised by 5 month(s) (from 01/2025 to 06/2025). | Cost is within (or close to) the originally approved budget. | Recent progress growth is stalled or negative (no measurable gain last month).
618373,"Construction of 4-Lane Bridge including approaches over River Brahmaputra between Dhubri on North Bank,Assam and Phulbari on south Bank,Meghalaya on NH-127B under JICA ODA Loan assistance Phase-III",NHIDCL,Assam,2026-07,7.5,LOW,0.0,0.0,0.0,75.0,Physical progress (77.1%) is on track or ahead of expected progress (72.0%). | Completion date has not slipped versus the original plan. | Cost is within (or close to) the originally approved budget. | Recent progress growth is stalled or negative (no measurable gain last month).
618374,Improvement/Widening to 2-L with Paved Shoulder/ 4-Laning of NH-40 section from Km 151330 to Km 163400 design Km 63.530 to Km 71.520 including Dawki Bridge of length 368 m between Shillong-Dawki under JICA ODA Loan assistance Phase-II Pkg- 5 -Balance work,NHIDCL,Meghalaya,2026-07,31.25,MEDIUM,75.0,0.0,0.0,50.0,Physical progress (42.9%) is 43.8 points below expected progress (86.7%). | Completion date has not slipped versus the original plan. | Cost is within (or close to) the originally approved budget. | Recent progress growth is low (~0.99 points/month).
618375,Improvement/Widening to 2-Lane with Paved Shoulder from design Km 45.760 to Km 63.530 between Shillong-Dawki under JICA ODA Loan assistance Phase-II -Balance work Pkg-4,NHIDCL,Meghalaya,2026-07,40.25,MEDIUM,75.0,30.0,0.0,50.0,Physical progress (53.4%) is 46.6 points below expected progress (100.0%). | Completion date has been revised by 6 month(s) (from 04/2026 to 10/2026). | Cost is within (or close to) the originally approved budget. | Recent progress growth is low (~0.22 points/month).
618376,Improvement/Widening to 2-Lane with Paved Shoulder between Shillong-Dawki road up to Bangladesh Border from design Km 10.670 to Km 37.550 under JICA ODA Loan assistance Phase-II -Balance Work-Pkg-2,NHIDCL,Meghalaya,2026-07,35.25,MEDIUM,75.0,30.0,0.0,0.0,Physical progress (53.2%) is 43.5 points below expected progress (96.7%). | Completion date has been revised by 4 month(s) (from 08/2026 to 12/2026). | Cost is within (or close to) the originally approved budget. | Recent progress growth is healthy (~2.19 points/month).
618377,Improvement/Widening to 2-L with Paved Shoulder/4-L from Km 81740 to Km 93490 design Km 0000 to Km 10670 of NH-40 New NH-106 & 206 section & 4-L from design Km 0.00 to Km 0.930 of NH-44 section between Shillong-Dawki under JICA ODA Loan assistance Phase-II -Balance Work Pkg-1,NHIDCL,Meghalaya,2026-07,22.5,LOW,0.0,50.0,0.0,75.0,Physical progress (100.0%) is on track or ahead of expected progress (100.0%). | Completion date has been revised by 8 month(s) (from 10/2025 to 06/2026). | Cost is within (or close to) the originally approved budget. | Recent progress growth is stalled or negative (no measurable gain last month).
618379,Widening and Up-gradation to 2- Lane with Paved Shoulder Configuration and geometric improvement from Km. 208. 000 to Km 250.000 Package-5 on Aizawl Tuipang Section of NH-54 in the State of Mizoram Package-5,NHIDCL,Mizoram,2026-07,46.25,MEDIUM,25.0,100.0,0.0,75.0,Completion date has been revised by 38 month(s) (from 04/2023 to 06/2026). | Cost is within (or close to) the originally approved budget. | Recent progress growth is stalled or negative (no measurable gain last month).
618380,Widening and Up-gradation to 2- Lane with Paved Shoulder Configuration and geometric improvement from Km. 125. 000 to Km 166 Package-3 on Aizawl Tuipang Section of NH-54 in the State of Mizoram Package-3,NHIDCL,Mizoram,2026-07,46.25,MEDIUM,25.0,100.0,0.0,75.0,Completion date has been revised by 38 month(s) (from 04/2023 to 06/2026). | Cost is within (or close to) the originally approved budget. | Recent progress growth is stalled or negative (no measurable gain last month).
618381,Widening and up-gradation to 2-lane with paved shoulder configuration and geometric improvements from km 250.00 Lunglei to km 298.00 on Aizawl-Tuipang section under JICA ODA Loan assistance Phase-I Package-6,NHIDCL,Mizoram,2026-05,38.75,MEDIUM,25.0,75.0,0.0,75.0,Completion date has been revised by 23 month(s) (from 06/2023 to 05/2025). | Cost is within (or close to) the originally approved budget. | Recent progress growth is stalled or negative (no measurable gain last month).
618382,Widening and up-gradation to 2-lane with paved shoulder configuration and geometric improvements from km 298.00 to km 339.00 on Aizawl-Tuipang section under JICA ODA Loan assistance Phase-I Package-7,NHIDCL,Mizoram,2026-05,46.25,MEDIUM,0.0,75.0,65.0,75.0,Physical progress (100.0%) is on track or ahead of expected progress (100.0%). | Completion date has been revised by 13 month(s) (from 04/2024 to 05/2025). | Cost overrun of 23.9% (original Rs. 605.76 Cr -> revised Rs. 750.32 Cr). | Recent progress growth is stalled or negative (no measurable gain last month).
618383,Widening and up-gradation to 2-lane with paved shoulder configuration and geometric improvements from km 339.00 to km 380.00 Siaha on Aizawl-Tuipang section under JICA ODA Loan assistance Phase-I Package-8,NHIDCL,Mizoram,2026-07,46.25,MEDIUM,25.0,100.0,0.0,75.0,Completion date has been revised by 33 month(s) (from 09/2023 to 06/2026). | Cost is within (or close to) the originally approved budget. | Recent progress growth is stalled or negative (no measurable gain last month).
618384,Widening and Up-gradation to 2- Lane with Paved Shoulder Configuration and geometric improvement from Km. 166. 000 to Km 208.000 Package-4 on Aizawl Tuipang Section of NH-54 in the State of Mizoram Package-4,NHIDCL,Mizoram,2026-05,38.75,MEDIUM,25.0,75.0,0.0,75.0,Completion date has been revised by 24 month(s) (from 04/2023 to 04/2025). | Cost is within (or close to) the originally approved budget. | Recent progress growth is stalled or negative (no measurable gain last month).
618385,Rehabilitation and up-gradation of road from design km 25.250 to km 36.460 Total lengh 11.210 km of Kailashahar-Kurti Bridge section on NH-208A to 2-lane with paved shoulder on EPC basis under NHO Package-III- Balance Work,NHIDCL,Tripura,2026-07,26.25,LOW,75.0,0.0,0.0,0.0,Physical progress (53.1%) is 46.9 points below expected progress (100.0%). | Completion date has not slipped versus the original plan. | Cost is within (or close to) the originally approved budget. | Recent progress growth is healthy (~11.24 points/month).
618386,Rehabilitation & Upgradation of Road from Km 0.00 to Km 18.600 Total length-18.600 km of Kumarghat-Kailashahar section on NH-208 to 2-lane with Paved shoulder on EPC bais under NHO,NHIDCL,Tripura,2026-05,82.5,HIGH,100.0,100.0,40.0,75.0,Physical progress (0.0%) is 100.0 points below expected progress (100.0%). | Completion date has been revised by 33 month(s) (from 01/2022 to 10/2024). | Cost overrun of 8.8% (original Rs. 277.50 Cr -> revised Rs. 302.03 Cr). | Recent progress growth is stalled or negative (no measurable gain last month).
618387,Construction of 2-laning with Hard shoulder of Ukhrul Tolloi - Tadubi section of NH- 102A from Design Chainage km 9450 to km 50850 in the State of Manipur on EPC mode under NHO-NE Package-2,NHIDCL,Manipur,2026-07,37.5,MEDIUM,50.0,50.0,0.0,50.0,Physical progress (80.0%) is 20.0 points below expected progress (100.0%). | Completion date has been revised by 9 month(s) (from 03/2026 to 12/2026). | Cost is within (or close to) the originally approved budget. | Recent progress growth is low (~0.02 points/month).
618388,Construction of 2-laning with Hard shoulder road of Ukhrul - Tolloi - Tadubi section of NH-102A from Design Chainage 50.850 km to 81.870 km in the State of Manipur on EPC mode under NHO-TSP Package -3,NHIDCL,Manipur,2026-07,31.25,MEDIUM,25.0,75.0,0.0,0.0,Completion date has been revised by 23 month(s) (from 01/2025 to 12/2026). | Cost is within (or close to) the originally approved budget. | Recent progress growth is healthy (~3.39 points/month).
618389,Construction of 2-laning with Hard shoulder road of Ukhrul - Tolloi - Tadubi section of NH-102A from Design Chainage 81.870 km to 105.825 km in the State of Manipur on EPC mode under NHO-TSP Package -4,NHIDCL,Manipur,2026-07,46.25,MEDIUM,25.0,100.0,0.0,75.0,Completion date has been revised by 30 month(s) (from 02/2024 to 08/2026). | Cost is within (or close to) the originally approved budget. | Recent progress growth is stalled or negative (no measurable gain last month).
618390,"Construction, Operation & Maintenance of 2-L Bi-directional Silkyara Bend- Barkot Tunnel with escape passage including approaches Tunnel-4.531 & Approach road- 0.328 on Dharasu-Yamunotri section b/w Chainage 25.400km and 51.00km falling along NH-134 Old NH-94 on EPC mode",NHIDCL,Uttarakhand,2026-07,47.5,MEDIUM,50.0,100.0,0.0,0.0,Physical progress (76.0%) is 24.0 points below expected progress (100.0%). | Completion date has been revised by 56 month(s) (from 07/2022 to 03/2027). | Cost is within (or close to) the originally approved budget. | Recent progress growth is healthy (~2.53 points/month).
618391,"Construction for Mitigation Measures of 5 Nos. Landslides, 05 No. Sinking Zones and 01 No. Bridge from Ch. 450.00 to Ch. 468.00 18 Km. Length on NH-07 Package-III",NHIDCL,Uttarakhand,2026-07,45.0,MEDIUM,50.0,75.0,0.0,50.0,Physical progress (88.1%) is 11.9 points below expected progress (100.0%). | Completion date has been revised by 14 month(s) (from 12/2025 to 02/2027). | Cost is within (or close to) the originally approved budget. | Recent progress growth is low (~0.55 points/month).
618392,"Construction for Mitigation Measures of 5 Nos. Landslides, 5 Nos. Sinking Zones in between Ch. 433.00 to 450.00 BANERPANI VILLAGE on NH-07 on EPC mode in the state of Uttarakhand Package-2",NHIDCL,Uttarakhand,2026-07,41.25,MEDIUM,75.0,50.0,0.0,0.0,Physical progress (68.5%) is 31.6 points below expected progress (100.0%). | Completion date has been revised by 7 month(s) (from 06/2026 to 01/2027). | Cost is within (or close to) the originally approved budget. | Recent progress growth is healthy (~4.22 points/month).
618393,"Construction for Mitigation Measures of 10 Nos. Landslides, 01 No. Sinking Zones and 1 No. of Minor Bridge in between at Ch. Km 368.00 to Km 433.00 on NH-07 on EPC Mode in Uttarakhand Package-1",NHIDCL,Uttarakhand,2026-07,11.25,LOW,25.0,0.0,0.0,25.0,Completion date has not slipped versus the original plan. | Cost is within (or close to) the originally approved budget. | Recent progress growth is healthy (~1.36 points/month).
618394,Up-gradation to 2-lane with Paved Shoulder from Km 12.850 to Km20.300 of 7.450Km length on Goha-Khellani section and a link road to Goha village of 2.016 km on NH- 244 in UT of Jammu and Kashmir on EPC Mode Pkg-1,NHIDCL,Jammu and Kashmir,2026-07,46.25,MEDIUM,25.0,100.0,0.0,75.0,Completion date has been revised by 54 month(s) (from 04/2022 to 10/2026). | Cost is within (or close to) the originally approved budget. | Recent progress growth is stalled or negative (no measurable gain last month).
618395,"Construction & Upgradation to 2-lane with paved shoulder from Design Ch. Km 51700 at Premnagar km 66315 to Km 66535 New Thatri at Start of Km 83rd, Tunnel Km 82665 of 14.835 Km design length on Chenani-Sudhmahadev-Goha Khellani- Kishtwar-Vailoo Donipawa-Ashajipora section of NH-244 in the UT of J&K on EPC Mode under NHO-Gen Pkg - 2",NHIDCL,Jammu and Kashmir,2026-07,63.75,HIGH,75.0,100.0,0.0,75.0,Physical progress (53.5%) is 46.5 points below expected progress (100.0%). | Completion date has been revised by 44 month(s) (from 02/2023 to 10/2026). | Cost is within (or close to) the originally approved budget. | Recent progress growth is stalled or negative (no measurable gain last month).
618396,Construction & Upgradation to 2 lane with paved shoulder from Design Km. 31.449 Khellani Ex. Km 44.946 to Km 51.700 Prem Nagar Ex. Km 68617 of 20.251 Km length on Khellani - Kishtwar - Chattroo section of NH-244 in the UT of J&K on EPC Mode under NHO-Gen PKG- 1,NHIDCL,Jammu and Kashmir,2026-05,72.5,HIGH,100.0,100.0,0.0,75.0,Physical progress (0.0%) is 100.0 points below expected progress (100.0%). | Completion date has been revised by 26 month(s) (from 08/2022 to 10/2024). | Cost is within (or close to) the originally approved budget. | Recent progress growth is stalled or negative (no measurable gain last month).
618397,Widening and Up-gradation to 2-Lane with Paved Shoulder of configuration and geometric improvement from Km 0.000 to Km 16.990 on Chenani Sudhmahadev section of NH-244 in UT of Jammu and Kashmir to be executed on EPC basis,NHIDCL,Jammu and Kashmir,2026-07,46.25,MEDIUM,25.0,100.0,0.0,75.0,Completion date has been revised by 61 month(s) (from 11/2020 to 12/2025). | Cost is within (or close to) the originally approved budget. | Recent progress growth is stalled or negative (no measurable gain last month).
618398,Up-gradation to 2-lane with Paved Shoulder from Km 20.300 to Km 29.030 of 8.730 Km length on Goha-Khellani section on NH-244 in UT of Jammu and Kashmir on EPC Mode Package II,NHIDCL,Jammu and Kashmir,2026-07,46.25,MEDIUM,25.0,100.0,0.0,75.0,Completion date has been revised by 50 month(s) (from 04/2022 to 06/2026). | Cost is within (or close to) the originally approved budget. | Recent progress growth is stalled or negative (no measurable gain last month).
618399,Construction of Kishtwar bypass with 2 lane with paved shoulder from Design Km. 80.675 Dulhasti to km 95.550 Bandarkoot of 14.88 km & a link road to Kishtwar town from 0000 to 1.871 of length1.871 Km on Khellani - Kishtwar - Chattroo section in UT of Jammu and Kashmir on EPC Mode Pkg-4,NHIDCL,Jammu and Kashmir,2026-07,63.75,HIGH,75.0,100.0,0.0,75.0,Physical progress (50.6%) is 49.4 points below expected progress (100.0%). | Completion date has been revised by 46 month(s) (from 08/2023 to 06/2027). | Cost is within (or close to) the originally approved budget. | Recent progress growth is stalled or negative (no measurable gain last month).
618400,Construction & Upgradation to 2-lane with paved shoulder from Design Km 67.805 at the end of Km 83rd Tunnel near Dhrabshalla Ex. Km 83905 to Km 80.675 start of Kishtwar Bypass - Dulhasti Ex. Km 970751 of 12.870 Km length on chenani- Sudhmahadev-Goha Khellani-Kishtwar-vailoo-Donipawa-Ashajipora seition of NH-244 in the UT of J&K on EPC Mode under NHO-Gen Pkg-3,NHIDCL,Jammu and Kashmir,2026-07,46.25,MEDIUM,25.0,100.0,0.0,75.0,Completion date has been revised by 32 month(s) (from 12/2022 to 08/2025). | Cost is within (or close to) the originally approved budget. | Recent progress growth is stalled or negative (no measurable gain last month).
618401,"Construction of Intermediate Lane with Hard Shoulder of Hunli to Hayuliang Package- III from design Km 60.000 to Km 121.500 Design Length 61.500 km, Greenfield Section of Frontier Highway NH-913 in the State of Arunachal Pradesh on EPC Mode Pkg-3",NHIDCL,Arunachal Pradesh,2026-07,33.75,MEDIUM,75.0,0.0,0.0,75.0,Physical progress (1.7%) is 31.6 points below expected progress (33.3%). | Completion date has not slipped versus the original plan. | Cost is within (or close to) the originally approved budget. | Recent progress growth is stalled or negative (no measurable gain last month).
618402,"Construction of Intermediate Lane with Hard Shoulder of Hunli to Hayuliang from Design Km 0.000 to Km 53.000 Design Length 53.000 km, Greenfield Section of Frontier Highway NH-913 in the State of Arunachal Pradesh on EPC Mode Package-I",NHIDCL,Arunachal Pradesh,2026-07,37.75,MEDIUM,75.0,30.0,0.0,25.0,Physical progress (19.1%) is 26.6 points below expected progress (45.7%). | Completion date has been revised by 1 month(s) (from 02/2028 to 03/2028). | Cost is within (or close to) the originally approved budget. | Recent progress growth is healthy (~1.03 points/month).
618403,Construction of Intermediate Lane Road with hard shoulder from design Km 0.000 to Km 17.387 Total length 17.387 km of Hunli to Ithun Bridge section on NH-913 Frontier Highway in State of Arunachal Pradesh on EPC mode under NHO-NE,NHIDCL,Arunachal Pradesh,2026-07,17.5,LOW,50.0,0.0,0.0,0.0,Physical progress (56.2%) is 18.8 points below expected progress (75.0%). | Completion date has not slipped versus the original plan. | Cost is within (or close to) the originally approved budget. | Recent progress growth is healthy (~2.07 points/month).
618404,Construction of lntermediate Lane Road with hard shoulder from design chainage Km 0.000 to Km 53.040 Existing Length68.500 Km & Total Design length 53.04 km of Tato to Monigong section of NH-913 Frontier Highway on Nafra Bomdila to Vijaynagar along China border in state of Arunachal pradesh on EPC mode,NHIDCL,Arunachal Pradesh,2026-07,22.5,LOW,50.0,0.0,0.0,50.0,Physical progress (22.8%) is 23.9 points below expected progress (46.7%). | Completion date has not slipped versus the original plan. | Cost is within (or close to) the originally approved budget. | Recent progress growth is low (~0.84 points/month).
618405,"Construction of Intermediate Lane of Pango to Jorging Road from 0000 to Design Km Design Km 40000 Design Length 40.00 Km, Pkg-l, Greenfield Alignment in the State of Arunachal Pradesh on EPC mode Pkg-1",NHIDCL,Arunachal Pradesh,2026-07,22.5,LOW,50.0,0.0,0.0,50.0,Physical progress (39.9%) is 20.1 points below expected progress (60.0%). | Completion date has not slipped versus the original plan. | Cost is within (or close to) the originally approved budget. | Recent progress growth is low (~0.06 points/month).
618406,Up-gradation to 4-lane with Paved Shoulder of Jammu-Akhnoor road section of NH- 144A from Ganesh Vihar Km 6.000 to Khati Chowk Km 26.350 in UT of Jammu and Kashmir on EPC basis Pkg-3A,NHIDCL,Jammu and Kashmir,2026-07,43.75,MEDIUM,25.0,100.0,0.0,50.0,Completion date has been revised by 64 month(s) (from 07/2021 to 11/2026). | Cost is within (or close to) the originally approved budget. | Recent progress growth is low (~0.29 points/month).
618407,Jammu-Akhnoor Road Pkg-I,NHIDCL,Jammu and Kashmir,2026-07,47.5,MEDIUM,50.0,75.0,0.0,75.0,Physical progress (75.3%) is 24.7 points below expected progress (100.0%). | Completion date has been revised by 21 month(s) (from 01/2025 to 10/2026). | Cost is within (or close to) the originally approved budget. | Recent progress growth is stalled or negative (no measurable gain last month).
618408,Kargil Zanskar Road,NHIDCL,Ladakh,2026-07,38.75,MEDIUM,25.0,100.0,0.0,0.0,Completion date has been revised by 43 month(s) (from 01/2023 to 08/2026). | Cost is within (or close to) the originally approved budget. | Recent progress growth is healthy (~2.08 points/month).
618409,Widening & Up-gradation to 2 lane with Paved shoulder of NH-301 Kargil- Zanskar Road from Design km 57.000 Ex. Km. 57.905 to Km 87.000 Ex. Km. 88.2491 of 30.000 Km length Pkg-lll,NHIDCL,Ladakh,2026-07,41.25,MEDIUM,25.0,100.0,0.0,25.0,Completion date has been revised by 43 month(s) (from 01/2023 to 08/2026). | Cost is within (or close to) the originally approved budget. | Recent progress growth is healthy (~1.71 points/month).
618410,Widening & Up-gradation to 2 lane with paved shoulder of NH-301 Kargil- Zanskar Road from Design Km .30.040 Ex. Km. 30.000 to Design Km 57.000 Ex. Km. 57.905 of 26.960 Km length Pkg-II,NHIDCL,Ladakh,2026-07,52.5,MEDIUM,50.0,100.0,0.0,50.0,Physical progress (84.9%) is 15.1 points below expected progress (100.0%). | Completion date has been revised by 45 month(s) (from 01/2023 to 10/2026). | Cost is within (or close to) the originally approved budget. | Recent progress growth is low (~0.26 points/month).
618411,Melaghar-Srimantapur section on NH-08 Spur from Km 23 to Km 34.500 11.5 Km and overlay from Km 20.30 to Km 22.00 1.7 Km Total Length 13.2 Km,NHIDCL,Tripura,2026-07,56.25,MEDIUM,75.0,75.0,0.0,75.0,Physical progress (72.5%) is 27.5 points below expected progress (100.0%). | Completion date has been revised by 23 month(s) (from 11/2024 to 10/2026). | Cost is within (or close to) the originally approved budget. | Recent progress growth is stalled or negative (no measurable gain last month).
618412,Construction of i Connecting Road from Z-Morh Tunnel to Zojila Tunnel Road Length 18.475km and ii 14.150 Km long 2-L Bi-directional single tube Zoji-la Tunnel across Zojila Pass on Sonamarg - Kargil section from Km 82 to Km 118 of NH-01 under PMDP,NHIDCL,Andhra Pradesh,2026-07,56.25,MEDIUM,75.0,75.0,0.0,75.0,Physical progress (68.8%) is 28.4 points below expected progress (97.2%). | Completion date has been revised by 17 month(s) (from 09/2026 to 02/2028). | Cost is within (or close to) the originally approved budget. | Recent progress growth is stalled or negative (no measurable gain last month).
618413,Construction of 2 laning with Hard shoulder of Peren-Dimapur section on NH 129A from Design Km 146.208 to Km 163.592 Length- 17.384 km in the state of Nagaland on EPC mode under NHO-TSP Package-III,NHIDCL,Nagaland,2026-07,48.75,MEDIUM,25.0,75.0,40.0,75.0,Completion date has been revised by 14 month(s) (from 06/2025 to 08/2026). | Cost overrun of 11.9% (original Rs. 177.77 Cr -> revised Rs. 199.02 Cr). | Recent progress growth is stalled or negative (no measurable gain last month).
618414,Construction of Balance work for 2-lane with hard shoulder of Peren- Dimapur section on NH-129A from Design Km 126.775 to Km 146.208 Length 19.433 Km in the state of Nagaland on EPC mode under NHO-TSP Package-II,NHIDCL,Nagaland,2026-07,16.25,LOW,25.0,0.0,0.0,75.0,Completion date has not slipped versus the original plan. | Cost is within (or close to) the originally approved budget. | Recent progress growth is stalled or negative (no measurable gain last month).
618415,"Improvement of existing road to 2 laning with Hard Shoulders of Maram-Peren section Package-1B, length- 17.660 km from Design Chainage 22.340 km to 40.000 km on NH-129A in the State of Manipur on EPC mode",NHIDCL,Manipur,2026-07,37.5,MEDIUM,0.0,100.0,0.0,75.0,Physical progress (100.0%) is on track or ahead of expected progress (100.0%). | Completion date has been revised by 39 month(s) (from 12/2022 to 03/2026). | Cost is within (or close to) the originally approved budget. | Recent progress growth is stalled or negative (no measurable gain last month).
618416,"Improvement of existing road to 2 laning with Hard Shoulders of Maram -Peren section Package-1A, length- 22.340Km from Design Chainage 0.000 km to 22.340 km on NH-129A in the State of Manipur on EPC mode",NHIDCL,Manipur,2026-07,55.0,MEDIUM,50.0,100.0,0.0,75.0,Physical progress (75.1%) is 24.9 points below expected progress (100.0%). | Completion date has been revised by 51 month(s) (from 12/2022 to 03/2027). | Cost is within (or close to) the originally approved budget. | Recent progress growth is stalled or negative (no measurable gain last month).
618417,"Construction of 4-Lane with paved shoulder Agartala bypass Western side, length 25.402 km connecting NH-8 near Amtali to NH-108B near Lembuchhera in the state of Tripura on EPC basis under NHO-NE",NHIDCL,Tripura,2026-07,42.5,MEDIUM,100.0,0.0,0.0,75.0,Physical progress (9.2%) is 68.6 points below expected progress (77.8%). | Completion date has not slipped versus the original plan. | Cost is within (or close to) the originally approved budget. | Recent progress growth is stalled or negative (no measurable gain last month).
618418,Rehabilitation and up gradation of Nongstoin-Rambrai-Kyrshai road up to Meghalaya- Assam border from Km 0.335 to km 34.039 to 2-Lane under NHO - NE in the State of Meghalaya Package-1,NHIDCL,Meghalaya,2026-07,52.5,MEDIUM,50.0,100.0,0.0,50.0,Physical progress (83.0%) is 16.9 points below expected progress (100.0%). | Completion date has been revised by 31 month(s) (from 05/2024 to 12/2026). | Cost is within (or close to) the originally approved budget. | Recent progress growth is low (~0.03 points/month).
618419,"Construction of 2-Lane with paved shoulders of Shillong Western Bypass starting from NH-06 near Ladumsaw existing Km 60.900 of old NH40 to NH106 old NH 44E Package-III, from km 24700 to km 38256 under SARDP-NE PHASE A in the state of Meghalaya on EPC Mode Greenfield alignment",NHIDCL,Meghalaya,2026-07,31.25,MEDIUM,75.0,0.0,0.0,50.0,Physical progress (52.3%) is 39.4 points below expected progress (91.7%). | Completion date has not slipped versus the original plan. | Cost is within (or close to) the originally approved budget. | Recent progress growth is low (~0.28 points/month).
618420,"Construction of 2 lane with paved shoulder of Shillong Western Bypass starting from NH-06 near Ladumsaw existing km 60.900 of old NH-40 to NH-106 old NH-44E, Package-II km 12800 to km 24700 under SARDP-NE Phase A in the State of Meghalaya on EPC Mode",NHIDCL,Meghalaya,2026-07,31.25,MEDIUM,75.0,0.0,0.0,50.0,Physical progress (50.5%) is 41.2 points below expected progress (91.7%). | Completion date has not slipped versus the original plan. | Cost is within (or close to) the originally approved budget. | Recent progress growth is low (~0.66 points/month).
618421,"Construction of 2-Lane with paved shoulder of Shillong Western Bypass starting from NH-06 near Ladumsaw Existing km 60.900 of old NH-40 to NH106 old NH-44E, km 0000 to km 12800 Package-I under SARDP-NE PHASE A in the State of Meghalaya on EPC Mode Greenfield alignment",NHIDCL,Meghalaya,2026-07,20.0,LOW,50.0,0.0,0.0,25.0,Physical progress (74.8%) is 16.8 points below expected progress (91.7%). | Completion date has not slipped versus the original plan. | Cost is within (or close to) the originally approved budget. | Recent progress growth is healthy (~1.72 points/month).
618422,"Construction of 2-lane with hard shoulders of Merangkong-Tamlu-Mon road Wakching Twon portion on EPC basis from existing Chainage Km 59000 to Km 73640 [Design Km. 59000 to Km, 72450] Design length - 13.450 Km under SARDP-NE package-V Balance work",NHIDCL,Nagaland,2026-07,31.25,MEDIUM,25.0,50.0,0.0,75.0,Completion date has been revised by 10 month(s) (from 09/2025 to 07/2026). | Cost is within (or close to) the originally approved budget. | Recent progress growth is stalled or negative (no measurable gain last month).
618423,Construction of 2-Lane with hard shoulders of Merangkong-Tamlu-Mon MTM Road from existing Km 20.456 to Km 41.065 Design Km. 20 to Km. 40.0 Design Length- 20.000 Km in the State of Nagaland under SARDP-NE Phase-A Pkg-2 Balance work,NHIDCL,Nagaland,2026-07,22.5,LOW,0.0,50.0,0.0,75.0,Physical progress (100.0%) is on track or ahead of expected progress (100.0%). | Completion date has been revised by 7 month(s) (from 08/2025 to 03/2026). | Cost is within (or close to) the originally approved budget. | Recent progress growth is stalled or negative (no measurable gain last month).
618426,Construction/Up gradation of Existing road to 2 Lane with Paved Shoulder including Geometric Improvement from Ranipool to Pakyong Balance work from Km 2.000 to 16.167 of NH-717-A on EPC basis under SARDP-NE Phase A in the State of Sikkim,NHIDCL,Sikkim,2026-07,76.25,HIGH,50.0,100.0,85.0,75.0,Physical progress (87.0%) is 13.0 points below expected progress (100.0%). | Completion date has been revised by 29 month(s) (from 07/2024 to 12/2026). | Cost overrun of 43.8% (original Rs. 264.84 Cr -> revised Rs. 380.94 Cr). | Recent progress growth is stalled or negative (no measurable gain last month).
618427,Construction & upgradation of existing road to 2-lane with paved shoulder including geometric improvement of Kafer- Lava More section from km 40.00 to km 61.100 of NH717-A on EPC under SARDP-NE A in state of West Bengal Pkg-VA,NHIDCL,West Bengal,2026-07,46.25,MEDIUM,25.0,100.0,0.0,75.0,Completion date has been revised by 44 month(s) (from 04/2023 to 12/2026). | Cost is within (or close to) the originally approved budget. | Recent progress growth is stalled or negative (no measurable gain last month).
618428,Realignment of NH-717A from Design Ch.0.00 Km 77.800 of NH-10 to Design Ch.2.00 Km 3.100 of NH-717A with two lane paved shoulder including Major Bridge of 680 m in the State of Sikkim on EPC Mode-COS work,NHIDCL,Sikkim,2026-07,58.75,MEDIUM,0.0,100.0,85.0,75.0,Physical progress (100.0%) is on track or ahead of expected progress (100.0%). | Completion date has been revised by 37 month(s) (from 04/2023 to 05/2026). | Cost overrun of 43.8% (original Rs. 264.84 Cr -> revised Rs. 380.94 Cr). | Recent progress growth is stalled or negative (no measurable gain last month).
618429,Construction & upgradation of existing road to 2-lane with paved shoulder including geometric improvement of sect. from Pedong bypass to Reshi Border km 79.700 to km 96.254 of NH-717A under SARDP-NE-A on EPC as part of Alternate connectivity to Gangtok Lava More-Reshi Border Pkg-VB,NHIDCL,West Bengal,2026-07,53.75,MEDIUM,25.0,100.0,40.0,50.0,Completion date has been revised by 52 month(s) (from 04/2022 to 08/2026). | Cost overrun of 14.5% (original Rs. 345.38 Cr -> revised Rs. 395.59 Cr). | Recent progress growth is low (~0.02 points/month).
618430,Construction of alternative highway to Gangtok in Sikkim via Bagrakot -Chuikhim- Nimbong -Kafer-Bakhim-Algarah-Rhenock in the State of West Bengal and from Rhenok-Rorathang-Pakyong along with spur from Aritar-Rolep-Menla in the State of Sikkim from Km 0.00 to Km 13.00 of Bagrakot -Kafer section of NH 717A on EPC Mode under Phase-A of SARDP-NE in the State of West Bengal PKG- IVA,NHIDCL,West Bengal,2026-07,46.25,MEDIUM,25.0,100.0,0.0,75.0,Completion date has been revised by 52 month(s) (from 04/2022 to 08/2026). | Cost is within (or close to) the originally approved budget. | Recent progress growth is stalled or negative (no measurable gain last month).
618431,Construction of alternative highway to Gangtok in Sikkim via Bagrakot -Chuikhim- Nimbong -Kafer-Bakhim-Algarah-Rhenock in the State of West Bengal and from Rhenok-Rorathang-Pakyong along with spur from Aritar-Rolep-Menla in the State of Sikkim from Km 13.00 to Km 25.60 of Bagrakot -Kafer section of NH 717A on EPC Mode under Phase-A of SARDP-NE in the State of West Bengal PKG- IVB,NHIDCL,West Bengal,2026-07,46.25,MEDIUM,25.0,100.0,0.0,75.0,Completion date has been revised by 44 month(s) (from 04/2023 to 12/2026). | Cost is within (or close to) the originally approved budget. | Recent progress growth is stalled or negative (no measurable gain last month).
618432,Construction of Balance work of 2-Lane with PS of Joram-Koloriang Road NH-713 on EPC basis from Design Km 44.989 to Km 61.547 Existing Km 50.050 to Km 70.000 in the state of Arunachal Pradesh under SARDP-NE Pkg-3,NHIDCL,Arunachal Pradesh,2026-05,38.75,MEDIUM,25.0,75.0,0.0,75.0,Completion date has been revised by 15 month(s) (from 04/2022 to 07/2023). | Cost is within (or close to) the originally approved budget. | Recent progress growth is stalled or negative (no measurable gain last month).
618433,Construction of Balance work of 2-Lane with PS of Joram Koloriang Road from existing Km122.600 to km138.00 [Design Km108.724 to Km123.714] in Arunachal Pradesh on EPC Mode under SARDP-NE Pkg-7,NHIDCL,Arunachal Pradesh,2026-07,46.25,MEDIUM,25.0,100.0,0.0,75.0,Completion date has been revised by 48 month(s) (from 04/2022 to 04/2026). | Cost is within (or close to) the originally approved budget. | Recent progress growth is stalled or negative (no measurable gain last month).
618434,Roing-Hunli Road Greenfield Alignment Project,NHIDCL,Arunachal Pradesh,2026-07,52.5,MEDIUM,50.0,100.0,0.0,50.0,Physical progress (82.5%) is 17.6 points below expected progress (100.0%). | Completion date has been revised by 55 month(s) (from 03/2022 to 10/2026). | Cost is within (or close to) the originally approved budget. | Recent progress growth is low (~0.13 points/month).
618435,4-Laning from Rangagara to Kaliabor Tiniali from km 297.00 to km 315.315 of NH-37 on EPC basis under SARDP-NE in state of Assam,NHIDCL,Assam,2026-06,46.25,MEDIUM,25.0,100.0,0.0,75.0,Completion date has been revised by 75 month(s) (from 04/2020 to 07/2026). | Cost is within (or close to) the originally approved budget. | Recent progress growth is stalled or negative (no measurable gain last month).
618436,4-Laning of Jamugurihat to end of Biswanath Chariali By-Pass from Km 182.000 to Km 208.000 of NH-52 on EPC mode in state of Assam under SARDP-NE,NHIDCL,Assam,2026-07,37.5,MEDIUM,0.0,100.0,0.0,75.0,Physical progress (100.0%) is on track or ahead of expected progress (100.0%). | Completion date has been revised by 73 month(s) (from 06/2019 to 07/2025). | Cost is within (or close to) the originally approved budget. | Recent progress growth is stalled or negative (no measurable gain last month).
618437,"Construction of Balance Work of 4-Laning of NH-37 Section between End of Moran Bypass to Bogibeel junction near Lapetketa Km. 561.700-Km. 580.875 under SARDP- NE, Phase 'A' in the State of Assam on EPC mode Pkg-I Road works & Toll Plaza",NHIDCL,Assam,2026-07,16.5,LOW,0.0,30.0,0.0,75.0,Physical progress (100.0%) is on track or ahead of expected progress (100.0%). | Completion date has been revised by 5 month(s) (from 03/2025 to 08/2025). | Cost is within (or close to) the originally approved budget. | Recent progress growth is stalled or negative (no measurable gain last month).
618438,"4-Laning of NH-37 Section between Demow to End of Moran Bypass From Km. 534.800 to Km. 561.700 including Emergency Landing Facility ELF under SARDP-NE, Phase 'A' in the State of Assam on EPC mode",NHIDCL,Assam,2026-07,30.0,LOW,0.0,75.0,0.0,75.0,Physical progress (100.0%) is on track or ahead of expected progress (100.0%). | Completion date has been revised by 13 month(s) (from 07/2024 to 08/2025). | Cost is within (or close to) the originally approved budget. | Recent progress growth is stalled or negative (no measurable gain last month).
618439,"Construction of Balance Work of 4-Laning of the Section from Jorhat to Jhanji of NH- 37 Old from Km 453000 to Km 463000 10.000 Km, under SARDP- NE under EPC Mode in the state of Assam Pkg-I Road Works",NHIDCL,Assam,2026-06,38.75,MEDIUM,25.0,75.0,0.0,75.0,Completion date has been revised by 22 month(s) (from 08/2024 to 06/2026). | Cost is within (or close to) the originally approved budget. | Recent progress growth is stalled or negative (no measurable gain last month).
618440,"Construction of Balance Work of 4-Laning of the Section from Jhanji to Demow of NH- 37 Old from Km 490.800 to Km 534.800, under SARDP- NE on EPC Mode in the state of Assam Pkg- IV Structures & Toll Plaza",NHIDCL,Assam,2026-07,48.75,MEDIUM,75.0,50.0,0.0,75.0,Physical progress (58.2%) is 41.8 points below expected progress (100.0%). | Completion date has been revised by 12 month(s) (from 10/2025 to 10/2026). | Cost is within (or close to) the originally approved budget. | Recent progress growth is stalled or negative (no measurable gain last month).
618441,"Construction of Balance Work of 4-Laning of the Section from Jhanji to Demow of NH- 37 Old from Km 490.800 to Km 501.800 11.000 Km, under SARDP- NE under EPC Mode in the state of Assam Pkg-I Road Works",NHIDCL,Assam,2026-07,52.5,MEDIUM,50.0,75.0,20.0,75.0,Physical progress (87.3%) is 12.7 points below expected progress (100.0%). | Completion date has been revised by 13 month(s) (from 09/2025 to 10/2026). | Cost is within (or close to) the originally approved budget. | Recent progress growth is stalled or negative (no measurable gain last month).
618442,"Construction of Balance Work of the 4-Laning of the Section from Jorhat to Jhanji of NH-37 Old from Km 477.000 to Km 490800 13.800 Km, under SARDP- NE under EPC Mode in the state of Assam Pkg-III Road Works",NHIDCL,Assam,2026-07,30.0,LOW,0.0,75.0,0.0,75.0,Physical progress (100.0%) is on track or ahead of expected progress (100.0%). | Completion date has been revised by 22 month(s) (from 08/2024 to 06/2026). | Cost is within (or close to) the originally approved budget. | Recent progress growth is stalled or negative (no measurable gain last month).
618443,"Construction of Balance Work of the 4-Laning of the Section from Jorhat to Jhanji of NH-37 Old from Km 463.00 to Km 477.000 14.000 Km, under SARDP- NE under EPC Mode in the state of Assam Pkg-II Road Works",NHIDCL,Assam,2026-06,38.75,MEDIUM,25.0,75.0,0.0,75.0,Completion date has been revised by 19 month(s) (from 08/2024 to 03/2026). | Cost is within (or close to) the originally approved budget. | Recent progress growth is stalled or negative (no measurable gain last month).
618444,"Construction of Balance Work of the 4-Laning of the Section from Jorhat to Jhanji of NH-37 Old from Km 453.000 to Km 490.800, under SARDP- NE , under EPC Mode in the state of Assam Pkg-IV Structures & Toll Plaza",NHIDCL,Assam,2026-06,38.75,MEDIUM,25.0,75.0,0.0,75.0,Completion date has been revised by 23 month(s) (from 08/2024 to 07/2026). | Cost is within (or close to) the originally approved budget. | Recent progress growth is stalled or negative (no measurable gain last month).
618445,Construction of 2-Laning with hard shoulders of Demwe-Brahmakund section of NH- 13 from Ch.0.00 km to 18.464 km on EPC under SARDP-NE NHO-NE -Balance Work,NHIDCL,Arunachal Pradesh,2026-07,22.5,LOW,50.0,0.0,0.0,50.0,Physical progress (19.6%) is 23.8 points below expected progress (43.3%). | Completion date has not slipped versus the original plan. | Cost is within (or close to) the originally approved budget. | Recent progress growth is low (~0.02 points/month).
618446,Construction & Upgradation of existing road to 2-lane with paved shoulder from New Rolep Bridge at km 37.600 to Chochenpheri at km 52.00 in the section of Rongli to Chochenpheri of NH 717B Pkg-II C,NHIDCL,Sikkim,2026-07,55.0,MEDIUM,50.0,100.0,0.0,75.0,Physical progress (79.1%) is 20.9 points below expected progress (100.0%). | Completion date has been revised by 28 month(s) (from 05/2024 to 09/2026). | Cost is within (or close to) the originally approved budget. | Recent progress growth is stalled or negative (no measurable gain last month).
618447,Construction of 2-Laning with Paved Shoulder of New Greenfield Alignment From Helipad near Menla at Km 82000 to Menla at Km 94030 of Rhenock-Menla Spur NH- 717B Package-IIIB on EPC Basis under SARDP-NE Phase 'A' in the State of Sikkim.,NHIDCL,Sikkim,2026-07,55.0,MEDIUM,50.0,100.0,0.0,75.0,Physical progress (82.6%) is 17.4 points below expected progress (100.0%). | Completion date has been revised by 39 month(s) (from 02/2024 to 05/2027). | Cost is within (or close to) the originally approved budget. | Recent progress growth is stalled or negative (no measurable gain last month).
618448,Construction of 2-Laning with Paved Shoulder of New Greenfield Alignment From Chochenpheri at Km 52000 to Helipad near Menla at Km 82000 of Rhenock-Menla Spur NH-717B Package-IIIA on EPC Basis under SARDP-NE Phase 'A' in the State of Sikkim.,NHIDCL,Sikkim,2026-07,63.75,HIGH,75.0,100.0,0.0,75.0,Physical progress (64.3%) is 35.7 points below expected progress (100.0%). | Completion date has been revised by 41 month(s) (from 12/2023 to 05/2027). | Cost is within (or close to) the originally approved budget. | Recent progress growth is stalled or negative (no measurable gain last month).
618449,Construction & Upgradation of existing road to 2-lane with paved shoulder from km27.200 End of Rongli bypass to km37.600New Rolep Bridge of Rhenok-Menla spur NH-717B on EPC Mode under SARDP-NE Phase-A in Sikkim Pkg-II B,NHIDCL,Sikkim,2026-07,65.0,HIGH,50.0,100.0,40.0,75.0,Physical progress (86.2%) is 13.8 points below expected progress (100.0%). | Completion date has been revised by 41 month(s) (from 04/2023 to 09/2026). | Cost overrun of 6.3% (original Rs. 230.45 Cr -> revised Rs. 244.91 Cr). | Recent progress growth is stalled or negative (no measurable gain last month).
618450,Rehabilitation & Upgradation of existing road to 2-lane with paved shoulder including geometric improvement of section from start of Rabangla km33.600 to km58.840 under SARDP-NE Phase A Pkg- IV,NHIDCL,Sikkim,2026-07,63.75,HIGH,75.0,100.0,0.0,75.0,Physical progress (65.2%) is 34.9 points below expected progress (100.0%). | Completion date has been revised by 55 month(s) (from 05/2022 to 12/2026). | Cost is within (or close to) the originally approved budget. | Recent progress growth is stalled or negative (no measurable gain last month).
618452,"2-laning of Zorinpui - Longmasu section of NH-502A from km 0.000 to km 28.244 in the State of Mizoram on EPC mode under NHO-NE, stretch of IMBR",NHIDCL,Mizoram,2026-07,57.5,MEDIUM,100.0,50.0,0.0,75.0,Physical progress (4.7%) is 74.5 points below expected progress (79.2%). | Completion date has been revised by 7 month(s) (from 12/2026 to 07/2027). | Cost is within (or close to) the originally approved budget. | Recent progress growth is stalled or negative (no measurable gain last month).
618454,"Earthwork in Formation, Road Work, Construction of Bridges, Blanketing, P. Way Linking works including Supply of P. Way Fittings and Track Ballast in connection with Construction of Railway Siding from Jogighopa Railway Station to MMLP at Jogighopa from Ch. 00 to 3760 on Item Rate basis Package -3, Railway Siding from Jogighopa Railway Station to MMLP",NHIDCL,Assam,2026-07,46.25,MEDIUM,25.0,100.0,0.0,75.0,Completion date has been revised by 27 month(s) (from 06/2022 to 09/2024). | Cost is within (or close to) the originally approved budget. | Recent progress growth is stalled or negative (no measurable gain last month).
618455,Development of External Trunk Connectivity and Internal Infrastructure Works at Multi Model Logistics ParkMMLP at Jogighopa in the State of Assam on EPC Mode Package-I Road and Utility Works,NHIDCL,Assam,2026-07,37.5,MEDIUM,0.0,100.0,0.0,75.0,Physical progress (100.0%) is on track or ahead of expected progress (100.0%). | Completion date has been revised by 29 month(s) (from 04/2022 to 09/2024). | Cost is within (or close to) the originally approved budget. | Recent progress growth is stalled or negative (no measurable gain last month).
618456,Delhi-Vadodara Greenfield Alignment NH-148N Pkg-14 Ch. 388.420 to Ch. 419.000 [Junction with NH- 76 to Junction with NH-12 near village Ummedpura],National Highways Authority of India [NHAI],Rajasthan,2026-05,48.75,MEDIUM,25.0,75.0,40.0,75.0,Completion date has been revised by 22 month(s) (from 05/2023 to 03/2025). | Cost overrun of 6.7% (original Rs. 1119.35 Cr -> revised Rs. 1194.17 Cr). | Recent progress growth is stalled or negative (no measurable gain last month).
618457,Delhi-Vadodara Greenfield Alignment NH-148N Pkg-10 Ch. 292.950 to Ch. 319.400 [End of Interchange on NH-166 near village Mui to Hardeoganj village near Indergarh],NHAI,Rajasthan,2026-07,46.25,MEDIUM,25.0,100.0,0.0,75.0,Completion date has been revised by 40 month(s) (from 05/2023 to 09/2026). | Cost is within (or close to) the originally approved budget. | Recent progress growth is stalled or negative (no measurable gain last month).
618458,Delhi-Vadodara Greenfield Alignment NH-148N Pkg-15 Ch. 419.000 to Ch.427.300 [Junction with NH-12 near village Ummedpura to Major bridge over Takli river near Nayagaon Jageer village],NHAI,Rajasthan,2026-07,38.75,MEDIUM,25.0,100.0,0.0,0.0,Completion date has been revised by 31 month(s) (from 01/2024 to 08/2026). | Cost is within (or close to) the originally approved budget. | Recent progress growth is healthy (~2.76 points/month).
618459,Delhi-Vadodara Greenfield Alignment NH-148N Pkg-26 Ch.696890 to Ch.726390,NHAI,Gujarat,2026-07,52.5,MEDIUM,50.0,100.0,20.0,0.0,Physical progress (85.5%) is 14.5 points below expected progress (100.0%). | Completion date has been revised by 30 month(s) (from 08/2024 to 02/2027). | Cost is within (or close to) the originally approved budget. | Recent progress growth is healthy (~3.90 points/month).
618460,Delhi-Vadodara Greenfield Alignment NH-148N Pkg-28 Ch.756052 to Ch.781282,NHAI,Gujarat,2026-06,42.5,MEDIUM,0.0,100.0,20.0,75.0,Physical progress (100.0%) is on track or ahead of expected progress (100.0%). | Completion date has been revised by 29 month(s) (from 11/2023 to 04/2026). | Cost is within (or close to) the originally approved budget. | Recent progress growth is stalled or negative (no measurable gain last month).
618462,Delhi-Vadodara Greenfield Alignment NH-148N Pkg-31 Ch.824920 to Ch.844382 [Junction near Pratap nagar Village - Junction near Dodka Village],NHAI,Gujarat,2026-07,42.5,MEDIUM,0.0,100.0,20.0,75.0,Physical progress (100.0%) is on track or ahead of expected progress (100.0%). | Completion date has been revised by 39 month(s) (from 05/2023 to 08/2026). | Cost is within (or close to) the originally approved budget. | Recent progress growth is stalled or negative (no measurable gain last month).
618463,Vadodara Mumbai Expressway Kim to Ankleshwar Phase IA - Pkg V,NHAI,Gujarat,2026-07,71.25,HIGH,25.0,100.0,100.0,75.0,Completion date has been revised by 58 month(s) (from 10/2021 to 08/2026). | Cost overrun of 111.9% (original Rs. 1324.84 Cr -> revised Rs. 2807.48 Cr). | Recent progress growth is stalled or negative (no measurable gain last month).
618464,Vadodara Mumbai Expressway Ena -Kim Phase IB - Pkg VI [Km 217.500 to Km 254.430],National Highways Authority of India [NHAI],Gujarat,2026-05,71.25,HIGH,25.0,100.0,100.0,75.0,Completion date has been revised by 29 month(s) (from 12/2023 to 05/2026). | Cost overrun of 89.2% (original Rs. 2271.86 Cr -> revised Rs. 4297.28 Cr). | Recent progress growth is stalled or negative (no measurable gain last month).
618465,Vadodara Mumbai Expressway Gandeva to Ena Phase IB - Pkg VII [Km 190.00 to Km 217.500],National Highways Authority of India [NHAI],Gujarat,2026-05,71.25,HIGH,25.0,100.0,100.0,75.0,Completion date has been revised by 30 month(s) (from 11/2023 to 05/2026). | Cost overrun of 98.3% (original Rs. 1710.30 Cr -> revised Rs. 3392.21 Cr). | Recent progress growth is stalled or negative (no measurable gain last month).
618466,Vadodara Mumbai Expressway Jujuwa - Gandeva from Km. 154.600 to Km. 190.000 Phase-I Package-VIII,NHAI,Gujarat,2026-06,57.5,MEDIUM,100.0,50.0,0.0,75.0,Physical progress (4.8%) is 95.2 points below expected progress (100.0%). | Completion date has been revised by 8 month(s) (from 03/2026 to 11/2026). | Cost is within (or close to) the originally approved budget. | Recent progress growth is stalled or negative (no measurable gain last month).
618467,Vadodara Mumbai Expressway Karvad - Jujuwa from Km. 128.000 to Km. 154.600 Phase-I Package-IX,NHAI,Gujarat,2026-07,65.0,HIGH,100.0,75.0,0.0,75.0,Physical progress (21.8%) is 78.2 points below expected progress (100.0%). | Completion date has been revised by 21 month(s) (from 10/2025 to 07/2027). | Cost is within (or close to) the originally approved budget. | Recent progress growth is stalled or negative (no measurable gain last month).
618468,Vadodara Mumbai Expressway Phase II - Pkg XI [Km. 77.000 to Km. 103.400] Ganjad - Talsari,National Highways Authority of India [NHAI],Maharashtra,2026-05,55.0,MEDIUM,25.0,75.0,65.0,75.0,Completion date has been revised by 23 month(s) (from 05/2024 to 04/2026). | Cost overrun of 25.5% (original Rs. 1524.71 Cr -> revised Rs. 1913.95 Cr). | Recent progress growth is stalled or negative (no measurable gain last month).
618469,Vadodara Mumbai Expressway Phase II - Pkg XIII [Km. 26.582 to Km. 50.700] Shirsad - Masvan,NHAI,Maharashtra,2026-07,60.0,MEDIUM,25.0,100.0,85.0,0.0,Completion date has been revised by 30 month(s) (from 02/2024 to 08/2026). | Cost overrun of 32.3% (original Rs. 3536.90 Cr -> revised Rs. 4679.54 Cr). | Recent progress growth is healthy (~7.34 points/month).
618470,Vadodara Mumbai Expressway Phase II - Pkg XIV [Km. 3.000 to Km. 20.200 of Spur] Shirsad - Akloli,NHAI,Maharashtra,2026-07,56.25,MEDIUM,25.0,100.0,40.0,75.0,Completion date has been revised by 27 month(s) (from 05/2024 to 08/2026). | Cost overrun of 12.9% (original Rs. 2058.79 Cr -> revised Rs. 2324.72 Cr). | Recent progress growth is stalled or negative (no measurable gain last month).
618471,Vadodara Mumbai Expressway Phase II - Pkg XV [Km. 20.200 to Km. 43.000 of Spur] Akloli - Amne,NHAI,Maharashtra,2026-07,48.75,MEDIUM,25.0,100.0,40.0,0.0,Completion date has been revised by 27 month(s) (from 05/2024 to 08/2026). | Cost overrun of 11.8% (original Rs. 2610.88 Cr -> revised Rs. 2918.39 Cr). | Recent progress growth is healthy (~3.10 points/month).
618472,Vadodara Mumbai Expressway Phase II - Pkg XVI [Km. 43.000 to Km. 69.800 of Spur] Amne - Bhoj,NHAI,Maharashtra,2026-07,41.25,MEDIUM,25.0,75.0,40.0,0.0,Completion date has been revised by 22 month(s) (from 10/2024 to 08/2026). | Cost overrun of 6.5% (original Rs. 4051.80 Cr -> revised Rs. 4315.56 Cr). | Recent progress growth is healthy (~4.80 points/month).
618473,Vadodara Mumbai Expressway Phase II - Pkg XVII [Km. 69.800 to Km. 79.783 of Spur] Bhoj - Morbe,NHAI,Maharashtra,2026-07,41.25,MEDIUM,25.0,75.0,40.0,0.0,Completion date has been revised by 13 month(s) (from 07/2025 to 08/2026). | Cost overrun of 11.5% (original Rs. 2208.68 Cr -> revised Rs. 2463.02 Cr). | Recent progress growth is healthy (~4.94 points/month).
618475,Bangalore Chennai Expressway Phase-II Pkg-II from km.96.000 to Km 127.000 Baireddypalle to Bangarupalem section,NHAI,Andhra Pradesh,2026-07,36.25,MEDIUM,25.0,75.0,0.0,50.0,Completion date has been revised by 16 month(s) (from 06/2025 to 10/2026). | Cost is within (or close to) the originally approved budget. | Recent progress growth is low (~0.92 points/month).
618476,Bangalore Chennai Expressway Phase-II Pkg-III from km.127.000 to Km 156.000 Bangarupalem to Gudipala section,NHAI,Andhra Pradesh,2026-07,38.75,MEDIUM,25.0,75.0,0.0,75.0,Completion date has been revised by 22 month(s) (from 10/2024 to 08/2026). | Cost is within (or close to) the originally approved budget. | Recent progress growth is stalled or negative (no measurable gain last month).
618477,Bangalore Chennai Expressway Phase-III Package I Gudipala to Walajajhpet from Km 156.000 to Km 180.000,NHAI,"Multi-States (Andhra Pradesh, Tamil Nadu)",2026-07,46.25,MEDIUM,25.0,100.0,0.0,75.0,Completion date has been revised by 27 month(s) (from 05/2024 to 08/2026). | Cost is within (or close to) the originally approved budget. | Recent progress growth is stalled or negative (no measurable gain last month).
618478,Bangalore Chennai Expressway Phase-III Package II Walajahpet to Arakkonam from Km 180.000 to Km 204.500,NHAI,Tamil Nadu,2026-07,46.25,MEDIUM,25.0,100.0,0.0,75.0,Completion date has been revised by 25 month(s) (from 07/2024 to 08/2026). | Cost is within (or close to) the originally approved budget. | Recent progress growth is stalled or negative (no measurable gain last month).
618479,Bangalore Chennai Expressway Phase-III Package III Arakkonam to Kancheepuram from Km 204.500 to Km 230.000,NHAI,Tamil Nadu,2026-07,63.75,HIGH,75.0,100.0,0.0,75.0,Physical progress (53.6%) is 46.4 points below expected progress (100.0%). | Completion date has been revised by 41 month(s) (from 07/2024 to 12/2027). | Cost is within (or close to) the originally approved budget. | Recent progress growth is stalled or negative (no measurable gain last month).
618480,Construction of Trumpet Interchange Connecting Bangalore Chennai Expressway km.261705 to km. 262800 with Maduravoyal to Walajapet Section of NH 48 near Sriperumbudur Toll Plaza at km. 35700,NHAI,Tamil Nadu,2026-07,70.0,HIGH,100.0,75.0,20.0,75.0,Physical progress (38.5%) is 61.5 points below expected progress (100.0%). | Completion date has been revised by 14 month(s) (from 08/2025 to 10/2026). | Cost is within (or close to) the originally approved budget. | Recent progress growth is stalled or negative (no measurable gain last month).
618481,4L Bangalore-Chennai Expressway from Km. 230.000 to Km. 261.705 of Kanchepuram to Sriperumbudur Section Phase-III/Package-IV,NHAI,Tamil Nadu,2026-07,55.0,MEDIUM,50.0,100.0,0.0,75.0,Physical progress (90.0%) is 10.0 points below expected progress (100.0%). | Completion date has been revised by 27 month(s) (from 07/2024 to 10/2026). | Cost is within (or close to) the originally approved budget. | Recent progress growth is stalled or negative (no measurable gain last month).
618482,Delhi-Amritsar-Katra Expressway Phase-I Pkg-I from Jussur Kheri on NH-KMP Expressway to Junction with Rohtak-Panipat road NH-709 near Rukhi Paani village Km 0000 to Km 34000,NHAI,Haryana,2026-07,67.5,HIGH,25.0,100.0,85.0,75.0,Completion date has been revised by 31 month(s) (from 12/2023 to 07/2026). | Cost overrun of 30.2% (original Rs. 1866.49 Cr -> revised Rs. 2429.90 Cr). | Recent progress growth is stalled or negative (no measurable gain last month).
618483,Delhi-Amritsar-Katra Expressway Phase-I Pkg-II from Junction with Rohtak-Panipat road NH-709 near Rukhi Paani village to Junction with Jind-Panipat road NH-352A near Gangana village Km 34000 to Km 60800,NHAI,Haryana,2026-07,62.5,HIGH,25.0,100.0,65.0,75.0,Completion date has been revised by 30 month(s) (from 01/2024 to 07/2026). | Cost overrun of 16.9% (original Rs. 1533.87 Cr -> revised Rs. 1792.53 Cr). | Recent progress growth is stalled or negative (no measurable gain last month).
618484,Delhi-Amritsar-Katra Expressway Phase-I Pkg-III from Junction with Jind-Panipat road NH-352A near Gangana village to Junction with Jind-Karnal road NH-709A near Alewa village Km 60800 to Km 91400,National Highways Authority of India [NHAI],Haryana,2026-05,44.0,MEDIUM,50.0,30.0,40.0,75.0,Physical progress (79.1%) is 20.9 points below expected progress (100.0%). | Completion date has been revised by 5 month(s) (from 12/2023 to 05/2024). | Cost overrun of 12.9% (original Rs. 1606.27 Cr -> revised Rs. 1813.91 Cr). | Recent progress growth is stalled or negative (no measurable gain last month).
618485,Delhi-Amritsar-Katra Expressway Phase-I Pkg-IV from Junction with Jind-Karnal road NH-709A near Alewa village to Junction with Ambala-Kaithal-Hissar road NH-152 near Kharak Pandwa village Km 91400 to Km 120250,National Highways Authority of India [NHAI],Haryana,2026-05,50.25,MEDIUM,50.0,30.0,65.0,75.0,Physical progress (76.1%) is 23.9 points below expected progress (100.0%). | Completion date has been revised by 3 month(s) (from 12/2023 to 03/2024). | Cost overrun of 20.8% (original Rs. 1306.95 Cr -> revised Rs. 1578.66 Cr). | Recent progress growth is stalled or negative (no measurable gain last month).
618486,Delhi-Amritsar-Katra Expressway Phase-I Pkg-V from Junction with Ambala-Kaithal- Hissar road NH-152 near Kharak Pandwa village to Junction with Patiala-Samana- Patran road SH-10 near Ghagga village Km 120250 to Km 157920,NHAI,"Multi-States (Haryana, Punjab)",2026-07,67.5,HIGH,25.0,100.0,85.0,75.0,Completion date has been revised by 27 month(s) (from 05/2024 to 08/2026). | Cost overrun of 30.9% (original Rs. 1741.86 Cr -> revised Rs. 2281.02 Cr). | Recent progress growth is stalled or negative (no measurable gain last month).
618487,Delhi-Amritsar-Katra Expressway Phase-I Pkg-VII from Junction with Patiala-Bathinda road NH-7 near Bhawanigarh to Junction with Ludhiana-Malerhkotla SH-11 near Bhogiwal village Km 188830 to km 225770,National Highways Authority of India [NHAI],Punjab,2026-05,43.75,MEDIUM,25.0,75.0,20.0,75.0,Completion date has been revised by 23 month(s) (from 07/2024 to 06/2026). | Cost is within (or close to) the originally approved budget. | Recent progress growth is stalled or negative (no measurable gain last month).
618488,Delhi-Amritsar-Katra Expressway Phase-I Pkg-VIII from Junction with Ludhiana- Malerkotla SH-11 near Bhogiwal village to Junction with Ludhiana-Moga road NH-5 near Mullanpur Dakha Km 225770 to km 260860,NHAI,Punjab,2026-06,75.0,HIGH,100.0,75.0,40.0,75.0,Physical progress (31.1%) is 68.9 points below expected progress (100.0%). | Completion date has been revised by 21 month(s) (from 03/2025 to 12/2026). | Cost overrun of 7.3% (original Rs. 1895.74 Cr -> revised Rs. 2034.94 Cr). | Recent progress growth is stalled or negative (no measurable gain last month).
618489,Delhi-Amritsar-Katra Expressway Phase-I Pkg-IX from Junction with Ludhiana-Moga road NH-5 near Mullanpur Dakha to Junction with Jalandhar - Moga road NH-703 near Kang Sahibu village Km 260860 to km 303900,NHAI,Punjab,2026-07,85.0,HIGH,75.0,100.0,85.0,75.0,Physical progress (73.3%) is 26.6 points below expected progress (100.0%). | Completion date has been revised by 32 month(s) (from 07/2024 to 03/2027). | Cost overrun of 30.0% (original Rs. 1851.47 Cr -> revised Rs. 2407.14 Cr). | Recent progress growth is stalled or negative (no measurable gain last month).
618490,Delhi-Amritsar-Katra Expressway Phase-I Pkg-X from Jn. with Jalandhar - Moga road NH-703 to Jn. with Jalandhar-Kapurthala road NH-703A and to Jn. with Kapurthala - Sultanpur Lodhi road NH-703A km 000 to km 24000 to Amritsar connectivity,NHAI,Punjab,2026-06,56.25,MEDIUM,75.0,75.0,0.0,75.0,Physical progress (63.0%) is 37.0 points below expected progress (100.0%). | Completion date has been revised by 24 month(s) (from 07/2024 to 07/2026). | Cost is within (or close to) the originally approved budget. | Recent progress growth is stalled or negative (no measurable gain last month).
618491,Delhi-Amritsar-Katra Expressway Phase-I Pkg-XI from Junction with Jalandhar - Kapurthala road NH-703A near khojewal village to Junction with Amritsar-Mehta- SriHargobindpur-Tanda road NH-503A near SriHargobindpur Km 319400 to km 362420,NHAI,Punjab,2026-06,77.5,HIGH,100.0,100.0,20.0,75.0,Physical progress (43.5%) is 56.5 points below expected progress (100.0%). | Completion date has been revised by 25 month(s) (from 11/2024 to 12/2026). | Cost is within (or close to) the originally approved budget. | Recent progress growth is stalled or negative (no measurable gain last month).
618492,Delhi-Amritsar-Katra Expressway Phase-I Pkg-XII from Junction with Amritsar-Mehta- SriHargobindpur-Tanda road NH-503A near SriHargobindpur to Junction with Pathankot-Gurdaspur road NH-54 near Gurdaspur Km 362420 to km 397700,NHAI,Punjab,2026-07,40.25,MEDIUM,75.0,30.0,0.0,50.0,Physical progress (27.6%) is 43.2 points below expected progress (70.8%). | Completion date has been revised by 4 month(s) (from 02/2027 to 06/2027). | Cost is within (or close to) the originally approved budget. | Recent progress growth is low (~0.08 points/month).
618493,Delhi-Amritsar-Katra Expressway Phase-I Spur-I from Jn. with Kapurthala - Sultanpur Lodhi Road NH-703A near Isharwal village to Jn. with Kapurthala - Tarn Taran road NH-703AA near Goinwal Sahib [Km 24000 to Km 41000 of Amritsar connectivity],NHAI,Punjab,2026-07,60.0,MEDIUM,100.0,75.0,0.0,25.0,Physical progress (34.8%) is 65.2 points below expected progress (100.0%). | Completion date has been revised by 23 month(s) (from 04/2026 to 03/2028). | Cost is within (or close to) the originally approved budget. | Recent progress growth is healthy (~1.30 points/month).
618494,Delhi-Amritsar-Katra Expressway Phase-II Pkg-XV [Junction with Hiranagar Road near village Gurha Baildaran to Junction with Jammu Ring Road NH-244A near Jakh village from Km 468100 to Km 503250],NHAI,Jammu and Kashmir,2026-07,65.0,HIGH,25.0,100.0,85.0,50.0,Completion date has been revised by 27 month(s) (from 09/2024 to 12/2026). | Cost overrun of 36.9% (original Rs. 2714.95 Cr -> revised Rs. 3716.56 Cr). | Recent progress growth is low (~0.49 points/month).
618495,4/6L Access Control Expressway from Design Chainage Km 515.000 to 528.300 Kunjwani to Sidhra Section of NH-44 and from Design Chainage Km 550.900 to Km 566.520 Domel to Katra Section Phase II-Package XVII,NHAI,Jammu and Kashmir,2026-07,61.25,HIGH,75.0,100.0,0.0,50.0,Physical progress (66.7%) is 33.3 points below expected progress (100.0%). | Completion date has been revised by 29 month(s) (from 06/2025 to 11/2027). | Cost is within (or close to) the originally approved budget. | Recent progress growth is low (~0.57 points/month).
618496,Delhi-Amritsar-Katra Expressway Phase-II Pkg-XVI Existing Jakh Vijaypur-Kunjwani section of NH-44 including spur Connectivity to Jammu Airport NH-144A [Km 503500 to km 514500],NHAI,Jammu and Kashmir,2026-07,60.0,MEDIUM,25.0,75.0,85.0,75.0,Completion date has been revised by 24 month(s) (from 09/2024 to 09/2026). | Cost overrun of 38.5% (original Rs. 1821.72 Cr -> revised Rs. 2522.56 Cr). | Recent progress growth is stalled or negative (no measurable gain last month).
618497,Delhi Amritsar Katra Expressway Phase-II Pkg XVIII Development and Upgradation of Four lane Access Control Expressway from Design Chainage KM 530.00 to KM 545.300 Sidhra to Domel Section of NH-44,NHAI,Jammu and Kashmir,2026-07,48.75,MEDIUM,75.0,75.0,0.0,0.0,Physical progress (70.2%) is 29.8 points below expected progress (100.0%). | Completion date has been revised by 19 month(s) (from 11/2025 to 06/2027). | Cost is within (or close to) the originally approved budget. | Recent progress growth is healthy (~2.67 points/month).
618498,6L Greenfield Kanpur - Lucknow Expressway Pkg II from km. 28.500 to km. 73.744,National Highways Authority of India [NHAI],Uttar Pradesh,2026-05,36.25,MEDIUM,25.0,50.0,20.0,75.0,Completion date has been revised by 11 month(s) (from 05/2025 to 04/2026). | Cost is within (or close to) the originally approved budget. | Recent progress growth is stalled or negative (no measurable gain last month).
618499,6L Elevated Kanpur - Lucknow Exeressway Pkg-1 from Km. 10980 to Km. 28500,NHAI,Uttar Pradesh,2026-07,30.0,LOW,0.0,75.0,0.0,75.0,Physical progress (100.0%) is on track or ahead of expected progress (100.0%). | Completion date has been revised by 13 month(s) (from 07/2025 to 08/2026). | Cost is within (or close to) the originally approved budget. | Recent progress growth is stalled or negative (no measurable gain last month).
618500,Construction of 4L Connector from Delhi Meerut Expressway Km 50.000 of Pkg IV to Km 8.520 of NH-235 Pkg-5,NHAI,Uttar Pradesh,2026-07,60.0,MEDIUM,50.0,100.0,20.0,75.0,Physical progress (78.0%) is 22.0 points below expected progress (100.0%). | Completion date has been revised by 29 month(s) (from 03/2024 to 08/2026). | Cost is within (or close to) the originally approved budget. | Recent progress growth is stalled or negative (no measurable gain last month).
618501,Ahmedabad - Dholera Pkg I from km. 0.00 to km. 22.00 [Sardar Patel Ring Road - Sindhrej Village],National Highways Authority of India [NHAI],Gujarat,2026-05,47.5,MEDIUM,0.0,100.0,40.0,75.0,Physical progress (100.0%) is on track or ahead of expected progress (100.0%). | Completion date has been revised by 29 month(s) (from 01/2024 to 06/2026). | Cost overrun of 9.5% (original Rs. 1298.00 Cr -> revised Rs. 1421.05 Cr). | Recent progress growth is stalled or negative (no measurable gain last month).
618502,Ahmedabad - Dholera Pkg II from km. 22.00 to km. 48.52 [Sindhrej Village - Vejallka Village],National Highways Authority of India [NHAI],Gujarat,2026-05,53.75,MEDIUM,0.0,100.0,65.0,75.0,Physical progress (100.0%) is on track or ahead of expected progress (100.0%). | Completion date has been revised by 29 month(s) (from 01/2024 to 06/2026). | Cost overrun of 22.2% (original Rs. 1415.34 Cr -> revised Rs. 1729.69 Cr). | Recent progress growth is stalled or negative (no measurable gain last month).
618503,Ahmedabad - Dholera Pkg III from km. 48.52 to km. 71.06 [Vejallka Village - Start of DSIR zone],NHAI,Gujarat,2026-07,47.5,MEDIUM,0.0,100.0,40.0,75.0,Physical progress (100.0%) is on track or ahead of expected progress (100.0%). | Completion date has been revised by 37 month(s) (from 07/2023 to 08/2026). | Cost overrun of 11.7% (original Rs. 1034.04 Cr -> revised Rs. 1155.41 Cr). | Recent progress growth is stalled or negative (no measurable gain last month).
618504,Ahmedabad - Dholera Pkg IV from km. 71.06 to km. 109.019 [Start of DSIR zone - Adhelai Village],NHAI,Gujarat,2026-07,53.75,MEDIUM,25.0,100.0,40.0,50.0,Completion date has been revised by 32 month(s) (from 12/2023 to 08/2026). | Cost overrun of 15.0% (original Rs. 1181.76 Cr -> revised Rs. 1358.73 Cr). | Recent progress growth is low (~0.09 points/month).
618505,Additional Structures on 6LGurgaon-Jaipur Section of NH-48 between KM 42.700 to KM 273.00,NHAI,"Multi-States (Haryana, Rajasthan)",2026-07,55.0,MEDIUM,50.0,100.0,0.0,75.0,Physical progress (88.9%) is 11.1 points below expected progress (100.0%). | Completion date has been revised by 26 month(s) (from 06/2024 to 08/2026). | Cost is within (or close to) the originally approved budget. | Recent progress growth is stalled or negative (no measurable gain last month).
618506,"Construction of Additional Structures, Improvement of Service Road & Maintenance of Six Lane Gurgaon-Jaipur Section of NH-48 old NH-8 between km 42700 to km 107100 in the State of Haryana",NHAI,Haryana,2026-07,0.0,LOW,0.0,0.0,0.0,0.0,Physical progress (61.4%) is on track or ahead of expected progress (58.3%). | Completion date has not slipped versus the original plan. | Cost is within (or close to) the originally approved budget. | Recent progress growth is healthy (~5.33 points/month).
618507,"Balance work of Six Laning of Shamlaji-Motachiloda from Km. 401.200 to Km.494.410 section Design Chainage Km.447.385 to Km 540.595, Length- 93.210 Km of old NH-8 NH-48 in the state of Gujarat on single Percentage Item Rate Contract",NHAI,Gujarat,2026-07,46.25,MEDIUM,25.0,75.0,40.0,50.0,Completion date has been revised by 14 month(s) (from 06/2025 to 08/2026). | Cost overrun of 7.4% (original Rs. 466.80 Cr -> revised Rs. 501.48 Cr). | Recent progress growth is low (~0.03 points/month).
618508,Construction of Additional Structures including Approaches in Vadodara Surat Section of NH48 between existing Km. 108.000 to Km. 250.000,NHAI,Gujarat,2026-07,42.75,MEDIUM,75.0,30.0,0.0,75.0,Physical progress (48.7%) is 26.3 points below expected progress (75.0%). | Completion date has been revised by 5 month(s) (from 01/2027 to 06/2027). | Cost is within (or close to) the originally approved budget. | Recent progress growth is stalled or negative (no measurable gain last month).
618509,Development of 6L UER II [Package - I] NH-1 Near Bakoli till Karala Kanjhawala Road from km. 0.70 to km.15.00,NHAI,Delhi,2026-07,56.25,MEDIUM,25.0,100.0,40.0,75.0,Completion date has been revised by 34 month(s) (from 10/2023 to 08/2026). | Cost overrun of 5.4% (original Rs. 2089.94 Cr -> revised Rs. 2203.45 Cr). | Recent progress growth is stalled or negative (no measurable gain last month).
618511,Upgradation & rehabilitation of Service Roads on both sides in urban areas of Pune City on PuneSatara section of NH48,NHAI,Maharashtra,2026-07,28.75,LOW,75.0,0.0,0.0,25.0,Physical progress (24.1%) is 30.1 points below expected progress (54.2%). | Completion date has not slipped versus the original plan. | Cost is within (or close to) the originally approved budget. | Recent progress growth is healthy (~1.12 points/month).
618512,Tunnel at Khambataki Ghat Section and its approaches from existing Km. 771.730 to existing Km. 782.000,NHAI,Maharashtra,2026-07,52.5,MEDIUM,50.0,100.0,0.0,50.0,Physical progress (89.2%) is 10.8 points below expected progress (100.0%). | Completion date has been revised by 56 month(s) (from 02/2022 to 10/2026). | Cost is within (or close to) the originally approved budget. | Recent progress growth is low (~0.04 points/month).
618513,6L of Kagal-Satara section from Km 592.500 to Km 658.000 of NH-48 Pkg-I,NHAI,Maharashtra,2026-07,56.25,MEDIUM,75.0,100.0,0.0,0.0,Physical progress (51.1%) is 48.9 points below expected progress (100.0%). | Completion date has been revised by 25 month(s) (from 01/2025 to 02/2027). | Cost is within (or close to) the originally approved budget. | Recent progress growth is healthy (~5.67 points/month).
618514,6L of Kagal-Satara section from Km 658.000 to Km 725.000 of NH-48 Pkg-II,NHAI,Maharashtra,2026-07,31.25,MEDIUM,25.0,75.0,0.0,0.0,Completion date has been revised by 24 month(s) (from 12/2024 to 12/2026). | Cost is within (or close to) the originally approved budget. | Recent progress growth is healthy (~16.16 points/month).
618515,6L from Belgaum to Sankeshwar Bypass from Km. 515.000 to Km. 555.017 of NH-48 Pkg-I,National Highways Authority of India [NHAI],"Multi-States (Karnataka, Maharashtra)",2026-05,30.0,LOW,0.0,75.0,0.0,75.0,Physical progress (100.0%) is on track or ahead of expected progress (100.0%). | Completion date has been revised by 14 month(s) (from 04/2025 to 06/2026). | Cost is within (or close to) the originally approved budget. | Recent progress growth is stalled or negative (no measurable gain last month).
618516,6L from Sankeshwar Bypass to MH-KNT Border from Km. 555.017 to Km. 592.853 of NH-48 Pkg-II,NHAI,"Multi-States (Karnataka, Maharashtra)",2026-07,52.5,MEDIUM,50.0,100.0,0.0,50.0,Physical progress (85.3%) is 14.7 points below expected progress (100.0%). | Completion date has been revised by 25 month(s) (from 04/2025 to 05/2027). | Cost is within (or close to) the originally approved budget. | Recent progress growth is low (~0.50 points/month).
618517,4/6L of Bangalore - Pune Section of bypass connecting Dharwad - Hubli from km. 403.80 to km. 433.20,NHAI,Karnataka,2026-07,47.5,MEDIUM,50.0,75.0,0.0,75.0,Physical progress (83.2%) is 16.8 points below expected progress (100.0%). | Completion date has been revised by 20 month(s) (from 09/2025 to 05/2027). | Cost is within (or close to) the originally approved budget. | Recent progress growth is stalled or negative (no measurable gain last month).
618518,Davanagere - Haveri of NH-48 Old NH-4 from km. 260.00 to km. 338.923,NHAI,Karnataka,2026-07,62.5,HIGH,25.0,100.0,65.0,75.0,Completion date has been revised by 77 month(s) (from 07/2020 to 12/2026). | Cost overrun of 24.1% (original Rs. 1454.67 Cr -> revised Rs. 1805.84 Cr). | Recent progress growth is stalled or negative (no measurable gain last month).
618519,Bangalore Ring Road STRR-NH-948A- Package-I of Phase-III from Belagondapalli TN to TN/KNT border from km 144.480 to 179.969,NHAI,"Multi-States (Karnataka, Tamil Nadu)",2026-07,31.25,MEDIUM,25.0,75.0,0.0,0.0,Completion date has been revised by 19 month(s) (from 05/2025 to 12/2026). | Cost is within (or close to) the originally approved budget. | Recent progress growth is healthy (~2.27 points/month).
618520,4L of km 0.00 to km 42.00 of Dobbaspet to Doddaballapura Bypass section of NH-648 old NH-207] [Bangalore Ring Road Pkg 1],NHAI,Karnataka,2026-07,62.5,HIGH,25.0,100.0,65.0,75.0,Completion date has been revised by 41 month(s) (from 04/2023 to 09/2026). | Cost overrun of 24.2% (original Rs. 1438.74 Cr -> revised Rs. 1786.57 Cr). | Recent progress growth is stalled or negative (no measurable gain last month).
618521,Karaipettai to Walajapet from Km 71.015 to 107.091,NHAI,Tamil Nadu,2026-07,46.25,MEDIUM,25.0,100.0,0.0,75.0,Completion date has been revised by 66 month(s) (from 02/2021 to 08/2026). | Cost is within (or close to) the originally approved budget. | Recent progress growth is stalled or negative (no measurable gain last month).
618522,Balance Works for six laning of Sriperumbudur to karaipettai section of NH-4 New NH- 48 from 37000 Existing Km 37000 to Km 71015 Existing Km 71000 in Tamilnadu on EPC mode underNHDP Phase-V,NHAI,Tamil Nadu,2026-07,37.75,MEDIUM,75.0,30.0,0.0,25.0,Physical progress (38.3%) is 47.5 points below expected progress (85.7%). | Completion date has been revised by 5 month(s) (from 10/2026 to 03/2027). | Cost is within (or close to) the originally approved budget. | Recent progress growth is healthy (~1.62 points/month).
618523,Bhadrak KM 136.500 to Baleshwar KM 199.141,NHAI,Odisha,2026-07,71.25,HIGH,25.0,100.0,100.0,75.0,Completion date has been revised by 62 month(s) (from 09/2021 to 11/2026). | Cost overrun of 65.1% (original Rs. 844.67 Cr -> revised Rs. 1394.82 Cr). | Recent progress growth is stalled or negative (no measurable gain last month).
618524,Construction of 6 lane elevated corridor including its approaches from Km. 629880 to Km. 634470 Design Chainage of NH-16 in Ranasthalam Town portion in the state of Andhra Pradesh on EPC Mode under NHO.,NHAI,Andhra Pradesh,2026-07,35.25,MEDIUM,75.0,30.0,0.0,0.0,Physical progress (39.1%) is 27.6 points below expected progress (66.7%). | Completion date has been revised by 5 month(s) (from 03/2027 to 08/2027). | Cost is within (or close to) the originally approved budget. | Recent progress growth is healthy (~3.47 points/month).
618525,Construction of flyover at Gammon Junction at Km.903.265 on NH16 including vent at Diwancheruvu junction at Km.902.308 Blackspot ID No.AP03299 in Andhra Pradesh on EPC mode under NHO,NHAI,Andhra Pradesh,2026-07,22.5,LOW,50.0,0.0,0.0,50.0,Physical progress (18.9%) is 18.6 points below expected progress (37.5%). | Completion date has not slipped versus the original plan. | Cost is within (or close to) the originally approved budget. | Recent progress growth is low (~0.11 points/month).
618526,6L of Gundugolanu Design km 1023.280 to Kalaparru Design km 1050.680 of NH-5 New NH-16,NHAI,Andhra Pradesh,2026-07,46.25,MEDIUM,25.0,100.0,0.0,75.0,Completion date has been revised by 61 month(s) (from 07/2021 to 08/2026). | Cost is within (or close to) the originally approved budget. | Recent progress growth is stalled or negative (no measurable gain last month).
618527,Six Laning of Vijayawada Bypass from Gollapudi to Chinnakakani in Vijayawada - Gundugolanu Section from km. 30.00 to km. 47.881 Pkg-IV,National Highways Authority of India [NHAI],Andhra Pradesh,2026-05,67.5,HIGH,25.0,100.0,85.0,75.0,Completion date has been revised by 29 month(s) (from 01/2024 to 06/2026). | Cost overrun of 47.1% (original Rs. 1194.57 Cr -> revised Rs. 1757.82 Cr). | Recent progress growth is stalled or negative (no measurable gain last month).
618529,Varanasi Ring Road Pkg-II connecting Sandaha Village km 11.70 / NH-29 with Revasa Village km 818.80 / NH-2,NHAI,Uttar Pradesh,2026-07,43.75,MEDIUM,25.0,100.0,0.0,50.0,Completion date has been revised by 56 month(s) (from 02/2022 to 10/2026). | Cost is within (or close to) the originally approved budget. | Recent progress growth is low (~0.71 points/month).
618530,Six Laning of Varanasi to Aurangabad from km. 786.00 to km. 978.40 of Old NH-2,NHAI,"Multi-States (Bihar, Uttar Pradesh)",2026-07,43.75,MEDIUM,25.0,100.0,0.0,50.0,Completion date has been revised by 149 month(s) (from 03/2014 to 08/2026). | Cost is within (or close to) the originally approved budget. | Recent progress growth is low (~0.17 points/month).
618531,6L of Aurangabad to Bihar-Jharkhand border Chordaha section from km. 180.000 to km. 209.827 of NH-2 PKG-01,NHAI,"Multi-States (Bihar, Jharkhand)",2026-07,26.25,LOW,75.0,0.0,0.0,0.0,Physical progress (37.9%) is 41.2 points below expected progress (79.2%). | Completion date has not slipped versus the original plan. | Cost is within (or close to) the originally approved budget. | Recent progress growth is healthy (~4.69 points/month).
618532,6L of Aurangabad to Bihar-Jharkhand border Chordaha section from km. 209.827 to Km. 249.525 of NH-19 PKG-02,National Highways Authority of India [NHAI],"Multi-States (Bihar, Jharkhand)",2026-05,46.25,MEDIUM,25.0,100.0,0.0,75.0,Completion date has been revised by 26 month(s) (from 03/2024 to 05/2026). | Cost is within (or close to) the originally approved budget. | Recent progress growth is stalled or negative (no measurable gain last month).
618533,Barwa Adda Km. 398.240 to Panagarh Km. 521.120,NHAI,"Multi-States (Jharkhand, West Bengal)",2026-07,42.5,MEDIUM,0.0,100.0,20.0,75.0,Physical progress (100.0%) is on track or ahead of expected progress (100.0%). | Completion date has been revised by 119 month(s) (from 09/2016 to 08/2026). | Cost is within (or close to) the originally approved budget. | Recent progress growth is stalled or negative (no measurable gain last month).
618534,Construction of Six lane elevated flyover including reconstruction/rehabilitation of existing pavement from Km 426230 to Km 430500 Length 4.27 Km at Nirsa in the Barwa Adda Panagarh section of NH-19 from Km.398.240 to Km.521.120 including Panagarh Bypass in the State of Jharkhand on EPC Mode.,NHAI,Jharkhand,2026-07,25.0,LOW,50.0,0.0,0.0,75.0,Physical progress (0.0%) is 16.7 points below expected progress (16.7%). | Completion date has not slipped versus the original plan. | Cost is within (or close to) the originally approved budget. | Recent progress growth is stalled or negative (no measurable gain last month).
618535,Construction of Six lane elevated flyover including reconstruction/rehabilitation of existing pavement from Km 406100 to Km 411150 Length 5.05 Km at Gobindpur area in the Barwa Adda Panagarh section of NH-19 from Km.398.240 to Km.521.120 including Panagarh Bypass in the State of Jharkhand on EPC Mode.,NHAI,Jharkhand,2026-07,17.5,LOW,50.0,0.0,0.0,0.0,Physical progress (19.9%) is 13.4 points below expected progress (33.3%). | Completion date has not slipped versus the original plan. | Cost is within (or close to) the originally approved budget. | Recent progress growth is healthy (~3.81 points/month).
618536,Construction of Ring Road around Kanpur from Ch.68.650 to Ch.93.209 Jarkala to Pakari Package-IV in State of Uttar Pradesh.,NHAI,Uttar Pradesh,2026-07,20.0,LOW,50.0,0.0,0.0,25.0,Physical progress (39.2%) is 24.1 points below expected progress (63.3%). | Completion date has not slipped versus the original plan. | Cost is within (or close to) the originally approved budget. | Recent progress growth is healthy (~1.55 points/month).
618537,Construction of Ring Road around Kanpur from Km.000 to Km. 23.325 Chachendi Sachendi I to Maharajpur Package-I,NHAI,Uttar Pradesh,2026-07,46.25,MEDIUM,75.0,50.0,0.0,50.0,Physical progress (62.1%) is 37.9 points below expected progress (100.0%). | Completion date has been revised by 8 month(s) (from 06/2026 to 02/2027). | Cost is within (or close to) the originally approved budget. | Recent progress growth is low (~0.94 points/month).
618538,Construction of Ring Road around kanpur from Ch.51.200 to Ch. 68.650 Badarka to Harbanch-Uchti Pkg-III,NHAI,Uttar Pradesh,2026-07,26.25,LOW,75.0,0.0,0.0,0.0,Physical progress (34.8%) is 25.2 points below expected progress (60.0%). | Completion date has not slipped versus the original plan. | Cost is within (or close to) the originally approved budget. | Recent progress growth is healthy (~2.02 points/month).
618539,Construction of Ring Road Kanpur from Ch. 32.090 to Ch.51.200 Transganaga to Sathara Package-II B,NHAI,Uttar Pradesh,2026-07,31.25,MEDIUM,75.0,0.0,20.0,0.0,Physical progress (20.4%) is 32.9 points below expected progress (53.3%). | Completion date has not slipped versus the original plan. | Cost is within (or close to) the originally approved budget. | Recent progress growth is healthy (~3.15 points/month).
618540,Construction of Ring Road around Kanpur from Ch.23.325 to Ch.32.090 Chaudhariya to Transganga Package-IIA,NHAI,Uttar Pradesh,2026-07,14.0,LOW,0.0,30.0,0.0,50.0,Physical progress (49.9%) is on track or ahead of expected progress (34.8%). | Completion date has been revised by 6 month(s) (from 10/2027 to 04/2028). | Cost is within (or close to) the originally approved budget. | Recent progress growth is low (~0.75 points/month).
618541,4L Ring road/bypass around Srinagar city from km 0.000 to km 42.100 Phase-I,NHAI,Jammu and Kashmir,2026-07,52.5,MEDIUM,50.0,100.0,0.0,50.0,Physical progress (89.0%) is 11.0 points below expected progress (100.0%). | Completion date has been revised by 32 month(s) (from 02/2024 to 10/2026). | Cost is within (or close to) the originally approved budget. | Recent progress growth is low (~0.50 points/month).
618542,4L of existing Wayul Ganderbal Pandach Soura section of old NH-1 as a part of Srinagar Ring Road Phase IIA,NHAI,Jammu and Kashmir,2026-07,13.75,LOW,25.0,0.0,0.0,50.0,Completion date has not slipped versus the original plan. | Cost is within (or close to) the originally approved budget. | Recent progress growth is low (~0.02 points/month).
618543,4L of twin tube tunnel configuration including approaches from Marog to Digdol from Km.154.210 to Km.158.650 North Bound and from Km.155.940 to Km.160.260 South Bound of Ramban to Banihal Pkg-I of Old NH-1A New NH-44,NHAI,Jammu and Kashmir,2026-07,72.5,HIGH,100.0,100.0,0.0,75.0,Physical progress (30.5%) is 69.5 points below expected progress (100.0%). | Completion date has been revised by 28 month(s) (from 08/2025 to 12/2027). | Cost is within (or close to) the originally approved budget. | Recent progress growth is stalled or negative (no measurable gain last month).
618544,"4L twin tube tunnel including approaches from Digdol to Khuni Nallah North Bound connecting with existing major bridge on NB and South Bound connecting with Tunnel T4 ,Single tube tunnel of Ramban to Banihal Pkg-II of Old NH-1A New NH-44",NHAI,Jammu and Kashmir,2026-07,55.0,MEDIUM,50.0,100.0,0.0,75.0,Physical progress (87.1%) is 12.9 points below expected progress (100.0%). | Completion date has been revised by 27 month(s) (from 06/2024 to 09/2026). | Cost is within (or close to) the originally approved budget. | Recent progress growth is stalled or negative (no measurable gain last month).
618545,"4L of Km.165.092 to Km.171.855 North Bound and from Km.166.895 to Km.173.638 South Bound, excl. certain reaches of North Bound and South Bound of Ramban to Banihal Pkg-III of Old NH-1A New NH-44",NHAI,Jammu and Kashmir,2026-07,72.5,HIGH,100.0,100.0,0.0,75.0,Physical progress (42.8%) is 57.2 points below expected progress (100.0%). | Completion date has been revised by 34 month(s) (from 08/2024 to 06/2027). | Cost is within (or close to) the originally approved budget. | Recent progress growth is stalled or negative (no measurable gain last month).
618547,2L NH-1 from km 8.660 to km 33.775 Sumbal to Wayul to 4L dual carriageway NH standard as part of Srinagar Ring Road PhaseII [Design Ch. 41.907 to Ch. 66.609],NHAI,Jammu and Kashmir,2026-07,43.75,MEDIUM,75.0,50.0,0.0,25.0,Physical progress (55.0%) is 45.0 points below expected progress (100.0%). | Completion date has been revised by 12 month(s) (from 06/2026 to 06/2027). | Cost is within (or close to) the originally approved budget. | Recent progress growth is healthy (~1.74 points/month).
618549,Construction of twin tube tunnels on Jammu Kashmir Ring Road NH-244A Between Design Ch. 50600 to 51700 and design Ch. 53535 to 55700 on EPC mode under residual NHDP component of Bharatmala Pariyojna,NHAI,Jammu and Kashmir,2026-07,72.5,HIGH,50.0,75.0,100.0,75.0,Physical progress (83.9%) is 16.1 points below expected progress (100.0%). | Completion date has been revised by 18 month(s) (from 06/2025 to 12/2026). | Cost overrun of 201.5% (original Rs. 242.65 Cr -> revised Rs. 731.59 Cr). | Recent progress growth is stalled or negative (no measurable gain last month).
618550,Corridor Efficiency Improvement including removal of black spots in Lakhanpur - Samba section of NH-44 from Chainage Km. 16.300 to Km. 74.100,NHAI,Jammu and Kashmir,2026-07,63.75,HIGH,75.0,100.0,0.0,75.0,Physical progress (74.6%) is 25.4 points below expected progress (100.0%). | Completion date has been revised by 30 month(s) (from 06/2024 to 12/2026). | Cost is within (or close to) the originally approved budget. | Recent progress growth is stalled or negative (no measurable gain last month).
618551,Greenfield connectivity from Govindsar village on Delhi Amritsar Katra Expressway to Talwara village on NH-44 Pathankot by-pass,NHAI,Punjab,2026-07,27.5,LOW,50.0,0.0,20.0,50.0,Physical progress (29.0%) is 21.0 points below expected progress (50.0%). | Completion date has not slipped versus the original plan. | Cost is within (or close to) the originally approved budget. | Recent progress growth is low (~0.51 points/month).
618552,Development of 6L Greenfield Jalandhar Bypass starting from Kahlwan NH-03 ending at Kang Sahbu NH-703 via Sarmastpur NH-44 - Madara NH-03 - Khajurla NH-44,NHAI,Punjab,2026-07,72.5,HIGH,75.0,100.0,65.0,0.0,Physical progress (56.7%) is 43.3 points below expected progress (100.0%). | Completion date has been revised by 29 month(s) (from 01/2025 to 06/2027). | Cost overrun of 23.5% (original Rs. 1754.84 Cr -> revised Rs. 2167.39 Cr). | Recent progress growth is healthy (~2.69 points/month).
618553,6L of Agra Bypass Northern connecting Km. 174.500 of NH-2 new NH-19 to Km. 141.000 of Yamuna Expressways,National Highways Authority of India [NHAI],Uttar Pradesh,2026-05,37.5,MEDIUM,0.0,75.0,40.0,50.0,Physical progress (100.0%) is on track or ahead of expected progress (100.0%). | Completion date has been revised by 17 month(s) (from 02/2025 to 07/2026). | Cost overrun of 8.0% (original Rs. 957.62 Cr -> revised Rs. 1034.42 Cr). | Recent progress growth is low (~0.30 points/month).
618554,Construction of left out portion of Agra Inner Ring Road connecting village Deori to NH-44 village Bad from Km. 0.000 to Km. 7.772,NHAI,Uttar Pradesh,2026-07,36.25,MEDIUM,25.0,75.0,0.0,50.0,Completion date has been revised by 23 month(s) (from 09/2024 to 08/2026). | Cost is within (or close to) the originally approved budget. | Recent progress growth is low (~0.20 points/month).
618556,"Construction of 26 VUPs, Major Bridge, Service Road etc. on Lalitpur-Sagar- Lakhnadon section of NH-44 NS",NHAI,"Multi-States (Madhya Pradesh, Uttar Pradesh)",2026-07,25.25,LOW,25.0,30.0,0.0,75.0,Completion date has been revised by 5 month(s) (from 03/2026 to 08/2026). | Cost is within (or close to) the originally approved budget. | Recent progress growth is stalled or negative (no measurable gain last month).
618557,4L of Indora Chowk to Pachpaoli and Agrasen Chowk - Ashoka Chowk,NHAI,Maharashtra,2026-07,34.0,MEDIUM,50.0,30.0,0.0,75.0,Physical progress (84.0%) is 16.0 points below expected progress (100.0%). | Completion date has been revised by 3 month(s) (from 06/2026 to 09/2026). | Cost is within (or close to) the originally approved budget. | Recent progress growth is stalled or negative (no measurable gain last month).
618558,Improvement of Geometrics of Kalkallu to Gundla Pochanpalli from Km 454.00 to Km 471.00 of NH-44,NHAI,Telangana,2026-06,70.0,HIGH,100.0,100.0,0.0,50.0,Physical progress (36.5%) is 63.5 points below expected progress (100.0%). | Completion date has been revised by 26 month(s) (from 01/2025 to 03/2027). | Cost is within (or close to) the originally approved budget. | Recent progress growth is low (~0.54 points/month).
618559,6L of existing 4L from Gundlapochampally to Bowenpally from km 471.300 to km 481.331 of NH-44,NHAI,Telangana,2026-06,68.75,HIGH,75.0,100.0,20.0,75.0,Physical progress (50.5%) is 49.5 points below expected progress (100.0%). | Completion date has been revised by 29 month(s) (from 07/2024 to 12/2026). | Cost is within (or close to) the originally approved budget. | Recent progress growth is stalled or negative (no measurable gain last month).
618560,Improvement of Geometrics of Thondupally to Kothur from Km 22.300 to Km 34.14 of NH-44,NHAI,Telangana,2026-06,65.0,HIGH,100.0,75.0,0.0,75.0,Physical progress (17.1%) is 83.0 points below expected progress (100.0%). | Completion date has been revised by 24 month(s) (from 09/2024 to 09/2026). | Cost is within (or close to) the originally approved budget. | Recent progress growth is stalled or negative (no measurable gain last month).
618561,Improving the Alignment of Thoppur Ghat Section from Km 158.500 to Km 165.100 in Dharmapuri - Salem Section of NH-44,NHAI,Tamil Nadu,2026-07,0.0,LOW,0.0,0.0,0.0,0.0,Physical progress (47.8%) is on track or ahead of expected progress (44.4%). | Completion date has not slipped versus the original plan. | Cost is within (or close to) the originally approved budget. | Recent progress growth is healthy (~2.71 points/month).
618562,Dindigul Bypass - Samyanallore from km. 373.275 to km. 426.00,National Highways Authority of India [NHAI],Tamil Nadu,2026-05,7.5,LOW,0.0,0.0,0.0,75.0,Physical progress (100.0%) is on track or ahead of expected progress (100.0%). | No completion-date revision recorded (schedule risk based on original plan only). | Cost is within (or close to) the originally approved budget. | Recent progress growth is stalled or negative (no measurable gain last month).
618563,4L of Madurai Ring Road Phase 1 [Vadipatti-Thamrapatti] from km 0.00 - km 29.960,NHAI,Tamil Nadu,2026-07,43.75,MEDIUM,25.0,100.0,0.0,50.0,Completion date has been revised by 53 month(s) (from 03/2022 to 08/2026). | Cost is within (or close to) the originally approved budget. | Recent progress growth is low (~0.17 points/month).
618564,6L with PS of Samakhiyali to Santalpur section from km. 339.700 to Km. 430.100 of NH-27,NHAI,Gujarat,2026-07,56.25,MEDIUM,75.0,75.0,0.0,75.0,Physical progress (64.5%) is 35.5 points below expected progress (100.0%). | Completion date has been revised by 15 month(s) (from 12/2025 to 03/2027). | Cost is within (or close to) the originally approved budget. | Recent progress growth is stalled or negative (no measurable gain last month).
618565,Strengthening of existing 4L Ayodhya Bypass Section from design Km. 121 600 to Km. 144020 of NH 28 New NH 27Pkg-3,NHAI,Uttar Pradesh,2026-05,34.0,MEDIUM,50.0,30.0,0.0,75.0,Physical progress (81.8%) is 18.1 points below expected progress (100.0%). | Completion date has been revised by 5 month(s) (from 03/2025 to 08/2025). | Cost is within (or close to) the originally approved budget. | Recent progress growth is stalled or negative (no measurable gain last month).
618566,4L Green Field Northern East side Gorakhpur Bypass 26.616 Kms starting from NH- 29E Chainage 83.308 and end at NH-28 Chainage 285.100,NHAI,Uttar Pradesh,2026-07,43.75,MEDIUM,75.0,50.0,0.0,25.0,Physical progress (73.8%) is 26.2 points below expected progress (100.0%). | Completion date has been revised by 12 month(s) (from 01/2026 to 01/2027). | Cost is within (or close to) the originally approved budget. | Recent progress growth is healthy (~1.78 points/month).
618567,4/6L of Northern Ayodhya Bypass starting Km. 112.540 and ending Km. 139.928 north of existing NH-27 part-1 and part-2 south of NH-27 from km 0.000 to km 5.000.,NHAI,Uttar Pradesh,2026-07,13.75,LOW,25.0,0.0,0.0,50.0,Completion date has not slipped versus the original plan. | Cost is within (or close to) the originally approved budget. | Recent progress growth is low (~0.41 points/month).
618568,4/6L Southern Ayodhya Bypass from Km 5.000 to Km 37.172 starting near Km. 112.540 and ending at Km. 153.281 of NH-27,NHAI,Uttar Pradesh,2026-07,22.5,LOW,50.0,0.0,0.0,50.0,Physical progress (39.5%) is 13.8 points below expected progress (53.3%). | Completion date has not slipped versus the original plan. | Cost is within (or close to) the originally approved budget. | Recent progress growth is low (~0.47 points/month).
618569,Balance work - WB-10 Gandak Bridge Km 402.00 to Km 440.00 Devanpur - Kotwa,NHAI,Bihar,2026-06,88.75,HIGH,75.0,100.0,100.0,75.0,Physical progress (64.0%) is 36.0 points below expected progress (100.0%). | Completion date has been revised by 37 month(s) (from 01/2024 to 02/2027). | Cost overrun of 70.6% (original Rs. 210.05 Cr -> revised Rs. 358.30 Cr). | Recent progress growth is stalled or negative (no measurable gain last month).
618570,4L Elevated Highway and at grade improvements at Gopalganj Town from Km. 384.000 to Km. 386.750 on NH-27,National Highways Authority of India [NHAI],Bihar,2026-05,38.75,MEDIUM,25.0,75.0,0.0,75.0,Completion date has been revised by 20 month(s) (from 08/2024 to 04/2026). | Cost is within (or close to) the originally approved budget. | Recent progress growth is stalled or negative (no measurable gain last month).
618571,Permanent rectification of 3 nos. of black spots in project Highway NH-27 of U.P border - Dewapur - Kotwa section from Km.360.915 to km.440.000 Total Length of 79.085 Km of NH-27& Permanent rectification of 5 nos. of black spots of project Highway NH-27 of Kotwa - Mehsi - Muzaffarpur Section from km.440.000 to km.520.000 Total length 80.00Km,NHAI,Bihar,2026-07,58.75,MEDIUM,50.0,50.0,85.0,50.0,Physical progress (83.0%) is 17.0 points below expected progress (100.0%). | Completion date has been revised by 12 month(s) (from 12/2025 to 12/2026). | Cost overrun of 41.4% (original Rs. 227.25 Cr -> revised Rs. 321.23 Cr). | Recent progress growth is low (~0.01 points/month).
618572,Binnaguri Bypass-Descoped portion of Ghoshpukur-Dhupguri Section of NH-31Dpkg-1,NHAI,West Bengal,2026-07,28.75,LOW,75.0,0.0,0.0,25.0,Physical progress (3.7%) is 29.7 points below expected progress (33.3%). | Completion date has not slipped versus the original plan. | Cost is within (or close to) the originally approved budget. | Recent progress growth is healthy (~1.09 points/month).
618574,Balance Works of 4L of NH-31D from Km. 113.200 to Km. 154.854 Package-II A Ghoshpukur-Salsalabari Section,NHAI,West Bengal,2026-07,8.75,LOW,25.0,0.0,0.0,0.0,Completion date has not slipped versus the original plan. | Cost is within (or close to) the originally approved budget. | Recent progress growth is healthy (~2.95 points/month).
618576,"6L Standalone Flyovers at Raha, Demow, Borghat, Kathiatali junctions and ROB at Jagiroad on stretches of NH 36 and NH 27",National Highways Authority of India [NHAI],Assam,2026-05,16.25,LOW,25.0,0.0,0.0,75.0,No completion-date revision recorded (schedule risk based on original plan only). | Cost is within (or close to) the originally approved budget. | Recent progress growth is stalled or negative (no measurable gain last month).
618577,Dwarka Expressway Pkg-III Delhi/HR Border to Start of RoB Gurugram,NHAI,"Multi-States (Delhi, Haryana)",2026-06,42.5,MEDIUM,0.0,100.0,20.0,75.0,Physical progress (100.0%) is on track or ahead of expected progress (100.0%). | Completion date has been revised by 42 month(s) (from 11/2020 to 05/2024). | Cost is within (or close to) the originally approved budget. | Recent progress growth is stalled or negative (no measurable gain last month).
618578,6L Access Controlled Highway from DND Maharani Bagh - Jn. with Jaitpur - Pushta Road of NH-148NA from km. 0.00 to km. 9.00 in NCR,National Highways Authority of India [NHAI],Delhi,2026-05,63.75,HIGH,25.0,75.0,100.0,75.0,Completion date has been revised by 23 month(s) (from 07/2024 to 06/2026). | Cost overrun of 71.1% (original Rs. 1467.44 Cr -> revised Rs. 2510.34 Cr). | Recent progress growth is stalled or negative (no measurable gain last month).
618579,6L of Anandapuram Pendurthi Anakapalli Section from km. 681.000 to km. 731.780 of NH-16,NHAI,Andhra Pradesh,2026-07,53.75,MEDIUM,0.0,100.0,65.0,75.0,Physical progress (100.0%) is on track or ahead of expected progress (100.0%). | Completion date has been revised by 61 month(s) (from 07/2021 to 08/2026). | Cost overrun of 17.0% (original Rs. 2527.00 Cr -> revised Rs. 2957.25 Cr). | Recent progress growth is stalled or negative (no measurable gain last month).
618580,Gohana - Sonipat PKG-2,NHAI,Haryana,2026-07,67.5,HIGH,25.0,100.0,85.0,75.0,Completion date has been revised by 48 month(s) (from 07/2022 to 07/2026). | Cost overrun of 53.5% (original Rs. 1275.31 Cr -> revised Rs. 1957.44 Cr). | Recent progress growth is stalled or negative (no measurable gain last month).
618581,Hosur to Dhamrapuri Pkg-1 [Neraluru - Thorapalli Agraharam],NHAI,"Multi-States (Karnataka, Tamil Nadu)",2026-07,55.0,MEDIUM,50.0,100.0,0.0,75.0,Physical progress (78.7%) is 21.3 points below expected progress (100.0%). | Completion date has been revised by 27 month(s) (from 10/2024 to 01/2027). | Cost is within (or close to) the originally approved budget. | Recent progress growth is stalled or negative (no measurable gain last month).
618582,4L of Galgalia - Bahadurganj section from Km 0.000 to Km 49.000 Package-I of NH327E,National Highways Authority of India [NHAI],Bihar,2026-05,7.5,LOW,0.0,0.0,0.0,75.0,Physical progress (100.0%) is on track or ahead of expected progress (100.0%). | No completion-date revision recorded (schedule risk based on original plan only). | Cost is within (or close to) the originally approved budget. | Recent progress growth is stalled or negative (no measurable gain last month).
618583,4L of Bahadurganj Araria section from Km 49.000 to Km 94.000 Package-II of NH- 327E,National Highways Authority of India [NHAI],Bihar,2026-05,16.5,LOW,0.0,30.0,0.0,75.0,Physical progress (100.0%) is on track or ahead of expected progress (100.0%). | Completion date has been revised by 4 month(s) (from 01/2024 to 05/2024). | Cost is within (or close to) the originally approved budget. | Recent progress growth is stalled or negative (no measurable gain last month).
618584,4L of Kishanganj - Bahadurganj section from Km. 0.000 to Km. 23.649 & interchange at Start Point Length - 1.200 Km of NH-27,NHAI,"Multi-States (Bihar, West Bengal)",2026-07,11.25,LOW,25.0,0.0,0.0,25.0,Completion date has not slipped versus the original plan. | Cost is within (or close to) the originally approved budget. | Recent progress growth is healthy (~1.83 points/month).
618585,6L of Gonde Km. 439.038 to Pimpri Sado Km. 459.905 section of NH-848 Old NH-3,NHAI,Maharashtra,2026-07,41.25,MEDIUM,75.0,50.0,0.0,0.0,Physical progress (40.5%) is 29.5 points below expected progress (70.0%). | Completion date has been revised by 7 month(s) (from 04/2027 to 11/2027). | Cost is within (or close to) the originally approved budget. | Recent progress growth is healthy (~2.50 points/month).
618586,Improvement and strengthening of existing 2 lane stretch to 2-Lane with PS 1.5m on both sides on Ghoti-Sinnar section of NH-160A using Thin White Topping 200mm thick in the State Of Maharashtra on EPC Mode,NHAI,Maharashtra,2026-07,34.0,MEDIUM,50.0,30.0,0.0,75.0,Physical progress (77.0%) is 23.0 points below expected progress (100.0%). | Completion date has been revised by 2 month(s) (from 06/2026 to 08/2026). | Cost is within (or close to) the originally approved budget. | Recent progress growth is stalled or negative (no measurable gain last month).
618588,4L Mitigation Measure structures on CH/MH Border to Wainganga Bridge Section of NH-6 New NH-53,NHAI,Maharashtra,2026-07,46.25,MEDIUM,25.0,100.0,0.0,75.0,Completion date has been revised by 33 month(s) (from 11/2023 to 08/2026). | Cost is within (or close to) the originally approved budget. | Recent progress growth is stalled or negative (no measurable gain last month).
618589,Durg-Raipur Bypass Section Package - 1 from km. 0.00 to km. 44.50 near Tendesara to near Khatti Village,NHAI,Chhattisgarh,2026-07,45.0,MEDIUM,50.0,75.0,0.0,50.0,Physical progress (75.4%) is 24.6 points below expected progress (100.0%). | Completion date has been revised by 20 month(s) (from 07/2025 to 03/2027). | Cost is within (or close to) the originally approved budget. | Recent progress growth is low (~0.46 points/month).
618590,Durg-Raipur-Arang Package - 2 from km. 44.50 to km. 92.23 near Khatti Village to near Aurang,NHAI,Chhattisgarh,2026-07,56.25,MEDIUM,75.0,75.0,0.0,75.0,Physical progress (74.0%) is 26.0 points below expected progress (100.0%). | Completion date has been revised by 22 month(s) (from 05/2025 to 03/2027). | Cost is within (or close to) the originally approved budget. | Recent progress growth is stalled or negative (no measurable gain last month).
618591,"Construction of 6-lane flyover at Ainthapali junction and a 2-lane ROB LHS on NH-53 Earlier NH-6 in Sambalpur, on EPC mode in Odisha under NHO",NHAI,Odisha,2026-07,26.25,LOW,75.0,0.0,0.0,0.0,Physical progress (54.2%) is 29.1 points below expected progress (83.3%). | Completion date has not slipped versus the original plan. | Cost is within (or close to) the originally approved budget. | Recent progress growth is healthy (~3.33 points/month).
618592,"Balance work of 8 nos. of Elephant Underpasses EUPs, 1 no. of Vehicular Underpass VUP, 1 nos. of Light Vehicular Underpass LVUP, 1 nos. of Pedestrian Underpass PUP, 1 nos. of Foot Over Bridge FOB and A2 side approach of Jharpokharia Flyover at Km.215.270 in Baharagora-Singhara section of NH-49",NHAI,Odisha,2026-07,57.5,MEDIUM,100.0,75.0,0.0,0.0,Physical progress (25.0%) is 75.0 points below expected progress (100.0%). | Completion date has been revised by 17 month(s) (from 05/2026 to 10/2027). | Cost is within (or close to) the originally approved budget. | Recent progress growth is healthy (~2.19 points/month).
618593,Balance work of Rehabilitation and Upgradation to four laning of Baharagora Singhara section of NH-49 from Km.229.727 to Km.238.990 Length 9.263 Km. including construction of five nos. of Elephant Underpasses EUP and fourteen nos. of Animal Underpasses AUP inside the buffer zone of Similipal Tiger Reserve Area in Bangriposi Ghat section in the State of Odisha on EPC Mode,NHAI,Odisha,2026-07,31.25,MEDIUM,75.0,0.0,0.0,50.0,Physical progress (9.9%) is 36.7 points below expected progress (46.7%). | Completion date has not slipped versus the original plan. | Cost is within (or close to) the originally approved budget. | Recent progress growth is low (~0.15 points/month).
618594,Balance work of 4L Panvel to Indapur section of NH-66 Old NH- 17 from km 0.000 Panvel to km 42.300 Kasu,NHAI,Maharashtra,2026-07,33.75,MEDIUM,25.0,75.0,0.0,25.0,Completion date has been revised by 22 month(s) (from 10/2024 to 08/2026). | Cost is within (or close to) the originally approved budget. | Recent progress growth is healthy (~1.77 points/month).
618595,6L of Chengala - Neeleshwaram from km. 56.200 to km. 93.468,NHAI,Kerala,2026-07,67.5,HIGH,25.0,100.0,85.0,75.0,Completion date has been revised by 35 month(s) (from 04/2024 to 03/2027). | Cost overrun of 45.3% (original Rs. 1746.45 Cr -> revised Rs. 2538.06 Cr). | Recent progress growth is stalled or negative (no measurable gain last month).
618596,6L of Taliparamba to Muzhappilangad from Km 134.650 to Km 170.6 of NH-66,NHAI,Kerala,2026-07,73.75,HIGH,50.0,100.0,85.0,50.0,Physical progress (83.7%) is 16.3 points below expected progress (100.0%). | Completion date has been revised by 44 month(s) (from 05/2024 to 01/2028). | Cost overrun of 31.1% (original Rs. 2714.60 Cr -> revised Rs. 3557.65 Cr). | Recent progress growth is low (~0.30 points/month).
618597,6L of Azhiyur-Vengalam from km. 189.200 to km. 230.400 of NH-66,NHAI,Kerala,2026-07,80.0,HIGH,75.0,100.0,65.0,75.0,Physical progress (60.1%) is 39.9 points below expected progress (100.0%). | Completion date has been revised by 44 month(s) (from 07/2024 to 03/2028). | Cost overrun of 21.6% (original Rs. 3205.77 Cr -> revised Rs. 3898.46 Cr). | Recent progress growth is stalled or negative (no measurable gain last month).
618598,6L Minor Bridge Paloli Palam at km. 203.160 & Major Bridge Morad at km. 204.895 and allied works,NHAI,Kerala,2026-07,42.5,MEDIUM,0.0,100.0,20.0,75.0,Physical progress (100.0%) is on track or ahead of expected progress (100.0%). | Completion date has been revised by 51 month(s) (from 06/2022 to 09/2026). | Cost is within (or close to) the originally approved budget. | Recent progress growth is stalled or negative (no measurable gain last month).
618599,6L of Ramanatukkara Junction to start of Valanchery bypass section of NH-66,NHAI,Kerala,2026-07,37.5,MEDIUM,0.0,100.0,0.0,75.0,Physical progress (100.0%) is on track or ahead of expected progress (100.0%). | Completion date has been revised by 25 month(s) (from 07/2024 to 08/2026). | Cost is within (or close to) the originally approved budget. | Recent progress growth is stalled or negative (no measurable gain last month).
618600,6L of Valanchery bypass to Kappirikkad of NH 66 from km. 298500 to km 335850,NHAI,Kerala,2026-07,37.5,MEDIUM,0.0,100.0,0.0,75.0,Physical progress (100.0%) is on track or ahead of expected progress (100.0%). | Completion date has been revised by 25 month(s) (from 07/2024 to 08/2026). | Cost is within (or close to) the originally approved budget. | Recent progress growth is stalled or negative (no measurable gain last month).
618601,6L of Kappirikkad to Thalikulam section from km 335.85 to km 369.015 of NH - 66 old NH-17,NHAI,Kerala,2026-07,46.25,MEDIUM,25.0,100.0,0.0,75.0,Completion date has been revised by 29 month(s) (from 01/2025 to 06/2027). | Cost is within (or close to) the originally approved budget. | Recent progress growth is stalled or negative (no measurable gain last month).
618602,6L of Thalikulam to Kodugallur section from km 369.015 to km 397.850 of NH - 66 old NH-17,NHAI,Kerala,2026-07,43.75,MEDIUM,25.0,100.0,0.0,50.0,Completion date has been revised by 28 month(s) (from 02/2025 to 06/2027). | Cost is within (or close to) the originally approved budget. | Recent progress growth is low (~0.50 points/month).
618603,6L of Kodugallur to Edapppally section from km 397.750 to km 423.780 of NH - 66 old NH-17,NHAI,Kerala,2026-07,66.25,HIGH,75.0,100.0,20.0,50.0,Physical progress (71.1%) is 28.9 points below expected progress (100.0%). | Completion date has been revised by 25 month(s) (from 04/2025 to 05/2027). | Cost is within (or close to) the originally approved budget. | Recent progress growth is low (~0.12 points/month).
618604,Aroor-Thuravoor Thekku,NHAI,Kerala,2026-07,28.75,LOW,25.0,50.0,0.0,50.0,Completion date has been revised by 11 month(s) (from 01/2026 to 12/2026). | Cost is within (or close to) the originally approved budget. | Recent progress growth is low (~0.36 points/month).
618605,Thuravoor Thekku-Paravoor,NHAI,Kerala,2026-07,52.5,MEDIUM,50.0,100.0,0.0,50.0,Physical progress (81.5%) is 18.5 points below expected progress (100.0%). | Completion date has been revised by 32 month(s) (from 09/2024 to 05/2027). | Cost is within (or close to) the originally approved budget. | Recent progress growth is low (~0.64 points/month).
618606,Paravoor-Kottankulangara,NHAI,Kerala,2026-07,63.75,HIGH,75.0,100.0,0.0,75.0,Physical progress (71.2%) is 28.8 points below expected progress (100.0%). | Completion date has been revised by 25 month(s) (from 02/2025 to 03/2027). | Cost is within (or close to) the originally approved budget. | Recent progress growth is stalled or negative (no measurable gain last month).
618607,Kottankulangara- Start of Kollam Bypass,NHAI,Kerala,2026-07,80.0,HIGH,75.0,100.0,65.0,75.0,Physical progress (73.9%) is 26.1 points below expected progress (100.0%). | Completion date has been revised by 29 month(s) (from 10/2024 to 03/2027). | Cost overrun of 29.5% (original Rs. 2842.14 Cr -> revised Rs. 3680.49 Cr). | Recent progress growth is stalled or negative (no measurable gain last month).
618608,4L of left-over works including additional structures from Kerala/Tamil Nadu border to Kanyakumari Section from Km 43.0 to Km 96.174 of NH66,NHAI,Tamil Nadu,2026-07,42.5,MEDIUM,50.0,75.0,0.0,25.0,Physical progress (81.8%) is 18.1 points below expected progress (100.0%). | Completion date has been revised by 16 month(s) (from 08/2025 to 12/2026). | Cost is within (or close to) the originally approved budget. | Recent progress growth is healthy (~1.17 points/month).
618609,Construction of 4L Flyover from MES College Junction to Bogmalo Junction on NH- 566 from Km. 7.106 to Km. 10.460 and 4L VUP at Queeny Nagar Junction from Km. 3.330 to Km. 4.550,NHAI,Goa,2026-07,43.75,MEDIUM,75.0,50.0,0.0,25.0,Physical progress (59.2%) is 40.8 points below expected progress (100.0%). | Completion date has been revised by 10 month(s) (from 07/2026 to 05/2027). | Cost is within (or close to) the originally approved budget. | Recent progress growth is healthy (~1.88 points/month).
618610,6L of Jodhpur Romana Bathinda - Mandi Dabwali Punjab Haryana Border section of NH-54 from km. 0.000 to km. 27.400 of NH-54,NHAI,Punjab,2026-07,56.25,MEDIUM,25.0,50.0,100.0,75.0,Completion date has been revised by 12 month(s) (from 08/2025 to 08/2026). | Cost overrun of 67.1% (original Rs. 789.26 Cr -> revised Rs. 1318.91 Cr). | Recent progress growth is stalled or negative (no measurable gain last month).
618611,Sangariya near Chautala-Rasisar near Bikaner section of NH-754K Phase-I AJ/SR- Package-7,NHAI,Rajasthan,2026-07,47.5,MEDIUM,0.0,100.0,40.0,75.0,Physical progress (100.0%) is on track or ahead of expected progress (100.0%). | Completion date has been revised by 38 month(s) (from 06/2023 to 08/2026). | Cost overrun of 5.3% (original Rs. 520.63 Cr -> revised Rs. 548.42 Cr). | Recent progress growth is stalled or negative (no measurable gain last month).
618612,Deogarh near Dhandhaniya-Rajasthan/Gujarat Border Phase-I AJ/DRGB-Package-6,NHAI,Rajasthan,2026-07,37.5,MEDIUM,0.0,100.0,0.0,75.0,Physical progress (100.0%) is on track or ahead of expected progress (100.0%). | Completion date has been revised by 36 month(s) (from 08/2023 to 08/2026). | Cost is within (or close to) the originally approved budget. | Recent progress growth is stalled or negative (no measurable gain last month).
618613,Deogarh near Dhandhaniya-Rajasthan/Gujarat Border Phase-I AJ/DRGB-Package-7,NHAI,Rajasthan,2026-07,46.25,MEDIUM,25.0,100.0,0.0,75.0,Completion date has been revised by 37 month(s) (from 07/2023 to 08/2026). | Cost is within (or close to) the originally approved budget. | Recent progress growth is stalled or negative (no measurable gain last month).
618614,Sanchore - Santalpur from km 67.000 - km 99.000 of NH-754K AJ-RGBS-Package-3,National Highways Authority of India [NHAI],Gujarat,2026-05,51.25,MEDIUM,25.0,100.0,20.0,75.0,Completion date has been revised by 34 month(s) (from 08/2023 to 06/2026). | Cost is within (or close to) the originally approved budget. | Recent progress growth is stalled or negative (no measurable gain last month).
618615,Sanchore - Santalpur from km 99.000 - km 130.073 of NH-754K AJ-RGBS-Package-4,NHAI,Gujarat,2026-07,56.25,MEDIUM,25.0,100.0,40.0,75.0,Completion date has been revised by 41 month(s) (from 03/2023 to 08/2026). | Cost overrun of 7.4% (original Rs. 778.15 Cr -> revised Rs. 835.55 Cr). | Recent progress growth is stalled or negative (no measurable gain last month).
618616,4L of Dhrol bypass section of NH-151A Approx. length 5.7 Km & widening upto 4 laning of missing link of Amran section of NH-151A Approx. length 6.55 Km from existing Ch. 42000 to 48500 of ongoing Dhrol-Bhadra-Pipaliya section of NH-151A,NHAI,Gujarat,2026-07,26.25,LOW,75.0,0.0,0.0,0.0,Physical progress (35.5%) is 35.4 points below expected progress (70.8%). | Completion date has not slipped versus the original plan. | Cost is within (or close to) the originally approved budget. | Recent progress growth is healthy (~3.37 points/month).
618617,6L Amritsar-Bathinda Greenfield section from village Tiba on NE-5A to Jn. with Moga Jalandhar road NH-703 near Dharamkot from km 0.000 to km 39.000 of NH-754A Pkg-1,NHAI,Punjab,2026-07,77.5,HIGH,75.0,100.0,65.0,50.0,Physical progress (72.4%) is 27.6 points below expected progress (100.0%). | Completion date has been revised by 37 month(s) (from 11/2024 to 12/2027). | Cost overrun of 26.0% (original Rs. 1229.38 Cr -> revised Rs. 1549.32 Cr). | Recent progress growth is low (~0.81 points/month).
618618,6L Amritsar-Bathinda Greenfield section from Jn. with Bhagta Bhai Ka-Bhadaur Road near Dyalpura Bhai Ka to Jn. with Mandi Dabwali Bathinda Road on NH-54 near Sangat Kalan from km 93.000 to km 154.866 of NH-754A Pkg-3,NHAI,Punjab,2026-07,70.0,HIGH,75.0,75.0,85.0,0.0,Physical progress (74.0%) is 26.0 points below expected progress (100.0%). | Completion date has been revised by 13 month(s) (from 06/2026 to 07/2027). | Cost overrun of 31.9% (original Rs. 2029.17 Cr -> revised Rs. 2677.23 Cr). | Recent progress growth is healthy (~2.00 points/month).
618619,Bypass on Western side of Gwalior City,NHAI,Madhya Pradesh,2026-07,25.0,LOW,50.0,0.0,0.0,75.0,Physical progress (0.0%) is 25.0 points below expected progress (25.0%). | Completion date has not slipped versus the original plan. | Cost is within (or close to) the originally approved budget. | Recent progress growth is stalled or negative (no measurable gain last month).
618620,"Additional works 2VUPs, MR-10 junction flyover and underpass in Six lane Indore- Dewas section of NH-52 in the state of Madhya Pradesh on EPC Mode",NHAI,Madhya Pradesh,2026-07,60.0,MEDIUM,50.0,100.0,20.0,75.0,Physical progress (79.7%) is 20.3 points below expected progress (100.0%). | Completion date has been revised by 32 month(s) (from 07/2024 to 03/2027). | Cost is within (or close to) the originally approved budget. | Recent progress growth is stalled or negative (no measurable gain last month).
618621,Indore - Edlabad Pkg-II [Tejajinagar to Balwara],NHAI,Madhya Pradesh,2026-07,68.75,HIGH,50.0,75.0,85.0,75.0,Physical progress (87.3%) is 12.7 points below expected progress (100.0%). | Completion date has been revised by 21 month(s) (from 01/2025 to 10/2026). | Cost overrun of 31.6% (original Rs. 1162.80 Cr -> revised Rs. 1530.82 Cr). | Recent progress growth is stalled or negative (no measurable gain last month).
618622,4L of Indore - Boregaon Pkg-III [Balwara to Dhangaon] from km. 42.260 to km. 82.660 of NH347BG & 753L,NHAI,Madhya Pradesh,2026-07,38.75,MEDIUM,25.0,100.0,0.0,0.0,Completion date has been revised by 30 month(s) (from 04/2024 to 10/2026). | Cost is within (or close to) the originally approved budget. | Recent progress growth is healthy (~2.00 points/month).
618623,4L Boregaon Buzurg to Shahpur Pkg I of Boregaon Buzurg to Muktainagar of NH 753L,NHAI,Madhya Pradesh,2026-07,31.25,MEDIUM,25.0,50.0,0.0,75.0,Completion date has been revised by 9 month(s) (from 01/2026 to 10/2026). | Cost is within (or close to) the originally approved budget. | Recent progress growth is stalled or negative (no measurable gain last month).
618624,Mangloor to Telangana Maharashtra Border,National Highways Authority of India [NHAI],"Multi-States (Maharashtra, Telangana)",2026-05,32.5,MEDIUM,25.0,0.0,65.0,75.0,Completion date has not slipped versus the original plan. | Cost overrun of 22.2% (original Rs. 1082.65 Cr -> revised Rs. 1323.12 Cr). | Recent progress growth is stalled or negative (no measurable gain last month).
618625,Indore - Gujarat / MP Border from km. Km 9.500 to Km 171.000 of NH-59 in MP,National Highways Authority of India [NHAI],Madhya Pradesh,2026-05,46.25,MEDIUM,25.0,100.0,0.0,75.0,Completion date has been revised by 159 month(s) (from 02/2013 to 05/2026). | Cost is within (or close to) the originally approved budget. | Recent progress growth is stalled or negative (no measurable gain last month).
618626,Four laning from Dive Ghat Km. 220.900 to Hadapsar Km. 234.150 of Mohol Alandi section Pkg VI of NH-965,NHAI,Maharashtra,2026-07,26.5,LOW,50.0,30.0,0.0,0.0,Physical progress (70.0%) is 17.5 points below expected progress (87.5%). | Completion date has been revised by 6 month(s) (from 10/2026 to 04/2027). | Cost is within (or close to) the originally approved budget. | Recent progress growth is healthy (~5.06 points/month).
618627,Construction of 7 Nos of Standalone safety structures/works at different locations on various NHs,NHAI,Maharashtra,2026-07,33.75,MEDIUM,75.0,0.0,0.0,75.0,Physical progress (33.4%) is 33.3 points below expected progress (66.7%). | Completion date has not slipped versus the original plan. | Cost is within (or close to) the originally approved budget. | Recent progress growth is stalled or negative (no measurable gain last month).
618628,Strengthening of Existing Alignment of Pandharpur Town Part Bypassed Section of NH 965 from KM 36.230 to KM 44.230 from Chh. Shivaji Maharaj Chowk to Wakhari,NHAI,Maharashtra,2026-07,48.75,MEDIUM,75.0,75.0,0.0,0.0,Physical progress (69.2%) is 30.8 points below expected progress (100.0%). | Completion date has been revised by 17 month(s) (from 10/2025 to 03/2027). | Cost is within (or close to) the originally approved budget. | Recent progress growth is healthy (~21.25 points/month).
618629,Nandigama Bypass and Kanchikacherla bypass,NHAI,Andhra Pradesh,2026-07,56.25,MEDIUM,25.0,100.0,40.0,75.0,Completion date has been revised by 87 month(s) (from 06/2019 to 09/2026). | Cost overrun of 6.8% (original Rs. 416.07 Cr -> revised Rs. 444.58 Cr). | Recent progress growth is stalled or negative (no measurable gain last month).
618630,6L of MH/KN Border Nimbal Village to KN/TS Border Singnodi Village from Km. 26.000 to Km. 97.000 in Gulbarga of NH-150C Pkg-II,NHAI,Karnataka,2026-07,42.5,MEDIUM,50.0,75.0,0.0,25.0,Physical progress (81.3%) is 18.6 points below expected progress (100.0%). | Completion date has been revised by 18 month(s) (from 06/2025 to 12/2026). | Cost is within (or close to) the originally approved budget. | Recent progress growth is healthy (~1.48 points/month).
618631,6L of MH/KN Border Nimbal Village to KN/TS Border Singnodi Village from Km. 162.5 to Km. 203.100 in Raichur of NH-150C Pkg-IV,NHAI,"Multi-States (Karnataka, Telangana)",2026-07,38.75,MEDIUM,25.0,75.0,0.0,75.0,Completion date has been revised by 15 month(s) (from 05/2025 to 08/2026). | Cost is within (or close to) the originally approved budget. | Recent progress growth is stalled or negative (no measurable gain last month).
618632,6L Access Controlled Greenfield Highway of Nandinne village to Julekal village from Km 202.900 to Km 242.200 Pkg-1,NHAI,"Multi-States (Karnataka, Telangana)",2026-07,41.25,MEDIUM,25.0,75.0,40.0,0.0,Completion date has been revised by 19 month(s) (from 01/2025 to 08/2026). | Cost overrun of 7.4% (original Rs. 972.06 Cr -> revised Rs. 1044.06 Cr). | Recent progress growth is healthy (~2.32 points/month).
618633,4L of Kadapa China Orampadu section of NH-716 Package I of Kadapa-Renigunta section,NHAI,Andhra Pradesh,2026-07,17.5,LOW,50.0,0.0,0.0,0.0,Physical progress (5.0%) is 11.7 points below expected progress (16.7%). | Completion date has not slipped versus the original plan. | Cost is within (or close to) the originally approved budget. | Recent progress growth is healthy (~2.71 points/month).
618634,6L of Veera Kaveri Raja Puram to Pondavakkam from km 61.380 to km 96.040 of NH 716B Pkg-III,NHAI,"Multi-States (Andhra Pradesh, Tamil Nadu)",2026-07,38.75,MEDIUM,25.0,75.0,0.0,75.0,Completion date has been revised by 20 month(s) (from 01/2025 to 09/2026). | Cost is within (or close to) the originally approved budget. | Recent progress growth is stalled or negative (no measurable gain last month).
618635,6L of Pondavakkam to Kannigaipair from km 96.040 to km 116.100 of NH 716B Pkg- IV,NHAI,Tamil Nadu,2026-07,65.0,HIGH,100.0,100.0,0.0,0.0,Physical progress (44.5%) is 55.5 points below expected progress (100.0%). | Completion date has been revised by 35 month(s) (from 01/2025 to 12/2027). | Cost is within (or close to) the originally approved budget. | Recent progress growth is healthy (~3.65 points/month).
618636,Akkalkot MH/KN border New Greenfield corridor from Km 512.000 to Km 548.400 of NH-150C part of Akkalkot KN/TS Border section Package XIV,NHAI,"Multi-States (Karnataka, Maharashtra)",2026-07,46.25,MEDIUM,75.0,50.0,20.0,0.0,Physical progress (57.6%) is 29.9 points below expected progress (87.5%). | Completion date has been revised by 8 month(s) (from 10/2026 to 06/2027). | Cost is within (or close to) the originally approved budget. | Recent progress growth is healthy (~4.31 points/month).
618637,Bal. Works of Fagne Km. 510.000 to Maharashtra/Gujarat Border Km. 650.794,NHAI,"Multi-States (Gujarat, Maharashtra)",2026-07,43.75,MEDIUM,25.0,100.0,20.0,0.0,Completion date has been revised by 51 month(s) (from 09/2022 to 12/2026). | Cost is within (or close to) the originally approved budget. | Recent progress growth is healthy (~2.04 points/month).
618638,Tarsod - Fagne section of NH-6,National Highways Authority of India [NHAI],Maharashtra,2026-05,56.25,MEDIUM,25.0,100.0,40.0,75.0,Completion date has been revised by 57 month(s) (from 07/2021 to 04/2026). | Cost overrun of 12.9% (original Rs. 2267.99 Cr -> revised Rs. 2560.50 Cr). | Recent progress growth is stalled or negative (no measurable gain last month).
618639,4L of Bilaspur to Urga km 0.00 to 70.2 of NH-130A,NHAI,Chhattisgarh,2026-07,67.5,HIGH,25.0,100.0,85.0,75.0,Completion date has been revised by 33 month(s) (from 03/2024 to 12/2026). | Cost overrun of 36.0% (original Rs. 1855.59 Cr -> revised Rs. 2523.86 Cr). | Recent progress growth is stalled or negative (no measurable gain last month).
618640,4L of Urga - Pathalgaon from Km. 70.200 to km. 157.745 of NH-130A,NHAI,Chhattisgarh,2026-07,36.25,MEDIUM,50.0,0.0,65.0,25.0,Physical progress (81.5%) is 15.2 points below expected progress (96.7%). | Completion date has not slipped versus the original plan. | Cost overrun of 26.5% (original Rs. 2261.30 Cr -> revised Rs. 2860.36 Cr). | Recent progress growth is healthy (~1.45 points/month).
618641,4 Lane of CG/JH Border-Gumla from km 0.000 to km 32.370 of NH-43 in the State of Jhrkhand,NHAI,Jharkhand,2026-07,17.5,LOW,50.0,0.0,0.0,0.0,Physical progress (9.8%) is 11.1 points below expected progress (20.8%). | Completion date has not slipped versus the original plan. | Cost is within (or close to) the originally approved budget. | Recent progress growth is healthy (~4.03 points/month).
618642,4L of Palma to Gumla from km. 26.00 to km. 89.170 of NH-23,NHAI,Jharkhand,2026-07,48.75,MEDIUM,25.0,100.0,20.0,50.0,Completion date has been revised by 30 month(s) (from 03/2024 to 09/2026). | Cost is within (or close to) the originally approved budget. | Recent progress growth is low (~0.01 points/month).
618644,4L of Ormanjhi-Gola section from Km 81.450 to Km 53.600 of NH- 320BPKG-II,NHAI,Jharkhand,2026-07,63.75,HIGH,50.0,75.0,65.0,75.0,Physical progress (86.6%) is 13.4 points below expected progress (100.0%). | Completion date has been revised by 18 month(s) (from 06/2025 to 12/2026). | Cost overrun of 20.4% (original Rs. 1214.93 Cr -> revised Rs. 1462.19 Cr). | Recent progress growth is stalled or negative (no measurable gain last month).
618645,4L of Gola-BokaroJaina More section from Km 53.600 to Km 21.110 of NH-320PKG-1,NHAI,Jharkhand,2026-07,52.5,MEDIUM,50.0,75.0,20.0,75.0,Physical progress (78.1%) is 21.9 points below expected progress (100.0%). | Completion date has been revised by 16 month(s) (from 06/2025 to 10/2026). | Cost is within (or close to) the originally approved budget. | Recent progress growth is stalled or negative (no measurable gain last month).
618646,4L of Pathalgaon-Kunkuri-CG/JH Border section of NH-43 from Km. 00.000 to Km.104.250,NHAI,Chhattisgarh,2026-07,16.25,LOW,25.0,0.0,0.0,75.0,Completion date has not slipped versus the original plan. | Cost is within (or close to) the originally approved budget. | Recent progress growth is stalled or negative (no measurable gain last month).
618647,6L Access Controlled Ludhiana-Bathinda Greenfield highway from Jn. with Amritsar- Bathanda Greenfield Road NH-754A near Rampura Phul to Jn. with Moga-Barnala Road NH-703 near village Tallewal from Km 0.0 to Km 30.3 of NH-754AD Pkg-1,NHAI,Punjab,2026-07,57.5,MEDIUM,50.0,75.0,40.0,75.0,Physical progress (81.5%) is 18.5 points below expected progress (100.0%). | Completion date has been revised by 13 month(s) (from 09/2025 to 10/2026). | Cost overrun of 12.6% (original Rs. 906.51 Cr -> revised Rs. 1020.52 Cr). | Recent progress growth is stalled or negative (no measurable gain last month).
618648,"Development of 6-lane Greenfield Southern Ludhiana Bypass from intersection with NH-44 near Village Rajgarh to intersection with Delhi Katra Expressway NE-5 near Village Ballowal, km 0000 to km 25240",NHAI,Punjab,2026-07,17.5,LOW,50.0,0.0,0.0,0.0,Physical progress (5.8%) is 10.9 points below expected progress (16.7%). | Completion date has not slipped versus the original plan. | Cost is within (or close to) the originally approved budget. | Recent progress growth is healthy (~2.25 points/month).
618649,4 Lane with PS from Des. Ch 228.500 to Des. Ch. 273.400 of Belgaum-Hungund- Raichur Section of NH 748 A Package-6,NHAI,Karnataka,2026-07,48.75,MEDIUM,75.0,50.0,0.0,75.0,Physical progress (53.8%) is 29.5 points below expected progress (83.3%). | Completion date has been revised by 7 month(s) (from 11/2026 to 06/2027). | Cost is within (or close to) the originally approved budget. | Recent progress growth is stalled or negative (no measurable gain last month).
618650,4 Lane with PS from Des. Ch 89.900 to Des. Ch. 136.100 of Belgaum-Hungund- Raichur Section of NH-748A Package-3,NHAI,Karnataka,2026-07,41.25,MEDIUM,75.0,50.0,0.0,0.0,Physical progress (24.5%) is 38.0 points below expected progress (62.5%). | Completion date has been revised by 10 month(s) (from 04/2027 to 02/2028). | Cost is within (or close to) the originally approved budget. | Recent progress growth is healthy (~2.00 points/month).
618651,4 Lane with PS from Des. Ch 43.800 to Des. Ch. 89.900 of Belgaum-Hungund- Raichur Section of NH-748A Package-2,NHAI,Karnataka,2026-07,26.5,LOW,50.0,30.0,0.0,0.0,Physical progress (58.7%) is 10.9 points below expected progress (69.6%). | Completion date has been revised by 5 month(s) (from 02/2027 to 07/2027). | Cost is within (or close to) the originally approved budget. | Recent progress growth is healthy (~9.90 points/month).
618652,Chakur Loha Section of NH-361 from km 114.600 to km 187.80,National Highways Authority of India [NHAI],Maharashtra,2026-05,62.5,HIGH,0.0,100.0,100.0,75.0,Physical progress (100.0%) is on track or ahead of expected progress (100.0%). | Completion date has been revised by 35 month(s) (from 03/2021 to 02/2024). | Cost overrun of 169.2% (original Rs. 1241.38 Cr -> revised Rs. 3342.11 Cr). | Recent progress growth is stalled or negative (no measurable gain last month).
618653,Loha-Waranga Section of NH-361 from km 187.800 to km 244.369,NHAI,Maharashtra,2026-07,71.25,HIGH,25.0,100.0,100.0,75.0,Completion date has been revised by 69 month(s) (from 03/2021 to 12/2026). | Cost overrun of 180.4% (original Rs. 1236.08 Cr -> revised Rs. 3466.58 Cr). | Recent progress growth is stalled or negative (no measurable gain last month).
618654,4L Greenfield Rudhi to Deshgaon Pkg V of Betul-Khandwa/Deshgaon,NHAI,Madhya Pradesh,2026-07,56.25,MEDIUM,75.0,75.0,0.0,75.0,Physical progress (63.8%) is 36.2 points below expected progress (100.0%). | Completion date has been revised by 22 month(s) (from 10/2025 to 08/2027). | Cost is within (or close to) the originally approved budget. | Recent progress growth is stalled or negative (no measurable gain last month).
618655,2L PS of Roshni to Ashapur Section of NH-347B from Design KM Ch. 89.900 to 114.000 KM Package III of Betul Khandwa,NHAI,Madhya Pradesh,2026-07,5.0,LOW,0.0,0.0,0.0,50.0,Physical progress (98.8%) is on track or ahead of expected progress (95.8%). | Completion date has not slipped versus the original plan. | Cost is within (or close to) the originally approved budget. | Recent progress growth is low (~0.59 points/month).
618661,4L from km 0.000 to 42.040 Bhopal Ratnaigiri Tiraha to Vidisha Morikodi,NHAI,Madhya Pradesh,2026-07,22.5,LOW,50.0,0.0,20.0,0.0,Physical progress (20.2%) is 13.1 points below expected progress (33.3%). | Completion date has not slipped versus the original plan. | Cost is within (or close to) the originally approved budget. | Recent progress growth is healthy (~3.12 points/month).
618662,4L Vidisha Gyaraspur section of NH-146 from Design Chainage km 59475 existing chainage km 81240 to Design Chainage km 88361 existing chainage km 110.315,NHAI,Madhya Pradesh,2026-07,11.25,LOW,25.0,0.0,0.0,25.0,Completion date has not slipped versus the original plan. | Cost is within (or close to) the originally approved budget. | Recent progress growth is healthy (~1.15 points/month).
618663,i 4L Vidisha to Hinotiya from km 0.000 to Km 27.000 Vidisha Mehulwa-Talbehat Pkg- I Section of NH- 346 and ii 4L Vidisha to Morikori from Km 39.000 to 59.476 section of NH-146,NHAI,Madhya Pradesh,2026-07,31.25,MEDIUM,25.0,50.0,0.0,75.0,Completion date has been revised by 12 month(s) (from 12/2025 to 12/2026). | Cost is within (or close to) the originally approved budget. | Recent progress growth is stalled or negative (no measurable gain last month).
618664,Berkhedi to Godpehra on NH-44 Sagar link road,NHAI,Madhya Pradesh,2026-07,41.25,MEDIUM,25.0,100.0,0.0,25.0,Completion date has been revised by 25 month(s) (from 11/2024 to 12/2026). | Cost is within (or close to) the originally approved budget. | Recent progress growth is healthy (~1.00 points/month).
618665,4L of Sagar - Mohari from Km.8 to Km.50 Pkg-I,National Highways Authority of India [NHAI],Madhya Pradesh,2026-05,46.25,MEDIUM,25.0,100.0,0.0,75.0,Completion date has been revised by 26 month(s) (from 04/2024 to 06/2026). | Cost is within (or close to) the originally approved budget. | Recent progress growth is stalled or negative (no measurable gain last month).
618666,4- Laning of Mohari to Satai Ghat section NH-934 from Km 50300 to Km 89875 Total length 39.575 km Package-2 in the State of Madhya Pradesh on EPC Mode,NHAI,Madhya Pradesh,2026-07,0.0,LOW,0.0,0.0,0.0,0.0,Physical progress (99.5%) is on track or ahead of expected progress (95.8%). | Completion date has not slipped versus the original plan. | Cost is within (or close to) the originally approved budget. | Recent progress growth is healthy (~3.84 points/month).
618667,4L of near Satai Ghat to Chowka section of NH-34 from D. Ch. 89.875 to D. Ch. 145.000 Package-3,NHAI,Madhya Pradesh,2026-07,0.0,LOW,0.0,0.0,0.0,0.0,Physical progress (38.3%) is on track or ahead of expected progress (37.5%). | Completion date has not slipped versus the original plan. | Cost is within (or close to) the originally approved budget. | Recent progress growth is healthy (~3.34 points/month).
618668,4L of Chowka to Kaimaha near MP/UP Border section NH-34 from D. Ch. 145.000 to D. Ch. 197.266 excluding existing Chhatarpur bypass from D. Ch. 160.307 to D. Ch. 168.630 Package-4,NHAI,"Multi-States (Madhya Pradesh, Uttar Pradesh)",2026-07,0.0,LOW,0.0,0.0,0.0,0.0,Physical progress (49.2%) is on track or ahead of expected progress (41.7%). | Completion date has not slipped versus the original plan. | Cost is within (or close to) the originally approved budget. | Recent progress growth is healthy (~4.26 points/month).
618669,4 -Laning of MP/UP Border to Kabarai section of NH-34&35 from km 197.000 to km 242.991 Length 45.991 Km Sagar-Kabrai Package-5 under Bharat Mala Pariyojana EC in MP & UP on HAM,NHAI,Uttar Pradesh,2026-07,11.25,LOW,25.0,0.0,0.0,25.0,Completion date has not slipped versus the original plan. | Cost is within (or close to) the originally approved budget. | Recent progress growth is healthy (~1.75 points/month).
618671,4-lanning of Rahatgarh to Berkhedi section of NH-146 from Design Ch 124470 to Ch. 134.549,NHAI,Madhya Pradesh,2026-07,17.5,LOW,50.0,0.0,0.0,0.0,Physical progress (14.6%) is 14.6 points below expected progress (29.2%). | Completion date has not slipped versus the original plan. | Cost is within (or close to) the originally approved budget. | Recent progress growth is healthy (~2.53 points/month).
618672,4-lanning of Gyaraspur to Rahatgarh section of NH-146 from Design Ch. 88361 to Ch 124470 in the state of MP on HAM mode,NHAI,Madhya Pradesh,2026-07,0.0,LOW,0.0,0.0,0.0,0.0,Physical progress (35.2%) is on track or ahead of expected progress (33.3%). | Completion date has not slipped versus the original plan. | Cost is within (or close to) the originally approved budget. | Recent progress growth is healthy (~2.11 points/month).
618673,Development of 6L of Jhanki Sargi Section Road from km 0.000 to km 42.800 of NH- 130CD Pkg-CG-1,NHAI,Chhattisgarh,2026-07,46.25,MEDIUM,25.0,100.0,0.0,75.0,Completion date has been revised by 29 month(s) (from 09/2024 to 02/2027). | Cost is within (or close to) the originally approved budget. | Recent progress growth is stalled or negative (no measurable gain last month).
618674,Development of 6L Sargi Basanwahi Section from km 42.800 to km 99.500 of NH- 130CD Pkg-CG-2,NHAI,Chhattisgarh,2026-07,30.0,LOW,0.0,75.0,0.0,75.0,Physical progress (100.0%) is on track or ahead of expected progress (100.0%). | Completion date has been revised by 19 month(s) (from 01/2025 to 08/2026). | Cost is within (or close to) the originally approved budget. | Recent progress growth is stalled or negative (no measurable gain last month).
618675,Development of 6L of Basanwahi Marangpuri Section from km 99.500 to km 124.661 of NH-130-CD,NHAI,Chhattisgarh,2026-07,48.75,MEDIUM,75.0,75.0,0.0,0.0,Physical progress (70.7%) is 29.3 points below expected progress (100.0%). | Completion date has been revised by 17 month(s) (from 10/2025 to 03/2027). | Cost is within (or close to) the originally approved budget. | Recent progress growth is healthy (~3.93 points/month).
618676,6L of Dhanara - Hatibena Section from Km 124.611 to km 146.50 of NH-130-CD Package OD-1,National Highways Authority of India [NHAI],"Multi-States (Chhattisgarh, Odisha)",2026-05,67.5,HIGH,25.0,100.0,85.0,75.0,Completion date has been revised by 25 month(s) (from 03/2024 to 04/2026). | Cost overrun of 33.6% (original Rs. 477.76 Cr -> revised Rs. 638.32 Cr). | Recent progress growth is stalled or negative (no measurable gain last month).
618677,6L Greenfield Kaliagura Baunsaguar Section of NH-130-CD Road from km 249000 to km 293000 Package OD-5,NHAI,Odisha,2026-07,57.5,MEDIUM,25.0,100.0,65.0,25.0,Completion date has been revised by 30 month(s) (from 05/2024 to 11/2026). | Cost overrun of 24.6% (original Rs. 1539.75 Cr -> revised Rs. 1918.49 Cr). | Recent progress growth is healthy (~1.00 points/month).
618678,6L Greenfield Baunsaguar - Baraja Section of NH-130-CD Road from km 293000 to km 338500 Package OD-6,NHAI,Odisha,2026-07,60.0,MEDIUM,25.0,100.0,65.0,50.0,Completion date has been revised by 27 month(s) (from 05/2024 to 08/2026). | Cost overrun of 29.2% (original Rs. 1265.59 Cr -> revised Rs. 1635.44 Cr). | Recent progress growth is low (~0.20 points/month).
618680,6L Greenfield Kandili - Aluru Section of NH-130-CD Road from km 342500 to km 365033 Package-OD-8,NHAI,Odisha,2026-07,55.0,MEDIUM,25.0,75.0,65.0,75.0,Completion date has been revised by 22 month(s) (from 10/2024 to 08/2026). | Cost overrun of 28.1% (original Rs. 1492.74 Cr -> revised Rs. 1912.84 Cr). | Recent progress growth is stalled or negative (no measurable gain last month).
618681,6L Aluru - Jakkuva Section of NH-130CD Road from km 365.033 to km 396.800 Pkg. 1,NHAI,"Multi-States (Andhra Pradesh, Odisha)",2026-07,51.25,MEDIUM,25.0,100.0,20.0,75.0,Completion date has been revised by 29 month(s) (from 03/2024 to 08/2026). | Cost is within (or close to) the originally approved budget. | Recent progress growth is stalled or negative (no measurable gain last month).
618682,6L Korlam-Kantakapalle Section of NH-130CD Road from Km 421.100 to Km 445.100 Pkg-3,NHAI,Andhra Pradesh,2026-07,51.25,MEDIUM,25.0,100.0,20.0,75.0,Completion date has been revised by 30 month(s) (from 02/2024 to 08/2026). | Cost is within (or close to) the originally approved budget. | Recent progress growth is stalled or negative (no measurable gain last month).
618684,Outer Ring Road of Jabalpur Town from Manegaon to NH-45 Pkg-2,NHAI,Madhya Pradesh,2026-07,32.5,MEDIUM,50.0,50.0,0.0,0.0,Physical progress (78.8%) is 21.2 points below expected progress (100.0%). | Completion date has been revised by 12 month(s) (from 03/2026 to 03/2027). | Cost is within (or close to) the originally approved budget. | Recent progress growth is healthy (~3.14 points/month).
618685,Outer Ring Road of Jabalpur Town from NH45 to Kushner Pkg-3,NHAI,Madhya Pradesh,2026-07,40.0,MEDIUM,50.0,50.0,0.0,75.0,Physical progress (79.8%) is 20.2 points below expected progress (100.0%). | Completion date has been revised by 9 month(s) (from 03/2026 to 12/2026). | Cost is within (or close to) the originally approved budget. | Recent progress growth is stalled or negative (no measurable gain last month).
618686,Outer Ring Road of Jabalpur Town from Kushner to Amjhar Road including Airport Connectivity Pkg-IV,NHAI,Madhya Pradesh,2026-07,40.0,MEDIUM,50.0,50.0,0.0,75.0,Physical progress (79.6%) is 20.4 points below expected progress (100.0%). | Completion date has been revised by 8 month(s) (from 03/2026 to 11/2026). | Cost is within (or close to) the originally approved budget. | Recent progress growth is stalled or negative (no measurable gain last month).
618687,Outer Ring Road of Jabalpur Town from Barela to Manegaon Pkg-1,NHAI,Madhya Pradesh,2026-07,47.5,MEDIUM,50.0,75.0,0.0,75.0,Physical progress (89.7%) is 10.3 points below expected progress (100.0%). | Completion date has been revised by 17 month(s) (from 03/2025 to 08/2026). | Cost is within (or close to) the originally approved budget. | Recent progress growth is stalled or negative (no measurable gain last month).
618688,Outer Ring Road of Jabalpur Town from Amjhar Road including Airport Connectivity to barela Pkg-V,NHAI,Madhya Pradesh,2026-07,8.75,LOW,25.0,0.0,0.0,0.0,Completion date has not slipped versus the original plan. | Cost is within (or close to) the originally approved budget. | Recent progress growth is healthy (~2.12 points/month).
618690,"4 lanning of Aligarh Palwal section from km 0.00 to km 46.39 package -1 from khereshwar junction-kurana of NH33D , including khair & jattari bypass in the state of UP on HAM mode",NHAI,Uttar Pradesh,2026-07,33.75,MEDIUM,75.0,0.0,20.0,25.0,Physical progress (21.2%) is 45.4 points below expected progress (66.7%). | Completion date has not slipped versus the original plan. | Cost is within (or close to) the originally approved budget. | Recent progress growth is healthy (~1.75 points/month).
618691,4 laning of Aligarh-Palwal Section from Km. 46.390 Design Chainage to Km. 69.110 Terminating at junction EPE Package-II from Kurana- Eastern Peripheral Expressway of NH-334D,NHAI,"Multi-States (Haryana, Uttar Pradesh)",2026-07,26.25,LOW,75.0,0.0,0.0,0.0,Physical progress (17.2%) is 28.7 points below expected progress (45.8%). | Completion date has not slipped versus the original plan. | Cost is within (or close to) the originally approved budget. | Recent progress growth is healthy (~4.66 points/month).
618692,Aligarh-Kanpur Pkg I [Aligarh-Bhadwas],NHAI,Uttar Pradesh,2026-06,62.5,HIGH,0.0,100.0,100.0,75.0,Physical progress (100.0%) is on track or ahead of expected progress (100.0%). | Completion date has been revised by 50 month(s) (from 06/2022 to 08/2026). | Cost overrun of 68.7% (original Rs. 1226.64 Cr -> revised Rs. 2069.60 Cr). | Recent progress growth is stalled or negative (no measurable gain last month).
618693,Bodhre - Dhule,NHAI,Maharashtra,2026-07,46.25,MEDIUM,25.0,100.0,0.0,75.0,Completion date has been revised by 25 month(s) (from 07/2024 to 08/2026). | Cost is within (or close to) the originally approved budget. | Recent progress growth is stalled or negative (no measurable gain last month).
618694,Indore - Harda Pkg-I [Indore to Raghav Garh from km. 0.25 to km. 26.903],NHAI,Madhya Pradesh,2026-07,31.25,MEDIUM,25.0,75.0,0.0,0.0,Completion date has been revised by 22 month(s) (from 10/2024 to 08/2026). | Cost is within (or close to) the originally approved budget. | Recent progress growth is healthy (~2.25 points/month).
618695,Indore - Harda Pkg-III [Nanasa to Pidgaon Section from km 95.000 to km 142.445],National Highways Authority of India [NHAI],Madhya Pradesh,2026-05,56.25,MEDIUM,25.0,100.0,40.0,75.0,Completion date has been revised by 32 month(s) (from 10/2023 to 06/2026). | Cost overrun of 8.2% (original Rs. 1146.22 Cr -> revised Rs. 1240.64 Cr). | Recent progress growth is stalled or negative (no measurable gain last month).
618697,4LPS Access Controlled Highway of Bellary Bypass Balance work from Ch. 254750 to Ch. 266837 and construction of 4LPS from Ch. 277.690 to Ch. 278.690 at D. Hirehal Village Balance work of NH 150A of Bellary Byrapura Section,NHAI,Karnataka,2026-07,62.5,HIGH,100.0,75.0,0.0,50.0,Physical progress (39.0%) is 61.0 points below expected progress (100.0%). | Completion date has been revised by 15 month(s) (from 07/2026 to 10/2027). | Cost is within (or close to) the originally approved budget. | Recent progress growth is low (~0.89 points/month).
618698,Challakere to Hariyur section from km 358.500 to km 414.205 of NH-150 A,National Highways Authority of India [NHAI],Karnataka,2026-05,71.25,HIGH,25.0,100.0,100.0,75.0,Completion date has been revised by 29 month(s) (from 01/2023 to 06/2025). | Cost overrun of 60.5% (original Rs. 1167.52 Cr -> revised Rs. 1873.58 Cr). | Recent progress growth is stalled or negative (no measurable gain last month).
618699,Pipli Bhavnagar-Package 1 from km 136.025 to km 169.328,National Highways Authority of India [NHAI],Gujarat,2026-05,28.75,LOW,0.0,0.0,85.0,75.0,Physical progress (100.0%) is on track or ahead of expected progress (100.0%). | No completion-date revision recorded (schedule risk based on original plan only). | Cost overrun of 58.4% (original Rs. 819.14 Cr -> revised Rs. 1297.38 Cr). | Recent progress growth is stalled or negative (no measurable gain last month).
618700,Renigunta - Poyya - Naidupeta km 124.60 to km 183.4 of NH 71,NHAI,Andhra Pradesh,2026-07,67.5,HIGH,25.0,100.0,85.0,75.0,Completion date has been revised by 32 month(s) (from 01/2024 to 09/2026). | Cost overrun of 34.7% (original Rs. 1863.09 Cr -> revised Rs. 2510.14 Cr). | Recent progress growth is stalled or negative (no measurable gain last month).
618701,Balance work of 4L of Nauradehi Sanctuary de-scoped stretch of Hiran River to Sindoor River from Km. 66.00 to 130.00 NH-12 New NH-45,National Highways Authority of India [NHAI],Madhya Pradesh,2026-05,48.75,MEDIUM,75.0,50.0,0.0,75.0,Physical progress (57.1%) is 42.9 points below expected progress (100.0%). | Completion date has been revised by 9 month(s) (from 07/2023 to 04/2024). | Cost is within (or close to) the originally approved budget. | Recent progress growth is stalled or negative (no measurable gain last month).
618702,4L of Addahole Near Gundya to Bantwal Cross section Pkg-02 from Design Km 270.270 to Design km 318.55 including flyover at Kalladka Town including approaches from Km. 311.57 to Km. 313.67 of NH-75 Old NH-48,NHAI,Karnataka,2026-07,46.25,MEDIUM,25.0,100.0,0.0,75.0,Completion date has been revised by 41 month(s) (from 11/2023 to 04/2027). | Cost is within (or close to) the originally approved budget. | Recent progress growth is stalled or negative (no measurable gain last month).
618704,6L Flyover including RE Wall approaches with Flexible Pavement in the Elephant Corridor of Angul Sambalpur Section of NH-42 New NH-55 Km.202.533,NHAI,Odisha,2026-07,5.0,LOW,0.0,0.0,0.0,50.0,Physical progress (100.0%) is on track or ahead of expected progress (80.7%). | Completion date has not slipped versus the original plan. | Cost is within (or close to) the originally approved budget. | Recent progress growth is low (~0.01 points/month).
618705,"4L Godibandha to Ballhar Chhak, Ballhar Chhak to Banarpal & Banarpal to Start of Angul bypass at Km.314.130 to Km.321.035 of NH53, at Km.75.200 to Km.84.000 of NH149 & at Km.84.000 to Km.86.100 of NH55",NHAI,Odisha,2026-07,20.0,LOW,50.0,0.0,0.0,25.0,Physical progress (5.4%) is 15.4 points below expected progress (20.8%). | Completion date has not slipped versus the original plan. | Cost is within (or close to) the originally approved budget. | Recent progress growth is healthy (~1.20 points/month).
618706,Bangalore-Nidagatta Pkg. I,NHAI,Karnataka,2026-07,62.5,HIGH,25.0,100.0,65.0,75.0,Completion date has been revised by 58 month(s) (from 11/2021 to 09/2026). | Cost overrun of 16.9% (original Rs. 3496.01 Cr -> revised Rs. 4087.42 Cr). | Recent progress growth is stalled or negative (no measurable gain last month).
618707,Additional works under BM1 to ensure road safety under 6L of Bengaluru Mysuru Access control with close toll from Km.17.300 to Km.136.300 of NH-275,NHAI,Karnataka,2026-07,26.5,LOW,50.0,30.0,0.0,0.0,Physical progress (12.7%) is 12.3 points below expected progress (25.0%). | Completion date has been revised by 4 month(s) (from 01/2028 to 05/2028). | Cost is within (or close to) the originally approved budget. | Recent progress growth is healthy (~3.00 points/month).
618708,Widening/Development of Existing NH-85 from Km 0.000 to Km 124.636 section to 2L/LPS section in the state of Kerala on EPC Mode under Bharatmala Pariyojana,NHAI,Kerala,2026-07,50.0,MEDIUM,50.0,75.0,40.0,0.0,Physical progress (82.0%) is 18.0 points below expected progress (100.0%). | Completion date has been revised by 21 month(s) (from 06/2025 to 03/2027). | Cost overrun of 6.6% (original Rs. 1187.47 Cr -> revised Rs. 1265.47 Cr). | Recent progress growth is healthy (~15.10 points/month).
618709,4L of Left-Over Works of Hospet-Bellary -Karnataka/AP border from Km.280.080 Dec.Ch. to Km.375450Des.Ch. of NH-63 New-67,NHAI,Karnataka,2026-07,43.75,MEDIUM,25.0,100.0,0.0,50.0,Completion date has been revised by 35 month(s) (from 05/2025 to 04/2028). | Cost is within (or close to) the originally approved budget. | Recent progress growth is low (~0.84 points/month).
618710,DL/UP Border - EPE Crossing Pkg-02,NHAI,Uttar Pradesh,2026-07,37.5,MEDIUM,0.0,100.0,0.0,75.0,Physical progress (100.0%) is on track or ahead of expected progress (100.0%). | Completion date has been revised by 33 month(s) (from 11/2023 to 08/2026). | Cost is within (or close to) the originally approved budget. | Recent progress growth is stalled or negative (no measurable gain last month).
618711,6L with access control provision Saharanpur bypass to Ganeshpur section from 13.89 Km to 41.820 Km of Delhi- Dehradun Economic Corridor package-2,NHAI,"Multi-States (Uttar Pradesh, Uttarakhand)",2026-07,38.75,MEDIUM,25.0,75.0,0.0,75.0,Completion date has been revised by 21 month(s) (from 11/2024 to 08/2026). | Cost is within (or close to) the originally approved budget. | Recent progress growth is stalled or negative (no measurable gain last month).
618712,6L Access Controlled Greenfield Highway from Kodur Ch. 0000 to Vanavolu Ch. 24300 of [NH-544G] Package-1,NHAI,Andhra Pradesh,2026-07,42.5,MEDIUM,50.0,75.0,0.0,25.0,Physical progress (87.7%) is 12.3 points below expected progress (100.0%). | Completion date has been revised by 13 month(s) (from 02/2026 to 03/2027). | Cost is within (or close to) the originally approved budget. | Recent progress growth is healthy (~1.02 points/month).
618713,6L Access Controlled Greenfield Highway from Yerragudipadu Ch. 129000 to Audireddipalle Ch. 160000 of [NH 544G] Package-6,NHAI,Andhra Pradesh,2026-07,57.5,MEDIUM,100.0,75.0,0.0,0.0,Physical progress (47.2%) is 52.8 points below expected progress (100.0%). | Completion date has been revised by 21 month(s) (from 02/2026 to 11/2027). | Cost is within (or close to) the originally approved budget. | Recent progress growth is healthy (~2.16 points/month).
618714,6L Access Controlled Greenfield Highway from Nallacheruvu palli Ch. 96300 to Yerragudipadu Ch. 129000 of [NH-544G] Package-5,NHAI,Andhra Pradesh,2026-07,48.75,MEDIUM,75.0,75.0,0.0,0.0,Physical progress (67.0%) is 33.0 points below expected progress (100.0%). | Completion date has been revised by 16 month(s) (from 02/2026 to 06/2027). | Cost is within (or close to) the originally approved budget. | Recent progress growth is healthy (~2.01 points/month).
618715,6L Access Controlled Greenfield Highway from Odulapalle Ch. 72000 to Nallacheruvu- palli Ch. 96300 of [NH-544G]Package-4,NHAI,Andhra Pradesh,2026-07,42.5,MEDIUM,50.0,75.0,0.0,25.0,Physical progress (77.0%) is 23.0 points below expected progress (100.0%). | Completion date has been revised by 14 month(s) (from 02/2026 to 04/2027). | Cost is within (or close to) the originally approved budget. | Recent progress growth is healthy (~1.05 points/month).
618716,6L Access Controlled Greenfield Highway from Vankarakunta Ch. 45700 to Odulapalle Ch. 72000 of [NH-544G]Package-3,NHAI,Andhra Pradesh,2026-07,40.0,MEDIUM,50.0,50.0,0.0,75.0,Physical progress (77.2%) is 22.8 points below expected progress (100.0%). | Completion date has been revised by 12 month(s) (from 03/2026 to 03/2027). | Cost is within (or close to) the originally approved budget. | Recent progress growth is stalled or negative (no measurable gain last month).
618717,6L Access Controlled Greenfield Highway from Vanavolu Ch. 24300 to Vankarakunta Ch. 45700 of [NH-544G] Package-2,NHAI,Andhra Pradesh,2026-07,35.0,MEDIUM,50.0,50.0,0.0,25.0,Physical progress (87.2%) is 12.8 points below expected progress (100.0%). | Completion date has been revised by 11 month(s) (from 03/2026 to 02/2027). | Cost is within (or close to) the originally approved budget. | Recent progress growth is healthy (~1.11 points/month).
618718,6L Access Controlled Greenfield Highway from Kavulakuntla Ch. 196000 to Narayanmpet Ch. 203500Package-09,NHAI,Andhra Pradesh,2026-07,32.5,MEDIUM,50.0,50.0,0.0,0.0,Physical progress (54.6%) is 16.3 points below expected progress (70.8%). | Completion date has been revised by 10 month(s) (from 02/2027 to 12/2027). | Cost is within (or close to) the originally approved budget. | Recent progress growth is healthy (~6.83 points/month).
618719,6L Access Controlled Greenfield Highway from Mallapalle Ch. 176000 to Kavulakuntla Ch. 196000 Package-08,NHAI,Andhra Pradesh,2026-07,48.75,MEDIUM,75.0,75.0,0.0,0.0,Physical progress (65.9%) is 34.1 points below expected progress (100.0%). | Completion date has been revised by 17 month(s) (from 02/2026 to 07/2027). | Cost is within (or close to) the originally approved budget. | Recent progress growth is healthy (~5.35 points/month).
618720,6L Access Controlled Greenfield Highway from Audireddipalle Ch. 160000 to Mallapalle Ch. 176000Package-07,NHAI,Andhra Pradesh,2026-07,48.75,MEDIUM,75.0,75.0,0.0,0.0,Physical progress (73.8%) is 26.2 points below expected progress (100.0%). | Completion date has been revised by 13 month(s) (from 03/2026 to 04/2027). | Cost is within (or close to) the originally approved budget. | Recent progress growth is healthy (~3.27 points/month).
618721,6L Access Controlled Greenfield Highway from Chandrasekharapuram Ch. 228000 to Polavaram Ch. 260000of [NH-544G] Package-11,NHAI,Andhra Pradesh,2026-07,48.75,MEDIUM,75.0,75.0,0.0,0.0,Physical progress (64.2%) is 35.8 points below expected progress (100.0%). | Completion date has been revised by 18 month(s) (from 02/2026 to 08/2027). | Cost is within (or close to) the originally approved budget. | Recent progress growth is healthy (~3.40 points/month).
618722,6L access Controlled Greenfield Highway from Gogwan Jalalpur Shamli to Ranipur Barsi Saharanpur of Shamli -Ambala section Package-I Design Ch. Form km 00.600 to km 45.500,NHAI,Uttar Pradesh,2026-07,53.75,MEDIUM,75.0,75.0,0.0,50.0,Physical progress (68.2%) is 31.8 points below expected progress (100.0%). | Completion date has been revised by 22 month(s) (from 05/2025 to 03/2027). | Cost is within (or close to) the originally approved budget. | Recent progress growth is low (~0.80 points/month).
618723,6L access Controlled Greenfield Highway from Ranipur Barsi to Adhoya Musalmana section of Shamli -Ambala Package-II Design Ch. Form km 45.500 to km 84.400,NHAI,"Multi-States (Haryana, Uttar Pradesh)",2026-07,40.0,MEDIUM,50.0,75.0,0.0,0.0,Physical progress (82.8%) is 17.2 points below expected progress (100.0%). | Completion date has been revised by 21 month(s) (from 05/2025 to 02/2027). | Cost is within (or close to) the originally approved budget. | Recent progress growth is healthy (~3.65 points/month).
618724,6L Greenfield Varanasi-Ranchi-Kolkata Highway from Anarbansalea village to Sagrampur village From KM. 151200 to KM. 184700Package-7,NHAI,"Multi-States (Bihar, Jharkhand)",2026-07,22.5,LOW,50.0,0.0,20.0,0.0,Physical progress (28.2%) is 24.0 points below expected progress (52.2%). | Completion date has not slipped versus the original plan. | Cost is within (or close to) the originally approved budget. | Recent progress growth is healthy (~2.97 points/month).
618725,6L Greenfield Varanasi-Ranchi-Kolkata Highway from Pachmon village to Anarbansalea village From KM. 116000 to KM. 151200 Package-6,NHAI,Bihar,2026-07,25.0,LOW,50.0,0.0,20.0,25.0,Physical progress (24.8%) is 16.9 points below expected progress (41.7%). | Completion date has not slipped versus the original plan. | Cost is within (or close to) the originally approved budget. | Recent progress growth is healthy (~1.03 points/month).
618726,6L Greenfield Varanasi-Ranchi-Kolkata Highway from junction with Chandauli- Chainpur Road near Khainti village to junction with Bhabhua-Adhaura road near Palka village from Km. 27.000 to Km. 54.000 Pkg-2,NHAI,Bihar,2026-07,30.0,LOW,50.0,0.0,40.0,25.0,Physical progress (26.8%) is 10.7 points below expected progress (37.5%). | Completion date has not slipped versus the original plan. | Cost overrun of 8.1% (original Rs. 1240.93 Cr -> revised Rs. 1341.52 Cr). | Recent progress growth is healthy (~1.40 points/month).
618727,6L Greenfield Varanasi-Ranchi-Kolkata Highway from junction with Bhabhua-Adhaura road in Bhairopur village to Konki village From KM. 54.000 to KM. 90.000Pkg-3,NHAI,Bihar,2026-07,27.5,LOW,50.0,0.0,40.0,0.0,Physical progress (26.3%) is 11.2 points below expected progress (37.5%). | Completion date has not slipped versus the original plan. | Cost overrun of 8.5% (original Rs. 1576.94 Cr -> revised Rs. 1711.44 Cr). | Recent progress growth is healthy (~4.31 points/month).
618728,6L Greenfield Varanasi-Ranchi-Kolkata Highway from junction with NH-19 & Varanasi Ring Road near Rewasa village to junction with Chandauli-Chainpur road near Khainti village from Km. 0.000 to Km. 27.000 - Pkg-1,NHAI,"Multi-States (Bihar, Uttar Pradesh)",2026-07,45.25,MEDIUM,75.0,30.0,40.0,0.0,Physical progress (47.6%) is 35.7 points below expected progress (83.3%). | Completion date has been revised by 6 month(s) (from 11/2026 to 05/2027). | Cost overrun of 9.1% (original Rs. 1433.39 Cr -> revised Rs. 1564.15 Cr). | Recent progress growth is healthy (~2.61 points/month).
618729,6 Lane Greenfield Varanasi- Ranchi- Kolkata Highway from Donoreshan village to junction with NH-20 in Bongabar village from km 288.600 to km 325.500 Pkg -11,NHAI,Jharkhand,2026-07,7.5,LOW,0.0,0.0,0.0,75.0,Physical progress (0.0%) is on track or ahead of expected progress (0.0%). | Completion date has not slipped versus the original plan. | Cost is within (or close to) the originally approved budget. | Recent progress growth is stalled or negative (no measurable gain last month).
618730,6 Lane Greenfield Varanasi- Ranchi- Kolkata Highway from Deoria village to Donoreshan village from km 253.000 to km 288.600 Pkg -10,NHAI,Jharkhand,2026-07,11.25,LOW,25.0,0.0,0.0,25.0,Completion date has not slipped versus the original plan. | Cost is within (or close to) the originally approved budget. | Recent progress growth is healthy (~1.69 points/month).
618731,6 Lane Greenfield Varanasi- Ranchi- Kolkata Highway from Chatra to junction with NH- 100 in Deoria village from km 222.000 to km 253.000 Pkg -9,NHAI,Jharkhand,2026-07,0.0,LOW,0.0,0.0,0.0,,Physical progress (0.0%) is on track or ahead of expected progress (0.0%). | Completion date has not slipped versus the original plan. | Cost is within (or close to) the originally approved budget. | Recent progress trend could not be assessed (no prior month to compare).
618732,6L Greenfield Varanasi- Ranchi- Kolkata Highway from Sonepurbigha village to junction with NH- 22 Chatra Bypass near Chatra from km 184.700 to km 222.000Pkg - 8,NHAI,"Multi-States (Bihar, Jharkhand)",2026-07,16.25,LOW,25.0,0.0,0.0,75.0,Completion date has not slipped versus the original plan. | Cost is within (or close to) the originally approved budget. | Recent progress growth is stalled or negative (no measurable gain last month).
618733,6L Greenfield Varanasi- Ranchi- Kolkata Highway from junction with NH-20 in Bongabar village to junction with NH-30 in Lepo village from km 325.500 to km 358.500 Pkg -12,NHAI,Jharkhand,2026-07,5.0,LOW,0.0,0.0,0.0,50.0,Physical progress (0.1%) is on track or ahead of expected progress (0.0%). | Completion date has not slipped versus the original plan. | Cost is within (or close to) the originally approved budget. | Recent progress growth is low (~0.10 points/month).
618734,6L Greenfield Varanasi- Ranchi- Kolkata Highway from junction with NH-320 in Lepo village to Kamlapur villageJH/WB border from km 358.500 to km 387.200 Pkg -13,NHAI,"Multi-States (Jharkhand, West Bengal)",2026-07,30.0,LOW,50.0,0.0,40.0,25.0,Physical progress (24.8%) is 16.9 points below expected progress (41.7%). | Completion date has not slipped versus the original plan. | Cost overrun of 14.3% (original Rs. 1154.49 Cr -> revised Rs. 1319.18 Cr). | Recent progress growth is healthy (~1.53 points/month).
618735,4L of Chandesara to Khedakhajuriya from Km. 0.000 to - 750 & Km 0.000 to km 41.400 of NH-148NG Pkg-I,NHAI,Madhya Pradesh,2026-07,56.25,MEDIUM,25.0,100.0,40.0,75.0,Completion date has been revised by 28 month(s) (from 05/2024 to 09/2026). | Cost overrun of 7.3% (original Rs. 909.84 Cr -> revised Rs. 976.55 Cr). | Recent progress growth is stalled or negative (no measurable gain last month).
618736,4L Elevated corridor of Kalimandir-Dimna Chowk-Baliguma Jamshedpur Section of NH-33 New NH-18 from km 241940 to km 251961 Length 10.021 km,NHAI,Jharkhand,2026-07,17.5,LOW,50.0,0.0,0.0,0.0,Physical progress (49.5%) is 23.8 points below expected progress (73.3%). | Completion date has not slipped versus the original plan. | Cost is within (or close to) the originally approved budget. | Recent progress growth is healthy (~2.71 points/month).
618737,Grade separated Interchanges at Km. 113.730 junction with Ranchi Hazaribagh Road & Km. 139.225 junction with Ranchi Jamshedpur road on 4L Ranchi Bypass of NH-33,NHAI,Jharkhand,2026-07,33.75,MEDIUM,75.0,0.0,0.0,75.0,Physical progress (0.0%) is 29.2 points below expected progress (29.2%). | Completion date has not slipped versus the original plan. | Cost is within (or close to) the originally approved budget. | Recent progress growth is stalled or negative (no measurable gain last month).
618738,6L Bridge and its approaches across River Ganga as Part of Patna Ring Road NH- 131G starting from Km 8.480 near Sherpur to Km 23.000 near Dighwara,NHAI,Bihar,2026-07,53.75,MEDIUM,75.0,75.0,0.0,50.0,Physical progress (22.1%) is 48.8 points below expected progress (70.8%). | Completion date has been revised by 18 month(s) (from 09/2027 to 03/2029). | Cost is within (or close to) the originally approved budget. | Recent progress growth is low (~0.84 points/month).
618739,4L Greenfield Alignment of Amas to Shivrampur from 0.000 Km. to 55.002 Km. of NH 119 D Pkg-I,NHAI,Bihar,2026-07,66.25,HIGH,75.0,100.0,20.0,50.0,Physical progress (54.8%) is 45.2 points below expected progress (100.0%). | Completion date has been revised by 28 month(s) (from 03/2025 to 07/2027). | Cost is within (or close to) the originally approved budget. | Recent progress growth is low (~0.70 points/month).
618740,4L Greenfield Alignment of Shivrampur to Ramnagar from Km. 55.002 to Km. 109.300 of NH 119 D Pkg-II,NHAI,Bihar,2026-07,66.25,HIGH,75.0,100.0,20.0,50.0,Physical progress (50.8%) is 49.2 points below expected progress (100.0%). | Completion date has been revised by 28 month(s) (from 07/2025 to 11/2027). | Cost is within (or close to) the originally approved budget. | Recent progress growth is low (~0.65 points/month).
618741,4L Greenfield Alignment from Kalyanapur to Tal Dashraha of NH-119D Pkg-III,NHAI,Bihar,2026-07,75.0,HIGH,100.0,100.0,40.0,0.0,Physical progress (36.2%) is 63.8 points below expected progress (100.0%). | Completion date has been revised by 37 month(s) (from 02/2025 to 03/2028). | Cost overrun of 6.0% (original Rs. 1857.58 Cr -> revised Rs. 1969.30 Cr). | Recent progress growth is healthy (~2.77 points/month).
618742,"Construction of 6-lane Greenfield corridor from Ramnagar to Kacchi Dargah NH-119D from Km 109700 to Km 122300, including widening of the existing NH-31 from Km 196700 to Km 198600, as part of the Amas-Darbhanga.",NHAI,Bihar,2026-07,22.5,LOW,50.0,0.0,0.0,50.0,Physical progress (0.8%) is 11.7 points below expected progress (12.5%). | Completion date has not slipped versus the original plan. | Cost is within (or close to) the originally approved budget. | Recent progress growth is low (~0.30 points/month).
618743,Trichy 135.800 to Karur 218.000 section of NH-67 - Trichy Bypass,National Highways Authority of India [NHAI],Tamil Nadu,2026-05,7.5,LOW,0.0,0.0,0.0,75.0,Physical progress (100.0%) is on track or ahead of expected progress (100.0%). | No completion-date revision recorded (schedule risk based on original plan only). | Cost is within (or close to) the originally approved budget. | Recent progress growth is stalled or negative (no measurable gain last month).
618744,4L of Thirumangalam to Vadugapatti section from km 0.000 to km 36.000 of NH-744,NHAI,Tamil Nadu,2026-07,36.25,MEDIUM,25.0,75.0,0.0,50.0,Completion date has been revised by 18 month(s) (from 02/2025 to 08/2026). | Cost is within (or close to) the originally approved budget. | Recent progress growth is low (~0.44 points/month).
618745,4L of Vadugapatti to Therkuvenganallur Rajapalyam section from km 36.000 to km 71.600 of NH-744,National Highways Authority of India [NHAI],Tamil Nadu,2026-05,36.25,MEDIUM,25.0,75.0,0.0,50.0,Completion date has been revised by 14 month(s) (from 04/2025 to 06/2026). | Cost is within (or close to) the originally approved budget. | Recent progress growth is low (~0.01 points/month).
618746,Khammam-Devarapalle Pkg I [4L Access Controlled Greenfield from Thallampadu village to Somavaram village Design Chainage 0000 to 33604],NHAI,Telangana,2026-07,61.25,HIGH,25.0,75.0,100.0,50.0,Completion date has been revised by 24 month(s) (from 10/2024 to 10/2026). | Cost overrun of 67.7% (original Rs. 797.36 Cr -> revised Rs. 1337.18 Cr). | Recent progress growth is low (~0.86 points/month).
618747,Khammam-Devarapalle Pkg III [4L Access Controlled Greenfield from Chintagudem village to Recherla village Design Chainage 63117 to 105236],NHAI,"Multi-States (Andhra Pradesh, Telangana)",2026-07,60.0,MEDIUM,25.0,75.0,85.0,75.0,Completion date has been revised by 23 month(s) (from 09/2024 to 08/2026). | Cost overrun of 47.9% (original Rs. 829.50 Cr -> revised Rs. 1227.07 Cr). | Recent progress growth is stalled or negative (no measurable gain last month).
618748,Khammam-Devarapalle Pkg IV [4L Access Controlled Greenfield from Recherla village to Gurvaygudem village Design Chainage 105236 to 132664],National Highways Authority of India [NHAI],Andhra Pradesh,2026-05,43.75,MEDIUM,0.0,50.0,85.0,75.0,Physical progress (100.0%) is on track or ahead of expected progress (100.0%). | Completion date has been revised by 8 month(s) (from 09/2024 to 05/2025). | Cost overrun of 32.1% (original Rs. 569.37 Cr -> revised Rs. 752.02 Cr). | Recent progress growth is stalled or negative (no measurable gain last month).
618749,Khammam-Devarapalle Pkg V [4L Access Controlled Greenfield from Gurvaygudem village to Devarapalle village Design Chainage 132664 to 162126,NHAI,Andhra Pradesh,2026-06,48.75,MEDIUM,0.0,75.0,85.0,50.0,Physical progress (100.0%) is on track or ahead of expected progress (100.0%). | Completion date has been revised by 22 month(s) (from 09/2024 to 07/2026). | Cost overrun of 30.1% (original Rs. 711.94 Cr -> revised Rs. 926.48 Cr). | Recent progress growth is low (~0.34 points/month).
618751,2L PS of Hinotiya-Mehulwa section of NH-346 from Km. 27.000 to Km 75.700 Vidisha Mehulwa-Talbehat Pkg-II Section of NH- 346,NHAI,Madhya Pradesh,2026-07,61.25,HIGH,75.0,75.0,20.0,75.0,Physical progress (69.0%) is 31.0 points below expected progress (100.0%). | Completion date has been revised by 18 month(s) (from 09/2025 to 03/2027). | Cost is within (or close to) the originally approved budget. | Recent progress growth is stalled or negative (no measurable gain last month).
618754,Upgradation of 2L/4L with Paved Shoulder of Shirwal-Lonand Section from KM 159900 To KM 188025 of NH-965DD Section I and 2L With Paved Shoulder of Lonand-Satara Section from KM 51500 To KM 96246 Of NH-965D Section II in Satara District in the State of Maharashtra on EPC Mode under NHO-,NHAI,Maharashtra,2026-07,17.5,LOW,50.0,0.0,0.0,0.0,Physical progress (43.6%) is 10.6 points below expected progress (54.2%). | Completion date has not slipped versus the original plan. | Cost is within (or close to) the originally approved budget. | Recent progress growth is healthy (~2.49 points/month).
618755,4L of left out existing road section from Lalgopalganj Km 161.450 to Nawabganj Km 180.200 in Prayagraj,National Highways Authority of India [NHAI],"Multi-States (Rajasthan, Uttar Pradesh)",2026-05,16.5,LOW,0.0,30.0,0.0,75.0,Physical progress (100.0%) is on track or ahead of expected progress (100.0%). | Completion date has been revised by 3 month(s) (from 03/2026 to 06/2026). | Cost is within (or close to) the originally approved budget. | Recent progress growth is stalled or negative (no measurable gain last month).
618756,Melur - Pilayarpatti - Karaikudi from km 99.920 of NH 38 to km 12.9 of NH 383 Ext.,NHAI,Tamil Nadu,2026-07,43.75,MEDIUM,25.0,100.0,0.0,50.0,Completion date has been revised by 53 month(s) (from 03/2022 to 08/2026). | Cost is within (or close to) the originally approved budget. | Recent progress growth is low (~0.80 points/month).
618757,6L access controlled Highway from Km 40080 to Km 86513 Mator to Barodameo Section,NHAI,Rajasthan,2026-07,65.0,HIGH,100.0,75.0,0.0,75.0,Physical progress (37.3%) is 62.7 points below expected progress (100.0%). | Completion date has been revised by 15 month(s) (from 03/2026 to 06/2027). | Cost is within (or close to) the originally approved budget. | Recent progress growth is stalled or negative (no measurable gain last month).
618758,6L accesscontrolled highway from km 0000 to km 40080 Paniyala to Mator Section of Paniyala-Barodameo ICR,NHAI,Rajasthan,2026-07,28.75,LOW,75.0,0.0,0.0,25.0,Physical progress (42.8%) is 48.9 points below expected progress (91.7%). | Completion date has not slipped versus the original plan. | Cost is within (or close to) the originally approved budget. | Recent progress growth is healthy (~1.50 points/month).
618759,4L PS Mydukur - Badvel from Km 585.820 to Km 630.960 of NH-67,NHAI,Andhra Pradesh,2026-07,43.75,MEDIUM,25.0,75.0,20.0,75.0,Completion date has been revised by 13 month(s) (from 09/2025 to 10/2026). | Cost is within (or close to) the originally approved budget. | Recent progress growth is stalled or negative (no measurable gain last month).
618760,4L Greenfield a Malout bypass from ch. Km 44.500 to ch. Km 35.500 on NH-07 and Ch. Km 0.000 to Km 6.984 on NH-09 bMandi Dabwali Bypass from Ch. 38.450 Km to Km 27.910 Pkg-02,National Highways Authority of India [NHAI],"Multi-States (Haryana, Punjab)",2026-05,38.75,MEDIUM,25.0,75.0,0.0,75.0,Completion date has been revised by 21 month(s) (from 07/2024 to 04/2026). | Cost is within (or close to) the originally approved budget. | Recent progress growth is stalled or negative (no measurable gain last month).
618761,4L Spur of Meerut-Garh-Mukteshwar section connecting NH-119 and NH-58 bypassing Meerut Town of NH 709 A,NHAI,Uttar Pradesh,2026-07,38.75,MEDIUM,25.0,75.0,0.0,75.0,Completion date has been revised by 18 month(s) (from 02/2025 to 08/2026). | Cost is within (or close to) the originally approved budget. | Recent progress growth is stalled or negative (no measurable gain last month).
618762,Itarsi Km. 63.000 to Betul Km. 137.000 of NH-69 in Madhya Pradesh,NHAI,Madhya Pradesh,2026-07,37.5,MEDIUM,0.0,100.0,0.0,75.0,Physical progress (100.0%) is on track or ahead of expected progress (100.0%). | Completion date has been revised by 78 month(s) (from 02/2020 to 08/2026). | Cost is within (or close to) the originally approved budget. | Recent progress growth is stalled or negative (no measurable gain last month).
618764,Moga - Bagha Purana - Bajakhana from km. 0.00 to km. 43.32,NHAI,Punjab,2026-07,63.75,HIGH,50.0,75.0,65.0,75.0,Physical progress (76.0%) is 24.0 points below expected progress (100.0%). | Completion date has been revised by 24 month(s) (from 12/2024 to 12/2026). | Cost overrun of 22.4% (original Rs. 1032.59 Cr -> revised Rs. 1264.17 Cr). | Recent progress growth is stalled or negative (no measurable gain last month).
618765,4L of Karimnagar-Warangal section from km 49.500 to km 117.820 of NH-563,NHAI,Telangana,2026-07,55.0,MEDIUM,25.0,75.0,65.0,75.0,Completion date has been revised by 13 month(s) (from 07/2025 to 08/2026). | Cost overrun of 15.8% (original Rs. 2146.86 Cr -> revised Rs. 2486.51 Cr). | Recent progress growth is stalled or negative (no measurable gain last month).
618766,Up-gradation to Four Lane with Paved Shoulder configuration of the highway starting from existing km 88.400 Savali Vihir to km 163.400 start of Ahmednagar bypass Design Length 75.000 km section of NH-160 in the State of Maharashtra under Bharatmala Pariyojana on EPC Mode,NHAI,Maharashtra,2026-07,25.0,LOW,50.0,0.0,0.0,75.0,Physical progress (48.5%) is 13.9 points below expected progress (62.5%). | Completion date has not slipped versus the original plan. | Cost is within (or close to) the originally approved budget. | Recent progress growth is stalled or negative (no measurable gain last month).
618768,Four laning of Agra-Aligarh Section from Km. 0.000 Junction of NH-34 Aligarh Km 144.60 to Km. 28.000 near Asroi village in Hathras of NH-509 Package-I,NHAI,Uttar Pradesh,2026-07,35.0,MEDIUM,50.0,50.0,0.0,25.0,Physical progress (4.0%) is 12.7 points below expected progress (16.7%). | Completion date has been revised by 8 month(s) (from 03/2028 to 11/2028). | Cost is within (or close to) the originally approved budget. | Recent progress growth is healthy (~1.97 points/month).
618769,Walajahpet/Ranipet to TN/AP Border Section of from Km.106.800 to Km.133.36 NH-4,NHAI,"Multi-States (Andhra Pradesh, Tamil Nadu)",2026-07,26.25,LOW,75.0,0.0,0.0,0.0,Physical progress (15.6%) is 26.1 points below expected progress (41.7%). | Completion date has not slipped versus the original plan. | Cost is within (or close to) the originally approved budget. | Recent progress growth is healthy (~2.13 points/month).
618770,4L Spur of Panipat - Shamli connecting NH-709AD Panipat Shamli Muzaffarnagar and NH-709A Karnal Meerut bypassing Shamli district UP,National Highways Authority of India [NHAI],Uttar Pradesh,2026-05,42.75,MEDIUM,75.0,30.0,0.0,75.0,Physical progress (74.2%) is 25.8 points below expected progress (100.0%). | Completion date has been revised by 5 month(s) (from 10/2024 to 03/2025). | Cost is within (or close to) the originally approved budget. | Recent progress growth is stalled or negative (no measurable gain last month).
618771,6L of Varadharajula to Kumarajapet from km 0.000 to km 43.800 of NH-716B Pkg-I,National Highways Authority of India [NHAI],"Multi-States (Andhra Pradesh, Tamil Nadu)",2026-05,38.75,MEDIUM,25.0,75.0,0.0,75.0,Completion date has been revised by 16 month(s) (from 12/2024 to 04/2026). | Cost is within (or close to) the originally approved budget. | Recent progress growth is stalled or negative (no measurable gain last month).
618772,6L of Kumarajapet to Veera Kaveri Raja Puram from km 43.800 to km 61.380 of NH- 716B Pkg-II,NHAI,"Multi-States (Andhra Pradesh, Tamil Nadu)",2026-07,38.75,MEDIUM,25.0,50.0,40.0,50.0,Completion date has been revised by 11 month(s) (from 10/2025 to 09/2026). | Cost overrun of 13.8% (original Rs. 702.52 Cr -> revised Rs. 799.36 Cr). | Recent progress growth is low (~0.89 points/month).
618773,Tuticorin - Tirunelveli from km. 0.00 to km. 47.250,National Highways Authority of India [NHAI],Tamil Nadu,2026-05,12.5,LOW,0.0,0.0,20.0,75.0,Physical progress (100.0%) is on track or ahead of expected progress (100.0%). | No completion-date revision recorded (schedule risk based on original plan only). | Cost is within (or close to) the originally approved budget. | Recent progress growth is stalled or negative (no measurable gain last month).
618774,Ara - Mohania Pkg-II,National Highways Authority of India [NHAI],Bihar,2026-05,37.5,MEDIUM,0.0,100.0,0.0,75.0,Physical progress (100.0%) is on track or ahead of expected progress (100.0%). | Completion date has been revised by 28 month(s) (from 07/2023 to 11/2025). | Cost is within (or close to) the originally approved budget. | Recent progress growth is stalled or negative (no measurable gain last month).
618775,Ara Bypass,NHAI,Bihar,2026-07,22.5,LOW,50.0,0.0,0.0,50.0,Physical progress (25.8%) is 24.2 points below expected progress (50.0%). | Completion date has not slipped versus the original plan. | Cost is within (or close to) the originally approved budget. | Recent progress growth is low (~0.94 points/month).
618776,4L of Greenfield section from Sirhind to Mohali,NHAI,Punjab,2026-07,43.75,MEDIUM,25.0,75.0,40.0,25.0,Completion date has been revised by 16 month(s) (from 05/2025 to 09/2026). | Cost overrun of 5.1% (original Rs. 1237.65 Cr -> revised Rs. 1301.15 Cr). | Recent progress growth is healthy (~1.88 points/month).
618777,4L of Pileru to Kalur Section from Km 55.900 to Km 92.800 & Km 94.500 to Km 95.717 of NH-71Package-II,NHAI,Andhra Pradesh,2026-07,31.25,MEDIUM,25.0,50.0,0.0,75.0,Completion date has been revised by 9 month(s) (from 11/2025 to 08/2026). | Cost is within (or close to) the originally approved budget. | Recent progress growth is stalled or negative (no measurable gain last month).
618778,4L of Madanapalle to Pileru Section from Km 0.000 to Km 55.900 of NH-71Package-I,NHAI,Andhra Pradesh,2026-07,48.75,MEDIUM,25.0,75.0,40.0,75.0,Completion date has been revised by 19 month(s) (from 01/2025 to 08/2026). | Cost overrun of 6.2% (original Rs. 1877.47 Cr -> revised Rs. 1994.10 Cr). | Recent progress growth is stalled or negative (no measurable gain last month).
618779,4L of Aurangabad-Paithan,NHAI,Bihar,2026-05,38.75,MEDIUM,25.0,75.0,0.0,75.0,Completion date has been revised by 23 month(s) (from 07/2024 to 06/2026). | Cost is within (or close to) the originally approved budget. | Recent progress growth is stalled or negative (no measurable gain last month).
618782,4L of Bareilly-Pilibhit-Sitarganj from Km. 0.000 to Km. 32.500 of NH-30 Pkg-1,NHAI,Uttar Pradesh,2026-07,46.25,MEDIUM,75.0,50.0,0.0,50.0,Physical progress (64.1%) is 35.9 points below expected progress (100.0%). | Completion date has been revised by 12 month(s) (from 03/2026 to 03/2027). | Cost is within (or close to) the originally approved budget. | Recent progress growth is low (~0.72 points/month).
618783,4-laning of Pilibhit - Sitarganj from Km. 32.500 to Km. 70.800 Pkg-2 of NH-30,NHAI,"Multi-States (Uttar Pradesh, Uttarakhand)",2026-07,60.0,MEDIUM,100.0,75.0,0.0,25.0,Physical progress (44.4%) is 55.6 points below expected progress (100.0%). | Completion date has been revised by 19 month(s) (from 03/2026 to 10/2027). | Cost is within (or close to) the originally approved budget. | Recent progress growth is healthy (~1.53 points/month).
618784,Balance works of 4 lane divided carriageway of Missing Link section of NH-39 Rewa Bypass from junction with NH 30 near Bela to Junction with MPRDC ring road near Silpara on SH 9 design length 13.100 km on EPC Mode under Bharatmala Pariyojana in the State of Madhya Pradesh,NHAI,Madhya Pradesh,2026-07,40.0,MEDIUM,50.0,50.0,0.0,75.0,Physical progress (84.4%) is 15.6 points below expected progress (100.0%). | Completion date has been revised by 9 month(s) (from 04/2026 to 01/2027). | Cost is within (or close to) the originally approved budget. | Recent progress growth is stalled or negative (no measurable gain last month).
618785,4/6L Greenfield LudhianaRupnagar highway from Jn. with NE-5 village near to ManewalLudhiana to Jn. with NH-205 near Bheora Village Rupnagar from Km 66.0 to Km 91.0 i/c spur to Kharar from Km 0.0 to Km 19.5 with Ludhiana bypass of NH-205K Pkg-3,NHAI,Punjab,2026-07,61.25,HIGH,50.0,75.0,65.0,50.0,Physical progress (80.2%) is 19.8 points below expected progress (100.0%). | Completion date has been revised by 22 month(s) (from 02/2025 to 12/2026). | Cost overrun of 20.9% (original Rs. 1501.02 Cr -> revised Rs. 1815.13 Cr). | Recent progress growth is low (~0.39 points/month).
618786,4L of Phagwara - Hoshiarpur,NHAI,Punjab,2026-07,59.0,MEDIUM,75.0,30.0,65.0,75.0,Physical progress (20.0%) is 46.6 points below expected progress (66.7%). | Completion date has been revised by 4 month(s) (from 03/2027 to 07/2027). | Cost overrun of 25.7% (original Rs. 1196.38 Cr -> revised Rs. 1503.79 Cr). | Recent progress growth is stalled or negative (no measurable gain last month).
618787,"Upgradation to 4L PS from Bhimasar, Junction of NH-41 to Anjar- Bhuj upto Airport Junction from Km 0.000 to Km 65.478 of NH-341",NHAI,Gujarat,2026-07,55.0,MEDIUM,25.0,75.0,65.0,75.0,Completion date has been revised by 21 month(s) (from 06/2025 to 03/2027). | Cost overrun of 22.9% (original Rs. 1373.06 Cr -> revised Rs. 1687.25 Cr). | Recent progress growth is stalled or negative (no measurable gain last month).
618788,4L Greenfield Jalbhera Shahbad section from km. 0.000 to km. 22.850 of NH-152G,NHAI,Haryana,2026-07,63.75,HIGH,50.0,75.0,65.0,75.0,Physical progress (87.0%) is 12.9 points below expected progress (100.0%). | Completion date has been revised by 15 month(s) (from 05/2025 to 08/2026). | Cost overrun of 26.6% (original Rs. 927.22 Cr -> revised Rs. 1173.66 Cr). | Recent progress growth is stalled or negative (no measurable gain last month).
618790,Construction of four laning of Bakarpur- Manikpur road section starting from village Chitarsenpur km 0000 and terminating at SH-74 near Manikpur 38814 at NH-139W under Bharatmalapariyona,NHAI,Bihar,2026-07,36.5,MEDIUM,50.0,30.0,40.0,0.0,Physical progress (49.0%) is 21.0 points below expected progress (70.0%). | Completion date has been revised by 5 month(s) (from 04/2027 to 09/2027). | Cost overrun of 8.1% (original Rs. 1422.37 Cr -> revised Rs. 1537.99 Cr). | Recent progress growth is healthy (~2.90 points/month).
618791,4L PS under NH configuration of Manikpur-Sahebganj of NH-139W,NHAI,Bihar,2026-07,5.0,LOW,0.0,0.0,0.0,50.0,Physical progress (27.5%) is on track or ahead of expected progress (26.1%). | Completion date has not slipped versus the original plan. | Cost is within (or close to) the originally approved budget. | Recent progress growth is low (~0.90 points/month).
618792,4L Bhiwani-Hansi road section of NH-148B,NHAI,Haryana,2026-07,31.25,MEDIUM,25.0,50.0,0.0,75.0,Completion date has been revised by 8 month(s) (from 12/2025 to 08/2026). | Cost is within (or close to) the originally approved budget. | Recent progress growth is stalled or negative (no measurable gain last month).
618793,4L of Fazilka to Abohar section of NH-07 including construction of Greenfield Abohar & Fazilka Bypasses,NHAI,Punjab,2026-07,72.5,HIGH,75.0,75.0,65.0,75.0,Physical progress (67.0%) is 33.0 points below expected progress (100.0%). | Completion date has been revised by 16 month(s) (from 04/2026 to 08/2027). | Cost overrun of 18.7% (original Rs. 1409.88 Cr -> revised Rs. 1674.04 Cr). | Recent progress growth is stalled or negative (no measurable gain last month).
618794,Amritsarairport Junction - Ramdas from km. 100.835 to km. 139.813 Pkg - IV,NHAI,Punjab,2026-07,46.25,MEDIUM,25.0,100.0,0.0,75.0,Completion date has been revised by 36 month(s) (from 09/2023 to 09/2026). | Cost is within (or close to) the originally approved budget. | Recent progress growth is stalled or negative (no measurable gain last month).
618795,Amritsar Bypass Pkg III from km. 71.496 to km. 105.158,NHAI,Punjab,2026-07,52.5,MEDIUM,50.0,100.0,0.0,50.0,Physical progress (82.9%) is 17.1 points below expected progress (100.0%). | Completion date has been revised by 28 month(s) (from 08/2024 to 12/2026). | Cost is within (or close to) the originally approved budget. | Recent progress growth is low (~0.58 points/month).
618796,Tanot -Ramgarh-Bhadasar-Jaisalmer NH-68 and BhadasarMokal-Sarkaritala up to Pakisthan Border NH-968 Pkg-BM/5,NHAI,Rajasthan,2026-07,42.5,MEDIUM,0.0,100.0,20.0,75.0,Physical progress (100.0%) is on track or ahead of expected progress (100.0%). | Completion date has been revised by 64 month(s) (from 04/2021 to 08/2026). | Cost is within (or close to) the originally approved budget. | Recent progress growth is stalled or negative (no measurable gain last month).
618797,"Widening Strengthening of 2-Lane with Paved Shoulder from MyajlarJaisalmer from Design Chainage 0000 to 98350 Section of NH-11 & SundraMyajlarAmbasingh ki Dhani Road from Design Chainage 46000 to 81601, part of MunabaoTanot Road Section of NH-70 along with Strengthening/Widening of Existing Connection of NH-70 & NH-11 of length 0.914 km in the State of Rajasthan under NHO on Hybrid Annuity Mode",NHAI,Rajasthan,2026-07,8.75,LOW,25.0,0.0,0.0,0.0,Completion date has not slipped versus the original plan. | Cost is within (or close to) the originally approved budget. | Recent progress growth is healthy (~2.66 points/month).
618798,4L of Sonauli - Gorakhpur,NHAI,Uttar Pradesh,2026-07,47.5,MEDIUM,50.0,75.0,0.0,75.0,Physical progress (89.0%) is 11.0 points below expected progress (100.0%). | Completion date has been revised by 18 month(s) (from 03/2025 to 09/2026). | Cost is within (or close to) the originally approved budget. | Recent progress growth is stalled or negative (no measurable gain last month).
618799,Belakeri Port to Kumta - Sirsi road from km 0.00 - km 4.265 of Belekeri Port Road Link Rd. and km 4.965 - km 60.00 of SH-69,NHAI,Karnataka,2026-07,48.75,MEDIUM,25.0,100.0,20.0,50.0,Completion date has been revised by 47 month(s) (from 12/2022 to 11/2026). | Cost is within (or close to) the originally approved budget. | Recent progress growth is low (~0.25 points/month).
618800,Construction of New Double Tier 4L Elevated Corridor from Chennai Port to Maduravoyal in Chennai District from km -0.342 to Km 20.593 and Package II from Km 4.604 to Km 9.700,NHAI,Tamil Nadu,2026-07,72.5,HIGH,100.0,100.0,0.0,75.0,Physical progress (18.1%) is 81.9 points below expected progress (100.0%). | Completion date has been revised by 34 month(s) (from 05/2026 to 03/2029). | Cost is within (or close to) the originally approved budget. | Recent progress growth is stalled or negative (no measurable gain last month).
618801,Construction of New Double Tier 4-lane Elevated Corridor from Chennai Port to Maduravoyal in Chennai District from Km -0342 to Km 20223 Package 1 from Km - 0342 to Km 4604,NHAI,Tamil Nadu,2026-07,72.5,HIGH,100.0,100.0,0.0,75.0,Physical progress (22.8%) is 77.2 points below expected progress (100.0%). | Completion date has been revised by 34 month(s) (from 05/2026 to 03/2029). | Cost is within (or close to) the originally approved budget. | Recent progress growth is stalled or negative (no measurable gain last month).
618803,Development of 4L Road from Samarlakota to Achampeta Junction as part of Kakinada Port Connectivity to NH-16 Rajanagaram Junction in East Godavari District,NHAI,Andhra Pradesh,2026-07,52.5,MEDIUM,25.0,75.0,65.0,50.0,Completion date has been revised by 16 month(s) (from 08/2025 to 12/2026). | Cost overrun of 16.2% (original Rs. 645.63 Cr -> revised Rs. 750.20 Cr). | Recent progress growth is low (~0.90 points/month).
618804,Dedicated Port road to Krishnapatnam Port Package-I from Km. 0.000 to Km. 18.000,NHAI,Andhra Pradesh,2026-07,50.0,MEDIUM,50.0,100.0,0.0,25.0,Physical progress (80.2%) is 19.8 points below expected progress (100.0%). | Completion date has been revised by 75 month(s) (from 12/2020 to 03/2027). | Cost is within (or close to) the originally approved budget. | Recent progress growth is healthy (~1.24 points/month).
618805,6L Connectivity to Port Road from Sabbavaram Sheelanagar-NH516C,NHAI,Andhra Pradesh,2026-07,22.5,LOW,50.0,0.0,0.0,50.0,Physical progress (7.2%) is 13.6 points below expected progress (20.8%). | Completion date has not slipped versus the original plan. | Cost is within (or close to) the originally approved budget. | Recent progress growth is low (~0.90 points/month).
618806,Improvement of 4L road to 6L road and 4L dedicated Port Roads for the Port connectivity road from Convent junction to Sheelanagar Junction,NHAI,Andhra Pradesh,2026-07,40.0,MEDIUM,50.0,50.0,0.0,75.0,Physical progress (79.0%) is 21.0 points below expected progress (100.0%). | Completion date has been revised by 10 month(s) (from 02/2026 to 12/2026). | Cost is within (or close to) the originally approved budget. | Recent progress growth is stalled or negative (no measurable gain last month).
618807,"4L Greenfield Road connecting North and South industrial cluster of Khandaleru Creek near Krishnapatnam port at Thamminapatnam to Mollur from Km 0.0 to Km 16.046, Part I & 6L extension of dedicated port road of NH-67 Km 18.0 to Km 19.3, Part II",NHAI,Andhra Pradesh,2026-07,40.0,MEDIUM,50.0,75.0,0.0,0.0,Physical progress (84.0%) is 16.0 points below expected progress (100.0%). | Completion date has been revised by 16 month(s) (from 09/2025 to 01/2027). | Cost is within (or close to) the originally approved budget. | Recent progress growth is healthy (~2.22 points/month).
618808,6L Elevated Kona Expressway from Km. 0.145 to Km. 7.337 of NH-117,NHAI,West Bengal,2026-07,46.25,MEDIUM,75.0,50.0,0.0,50.0,Physical progress (40.0%) is 43.3 points below expected progress (83.3%). | Completion date has been revised by 12 month(s) (from 12/2026 to 12/2027). | Cost is within (or close to) the originally approved budget. | Recent progress growth is low (~0.01 points/month).
618809,4L of Beas-Mehta-Batala-Dera Baba Nanak from intersection with Jalandhar-Amritsar Highway NH-3 near Beas till start of Batala Bypass near Village Acchhal from Km. 0.000 to Km. 31.300 Pkg-1,NHAI,Punjab,2026-07,70.0,HIGH,75.0,75.0,65.0,50.0,Physical progress (68.2%) is 31.8 points below expected progress (100.0%). | Completion date has been revised by 23 month(s) (from 06/2025 to 05/2027). | Cost overrun of 19.4% (original Rs. 809.51 Cr -> revised Rs. 966.99 Cr). | Recent progress growth is low (~0.40 points/month).
618810,4L of existing Beas Baba Bakala - Dera Baba Nanak Section from start of Batala Bypass till intersection with Ajnala Gurdaspur Highway NH 354 near Dera Baba Nanak from Km. 31.300 to Km. 69.100 with Additional batala Bypass Pkg-II,NHAI,Punjab,2026-07,45.0,MEDIUM,50.0,75.0,0.0,50.0,Physical progress (80.9%) is 19.1 points below expected progress (100.0%). | Completion date has been revised by 21 month(s) (from 06/2025 to 03/2027). | Cost is within (or close to) the originally approved budget. | Recent progress growth is low (~0.20 points/month).
618811,4L Access Controlled Greenfield Highway Section Mancherial Warangal from Pangidipalle village at Design Ch. 72.350 Km to Oorugonda village at Design Ch. 112.240 KmPackage-III,NHAI,Telangana,2026-07,40.25,MEDIUM,75.0,30.0,0.0,50.0,Physical progress (5.6%) is 31.9 points below expected progress (37.5%). | Completion date has been revised by 3 month(s) (from 10/2027 to 01/2028). | Cost is within (or close to) the originally approved budget. | Recent progress growth is low (~0.63 points/month).
618812,4L Access Controlled Greenfield Section Mancherial Warangal from Puttapaka village at Design Ch. 35.300 Km to Pangidipalle village at Design Ch. 72.350 KmPackage-II,NHAI,Telangana,2026-07,45.25,MEDIUM,75.0,30.0,20.0,50.0,Physical progress (9.0%) is 45.1 points below expected progress (54.2%). | Completion date has been revised by 6 month(s) (from 06/2027 to 12/2027). | Cost is within (or close to) the originally approved budget. | Recent progress growth is low (~0.99 points/month).
618813,4L Access Controlled Greenfield Section Mancherial Warangal from Narva village at Design Ch. 3.834 Km to Puttapaka village at Design Ch. 35.300 Km Package-I,NHAI,Telangana,2026-07,52.5,MEDIUM,100.0,50.0,0.0,25.0,Physical progress (11.3%) is 67.9 points below expected progress (79.2%). | Completion date has been revised by 10 month(s) (from 12/2026 to 10/2027). | Cost is within (or close to) the originally approved budget. | Recent progress growth is healthy (~1.05 points/month).
618814,4L Access Controlled Greenfield Highway section on NH163G Warangal-Khammam from Oorugonda village in Hanamkonda District at Design Ch. 112.240 Km to Venkatpur village in Warangal District at Design Ch. 150.240 KmPackage-I,NHAI,Telangana,2026-07,55.0,MEDIUM,100.0,50.0,0.0,50.0,Physical progress (0.5%) is 53.7 points below expected progress (54.2%). | Completion date has been revised by 11 month(s) (from 06/2027 to 05/2028). | Cost is within (or close to) the originally approved budget. | Recent progress growth is low (~0.50 points/month).
618815,4L Access Controlled Greenfield Highway section on NH-163G Warangal-Khammam from Venkatpur village in Warangal District at Design Ch. 150.240 Km to Thallasenkesa village in Mahabubabed District at Design Ch. 189.650 kmPackage-II,NHAI,Telangana,2026-07,32.5,MEDIUM,50.0,50.0,0.0,0.0,Physical progress (77.7%) is 22.4 points below expected progress (100.0%). | Completion date has been revised by 11 month(s) (from 04/2026 to 03/2027). | Cost is within (or close to) the originally approved budget. | Recent progress growth is healthy (~3.22 points/month).
618816,4L Access Controlled Greenfield Highway section on NH-163G Warangal-Khammam from Thallasenkesa village at Design Ch. 189.650 km to V.Vekatayapalem village in Khammam District at Design Ch. 220.480 KmPackage-III,NHAI,Telangana,2026-07,31.25,MEDIUM,75.0,0.0,0.0,50.0,Physical progress (10.1%) is 39.9 points below expected progress (50.0%). | Completion date has not slipped versus the original plan. | Cost is within (or close to) the originally approved budget. | Recent progress growth is low (~0.05 points/month).
618817,4L Access Controlled Greenfield Highway section on NH-163G Khammam Vijayawada from V. Venkatayapalem village at Design Ch. 220.480 Km to BrahmanapalliK village at Design Ch. 250.400 Km Package-I.,NHAI,Telangana,2026-07,34.0,MEDIUM,50.0,30.0,20.0,25.0,Physical progress (45.9%) is 20.8 points below expected progress (66.7%). | Completion date has been revised by 3 month(s) (from 03/2027 to 06/2027). | Cost is within (or close to) the originally approved budget. | Recent progress growth is healthy (~1.89 points/month).
618818,4L Access Controlled Greenfield Highway section on NH-163G Khammam Vijayawada from Remidicherla village at Design Ch. 280.200 Km to Jakkampudi village on NH-16 at Design Ch. 309.909 Km Package-III,NHAI,"Multi-States (Andhra Pradesh, Telangana)",2026-07,48.75,MEDIUM,75.0,50.0,20.0,25.0,Physical progress (5.8%) is 41.6 points below expected progress (47.4%). | Completion date has been revised by 7 month(s) (from 05/2027 to 12/2027). | Cost is within (or close to) the originally approved budget. | Recent progress growth is healthy (~1.43 points/month).
618819,Balance work of Panikoili Rimoli Section of new NH-20 from Km 0.00 to Km. 163.000,National Highways Authority of India [NHAI],Odisha,2026-05,35.25,MEDIUM,25.0,30.0,40.0,75.0,Completion date has been revised by 4 month(s) (from 03/2022 to 07/2022). | Cost overrun of 9.7% (original Rs. 183.03 Cr -> revised Rs. 200.79 Cr). | Recent progress growth is stalled or negative (no measurable gain last month).
618820,Rehabilitation and Up gradation from 4 to 8 laning of Chandikhole Paradip Section of NH-53 Old NH 5A from Km.39.000 to Km.60.00 Package-3,NHAI,Odisha,2026-07,46.25,MEDIUM,25.0,75.0,40.0,50.0,Completion date has been revised by 15 month(s) (from 12/2025 to 03/2027). | Cost overrun of 8.9% (original Rs. 861.84 Cr -> revised Rs. 938.55 Cr). | Recent progress growth is low (~0.22 points/month).
618821,Rehabilitation and Up gradation from 4 to 8 laning of Chandikhole Paradip Section of NH-53 Old NH 5A from Km 18.00 to Km 39.00 in the State of Odisha on HAM mode Package-2,NHAI,Odisha,2026-07,28.75,LOW,25.0,50.0,20.0,0.0,Completion date has been revised by 11 month(s) (from 12/2025 to 11/2026). | Cost is within (or close to) the originally approved budget. | Recent progress growth is healthy (~7.22 points/month).
618822,Rehabilitation and Up gradation from 4 to 8 laning of Chandikhole Paradip Section of NH-53 Old NH 5A from Km.0.00 to Km.18.00Package-1,NHAI,Odisha,2026-07,31.25,MEDIUM,25.0,75.0,0.0,0.0,Completion date has been revised by 13 month(s) (from 12/2025 to 01/2027). | Cost is within (or close to) the originally approved budget. | Recent progress growth is healthy (~4.45 points/month).
618823,4 laning of Barasat - Barajaguli Section of NH-12 from Km. 31.000 to Km. 48.679 in the district of North 24 - Parganas,NHAI,West Bengal,2026-07,60.0,MEDIUM,100.0,75.0,0.0,25.0,Physical progress (43.5%) is 56.5 points below expected progress (100.0%). | Completion date has been revised by 20 month(s) (from 02/2026 to 10/2027). | Cost is within (or close to) the originally approved budget. | Recent progress growth is healthy (~1.85 points/month).
618824,"Development to 4-laning of the de-scoped stretches from Km 115.342 to Km 191.700 of NH-34 in Nadia District 3.962 & Murshidabad District 5.538 pertaining to Krishnagar to Berhampore section of NH-34 New NH-12 , in the state of West Bengal under NHO.",NHAI,West Bengal,2026-07,53.75,MEDIUM,75.0,75.0,0.0,50.0,Physical progress (54.8%) is 45.2 points below expected progress (100.0%). | Completion date has been revised by 17 month(s) (from 01/2026 to 06/2027). | Cost is within (or close to) the originally approved budget. | Recent progress growth is low (~0.77 points/month).
618825,Bridge over Ganga River at d/s of Farraka Barrage including Approaches connecting Farakka-Raiganj,NHAI,West Bengal,2026-07,51.25,MEDIUM,25.0,100.0,20.0,75.0,Completion date has been revised by 57 month(s) (from 12/2021 to 09/2026). | Cost is within (or close to) the originally approved budget. | Recent progress growth is stalled or negative (no measurable gain last month).
618826,4 Laning of NH-544D from Km 0.000 to km 37.000 of Anantapur- Muchukota section Pkg-1,NHAI,Andhra Pradesh,2026-07,36.25,MEDIUM,25.0,75.0,0.0,50.0,Completion date has been revised by 13 month(s) (from 07/2025 to 08/2026). | Cost is within (or close to) the originally approved budget. | Recent progress growth is low (~0.37 points/month).
618827,4 Laning of NH-544D from Km 37.000 to km 69.000 of Muchukota- Bugga section Pkg-2,NHAI,Andhra Pradesh,2026-07,40.0,MEDIUM,50.0,75.0,0.0,0.0,Physical progress (84.9%) is 15.1 points below expected progress (100.0%). | Completion date has been revised by 16 month(s) (from 08/2025 to 12/2026). | Cost is within (or close to) the originally approved budget. | Recent progress growth is healthy (~2.87 points/month).
618828,4L from Km 219.600 Khajuri to Km 260.483 Wyndhamganj on NH-75 Sec-V,National Highways Authority of India [NHAI],"Multi-States (Jharkhand, Uttar Pradesh)",2026-05,36.25,MEDIUM,25.0,50.0,20.0,75.0,Completion date has been revised by 8 month(s) (from 09/2025 to 05/2026). | Cost is within (or close to) the originally approved budget. | Recent progress growth is stalled or negative (no measurable gain last month).
618829,4L from km 196.87 Sankha to km 219.6 Khajuri on NH-75 [Rehla / Garhwa Bypass],National Highways Authority of India [NHAI],Jharkhand,2026-05,16.25,LOW,25.0,0.0,0.0,75.0,No completion-date revision recorded (schedule risk based on original plan only). | Cost is within (or close to) the originally approved budget. | Recent progress growth is stalled or negative (no measurable gain last month).
618830,4L from Km 147.450 Bhogu to Km 196.870 Sankha on NH-75 Sec-III,NHAI,Jharkhand,2026-07,57.5,MEDIUM,50.0,75.0,40.0,75.0,Physical progress (77.0%) is 23.1 points below expected progress (100.0%). | Completion date has been revised by 16 month(s) (from 11/2025 to 03/2027). | Cost overrun of 8.8% (original Rs. 1517.87 Cr -> revised Rs. 1652.09 Cr). | Recent progress growth is stalled or negative (no measurable gain last month).
618831,4L from Km 95.400 Udaipura to Km 147.450 Bhogu on NH-75 Sec-II,NHAI,Jharkhand,2026-07,46.5,MEDIUM,100.0,30.0,0.0,25.0,Physical progress (29.2%) is 58.3 points below expected progress (87.5%). | Completion date has been revised by 5 month(s) (from 10/2026 to 03/2027). | Cost is within (or close to) the originally approved budget. | Recent progress growth is healthy (~1.30 points/month).
618832,4L from Km 55.00 Kuru to Km 95.400 Udaipura on NH-75 Sec-I,NHAI,Jharkhand,2026-07,20.0,LOW,50.0,0.0,0.0,25.0,Physical progress (11.1%) is 13.9 points below expected progress (25.0%). | Completion date has not slipped versus the original plan. | Cost is within (or close to) the originally approved budget. | Recent progress growth is healthy (~1.44 points/month).
618833,Kodinar - Veraval Package VI from km. 221.610 to km. 263.00 of NH-8E & km. 120.900 to km. 121.150 of NH-8D,NHAI,Gujarat,2026-06,62.5,HIGH,25.0,100.0,65.0,75.0,Completion date has been revised by 72 month(s) (from 07/2020 to 07/2026). | Cost overrun of 26.1% (original Rs. 894.01 Cr -> revised Rs. 1127.42 Cr). | Recent progress growth is stalled or negative (no measurable gain last month).
618834,4L Kodinar - Veraval Package VI from km. 222.400 to km. 230.00 Kodinar Bypass of NH-8E NH 51 new,National Highways Authority of India [NHAI],Gujarat,2026-05,46.25,MEDIUM,0.0,75.0,65.0,75.0,Physical progress (100.0%) is on track or ahead of expected progress (100.0%). | Completion date has been revised by 19 month(s) (from 09/2023 to 04/2025). | Cost overrun of 18.0% (original Rs. 162.73 Cr -> revised Rs. 192.01 Cr). | Recent progress growth is stalled or negative (no measurable gain last month).
618835,4L of Bal Works of Talaja - Mahuva from 54.990 km. to 100.450 km. of Old NH-8E Package-II,National Highways Authority of India [NHAI],Gujarat,2026-05,17.5,LOW,0.0,0.0,40.0,75.0,Physical progress (100.0%) is on track or ahead of expected progress (100.0%). | No completion-date revision recorded (schedule risk based on original plan only). | Cost overrun of 5.3% (original Rs. 698.40 Cr -> revised Rs. 735.51 Cr). | Recent progress growth is stalled or negative (no measurable gain last month).
618836,4L of Ratnagiri - Kolhapur section from km 67.140 to km 112.340 of NH-166 Pkg II,NHAI,Maharashtra,2026-07,42.5,MEDIUM,50.0,75.0,0.0,25.0,Physical progress (81.6%) is 18.4 points below expected progress (100.0%). | Completion date has been revised by 20 month(s) (from 05/2025 to 01/2027). | Cost is within (or close to) the originally approved budget. | Recent progress growth is healthy (~1.59 points/month).
618837,4L of Ratnagiri - Kolhapur section from km 112.340 to km 145.300 of NH-166 PkgIII,NHAI,Maharashtra,2026-07,51.25,MEDIUM,75.0,75.0,0.0,25.0,Physical progress (69.0%) is 31.1 points below expected progress (100.0%). | Completion date has been revised by 20 month(s) (from 05/2025 to 01/2027). | Cost is within (or close to) the originally approved budget. | Recent progress growth is healthy (~1.38 points/month).
618838,4L of Karwar Km. 281.980 of NH-62 Nagaur road to Dangiyavas of Jodhpur Ring Road Pkg-II,NHAI,Rajasthan,2026-07,30.0,LOW,0.0,75.0,0.0,75.0,Physical progress (100.0%) is on track or ahead of expected progress (100.0%). | Completion date has been revised by 24 month(s) (from 08/2024 to 08/2026). | Cost is within (or close to) the originally approved budget. | Recent progress growth is stalled or negative (no measurable gain last month).
618839,Aunta - Simaria including Ganga Bridge,National Highways Authority of India [NHAI],Bihar,2026-05,62.5,HIGH,0.0,100.0,100.0,75.0,Physical progress (100.0%) is on track or ahead of expected progress (100.0%). | Completion date has been revised by 50 month(s) (from 02/2022 to 04/2026). | Cost overrun of 61.0% (original Rs. 1309.47 Cr -> revised Rs. 2107.68 Cr). | Recent progress growth is stalled or negative (no measurable gain last month).
618840,Simaria Km. 206.050 to Khagaria Km. 266.282,NHAI,Bihar,2026-07,65.0,HIGH,25.0,100.0,85.0,50.0,Completion date has been revised by 90 month(s) (from 04/2019 to 10/2026). | Cost overrun of 34.3% (original Rs. 664.02 Cr -> revised Rs. 891.64 Cr). | Recent progress growth is low (~0.01 points/month).
618841,4L Elevated Section and at-grade improvements at Begusarai town Simaria - Khagaria section from Km. 221.047 to Km. 225.302 of NH-31,NHAI,Bihar,2026-07,38.75,MEDIUM,25.0,75.0,0.0,75.0,Completion date has been revised by 20 month(s) (from 12/2024 to 08/2026). | Cost is within (or close to) the originally approved budget. | Recent progress growth is stalled or negative (no measurable gain last month).
618842,"2L PS Greenfield bypass lalganj ajhara, mohanganj and Raniganj on Raebareli - Jaunpur Section Design km 0.00 to Km 53177 of NH-31",NHAI,Uttar Pradesh,2026-07,16.25,LOW,25.0,0.0,0.0,75.0,Completion date has not slipped versus the original plan. | Cost is within (or close to) the originally approved budget. | Recent progress growth is stalled or negative (no measurable gain last month).
618843,Construction of two lane with paved shoulders bypass to Mungrabadshapur town starting from near Kodahu at Km 47/225 of NH-319D and ending near Nauwadandi at Km 219/720 of NH-31 under NHO in the state of Uttar Pradesh on EPC mode,NHAI,Uttar Pradesh,2026-07,26.25,LOW,75.0,0.0,0.0,0.0,Physical progress (22.8%) is 32.8 points below expected progress (55.6%). | Completion date has not slipped versus the original plan. | Cost is within (or close to) the originally approved budget. | Recent progress growth is healthy (~5.57 points/month).
618844,Viluppuram Km.0.000 to Puducherry Km.29.000,NHAI,"Multi-States (Puducherry, Tamil Nadu)",2026-07,46.25,MEDIUM,25.0,100.0,0.0,75.0,Completion date has been revised by 34 month(s) (from 11/2023 to 09/2026). | Cost is within (or close to) the originally approved budget. | Recent progress growth is stalled or negative (no measurable gain last month).
618845,Puducherry Km.29.000 to Poondiyankuppam Km.67.000,NHAI,"Multi-States (Puducherry, Tamil Nadu)",2026-07,46.25,MEDIUM,25.0,100.0,0.0,75.0,Completion date has been revised by 34 month(s) (from 11/2023 to 09/2026). | Cost is within (or close to) the originally approved budget. | Recent progress growth is stalled or negative (no measurable gain last month).
618846,Poondiyankuppam Km.67.000 to Sattanathapuram Km.123.800,NHAI,Tamil Nadu,2026-07,46.25,MEDIUM,25.0,100.0,0.0,75.0,Completion date has been revised by 32 month(s) (from 01/2024 to 09/2026). | Cost is within (or close to) the originally approved budget. | Recent progress growth is stalled or negative (no measurable gain last month).
618847,Sattanathapuram to Nagapattinam from Km 123.800 to Km 179.555,NHAI,"Multi-States (Puducherry, Tamil Nadu)",2026-07,52.5,MEDIUM,50.0,100.0,0.0,50.0,Physical progress (85.6%) is 14.4 points below expected progress (100.0%). | Completion date has been revised by 50 month(s) (from 10/2022 to 12/2026). | Cost is within (or close to) the originally approved budget. | Recent progress growth is low (~0.60 points/month).
618848,Construction of Underpass beneath airport runway on NH-31 old NH-56 for proposed expansion of runway of Babatpur Airport Varanasi,NHAI,Uttar Pradesh,2026-07,17.5,LOW,50.0,0.0,0.0,0.0,Physical progress (22.0%) is 19.7 points below expected progress (41.7%). | Completion date has not slipped versus the original plan. | Cost is within (or close to) the originally approved budget. | Recent progress growth is healthy (~15.30 points/month).
618849,Conversion of Partially Excavated Escape Tunnel to Uni-Directional 2L Tunnelincluding construction of cross passages and approach roads on either side of the tunnel from Km 12.732 to Km 14.568 of Kiratpur to Nerchowk Section of NH-21,National Highways Authority of India [NHAI],Chhattisgarh,2026-05,37.5,MEDIUM,0.0,100.0,0.0,75.0,Physical progress (100.0%) is on track or ahead of expected progress (100.0%). | Completion date has been revised by 26 month(s) (from 03/2024 to 05/2026). | Cost is within (or close to) the originally approved budget. | Recent progress growth is stalled or negative (no measurable gain last month).
618850,Nerchowk km 190.000 to Pandoh including Pandoh bypass km221.305,NHAI,Himachal Pradesh,2026-07,47.5,MEDIUM,0.0,100.0,40.0,75.0,Physical progress (100.0%) is on track or ahead of expected progress (100.0%). | Completion date has been revised by 73 month(s) (from 07/2020 to 08/2026). | Cost overrun of 12.8% (original Rs. 1464.12 Cr -> revised Rs. 1651.67 Cr). | Recent progress growth is stalled or negative (no measurable gain last month).
618851,Pandoh bypass 221.305 to Takoli 242.000 of NH-21 in the state of Himachal Pradesh,NHAI,Himachal Pradesh,2026-07,67.5,HIGH,25.0,100.0,85.0,75.0,Completion date has been revised by 66 month(s) (from 09/2021 to 03/2027). | Cost overrun of 30.6% (original Rs. 3419.95 Cr -> revised Rs. 4465.94 Cr). | Recent progress growth is stalled or negative (no measurable gain last month).
618852,4L Sundar Nagar Bypass from Km.173.900 to Km.179.600 of NH-21,NHAI,Himachal Pradesh,2026-07,42.5,MEDIUM,0.0,100.0,20.0,75.0,Physical progress (100.0%) is on track or ahead of expected progress (100.0%). | Completion date has been revised by 26 month(s) (from 06/2024 to 08/2026). | Cost is within (or close to) the originally approved budget. | Recent progress growth is stalled or negative (no measurable gain last month).
618853,Construction of Four lane Elevated Structure at Raniwada Circle in Sanchore City on NH-68,NHAI,Rajasthan,2026-07,26.5,LOW,50.0,30.0,0.0,0.0,Physical progress (89.4%) is 10.6 points below expected progress (100.0%). | Completion date has been revised by 4 month(s) (from 07/2026 to 11/2026). | Cost is within (or close to) the originally approved budget. | Recent progress growth is healthy (~3.19 points/month).
618854,2L PS of Raebareli - Jagdishpur with 4L Jagdishpur Bypass Spur,National Highways Authority of India [NHAI],Uttar Pradesh,2026-05,48.75,MEDIUM,25.0,75.0,40.0,75.0,Completion date has been revised by 17 month(s) (from 01/2024 to 06/2025). | Cost overrun of 6.5% (original Rs. 706.41 Cr -> revised Rs. 752.52 Cr). | Recent progress growth is stalled or negative (no measurable gain last month).
618855,"Improvement and Up-Gradation of Existing Road to 2/4L PS from Km 40.000 to 88.750, start of Khutar bypass to start of Shahjahanpur bypass of NH 731Pkg-I",National Highways Authority of India [NHAI],Uttar Pradesh,2026-05,38.75,MEDIUM,25.0,75.0,0.0,75.0,Completion date has been revised by 14 month(s) (from 02/2025 to 04/2026). | Cost is within (or close to) the originally approved budget. | Recent progress growth is stalled or negative (no measurable gain last month).
618856,"Improvement and Up-Gradation of Existing Road to 4L PS from Km 123.650 to 175.080, from Start of Shahabad Bypass to End of Hardoi bypass of NH 731 Pkg-2B",NHAI,Uttar Pradesh,2026-07,66.25,HIGH,75.0,75.0,40.0,75.0,Physical progress (68.8%) is 31.2 points below expected progress (100.0%). | Completion date has been revised by 16 month(s) (from 11/2025 to 03/2027). | Cost overrun of 10.0% (original Rs. 1101.79 Cr -> revised Rs. 1212.26 Cr). | Recent progress growth is stalled or negative (no measurable gain last month).
618858,"Improvement and Up-Gradation of Existing Road to 4L PS from Km 88.750 to 123.650, from Start of Shahjahanpur Bypass to start of Shahabad bypass of NH 731Pkg.-2A",NHAI,Uttar Pradesh,2026-07,56.25,MEDIUM,75.0,75.0,0.0,75.0,Physical progress (70.6%) is 29.4 points below expected progress (100.0%). | Completion date has been revised by 14 month(s) (from 01/2026 to 03/2027). | Cost is within (or close to) the originally approved budget. | Recent progress growth is stalled or negative (no measurable gain last month).
618859,"Improvement and Up-Gradation of Existing Road to 4L PS from Km 229.070 to 260.800, End of Hardoi District to Lucknow Ring road of NH 731 Pkg-4",NHAI,Uttar Pradesh,2026-07,38.75,MEDIUM,25.0,75.0,0.0,75.0,Completion date has been revised by 22 month(s) (from 10/2024 to 08/2026). | Cost is within (or close to) the originally approved budget. | Recent progress growth is stalled or negative (no measurable gain last month).
618861,Bakhtiyarpur-Rajauli Pkg-II from km. 54.405 to km.101.630,NHAI,Bihar,2026-07,67.5,HIGH,25.0,100.0,85.0,75.0,Completion date has been revised by 37 month(s) (from 07/2023 to 08/2026). | Cost overrun of 55.7% (original Rs. 897.45 Cr -> revised Rs. 1397.47 Cr). | Recent progress growth is stalled or negative (no measurable gain last month).
618862,Bakhtiyarpur-Rajauli Pkg-III from km. 101.630 to km.152.520,NHAI,Bihar,2026-07,67.5,HIGH,25.0,100.0,85.0,75.0,Completion date has been revised by 26 month(s) (from 06/2024 to 08/2026). | Cost overrun of 41.3% (original Rs. 2156.22 Cr -> revised Rs. 3046.61 Cr). | Recent progress growth is stalled or negative (no measurable gain last month).
618863,Barhi-Koderma Section of NH31 km 0.00 - km 27.5,NHAI,Jharkhand,2026-07,55.0,MEDIUM,25.0,75.0,65.0,75.0,Completion date has been revised by 24 month(s) (from 08/2024 to 08/2026). | Cost overrun of 24.8% (original Rs. 662.44 Cr -> revised Rs. 826.59 Cr). | Recent progress growth is stalled or negative (no measurable gain last month).
618864,4L from Mathura Bypass Start at Existing Km. 154.20 of NH-44 to Gaju Village at Km 32.982 of NH-530B Pkg-IB,National Highways Authority of India [NHAI],Uttar Pradesh,2026-05,37.5,MEDIUM,0.0,75.0,40.0,50.0,Physical progress (100.0%) is on track or ahead of expected progress (100.0%). | Completion date has been revised by 16 month(s) (from 03/2025 to 07/2026). | Cost overrun of 5.7% (original Rs. 1722.11 Cr -> revised Rs. 1820.77 Cr). | Recent progress growth is low (~0.10 points/month).
618865,4L from Gaju Village at Km. 32.982 to Devinagar Bypass End at Km. 208.000 of NH- 530B Pkg-1C.,National Highways Authority of India [NHAI],Uttar Pradesh,2026-05,26.25,LOW,25.0,0.0,40.0,75.0,No completion-date revision recorded (schedule risk based on original plan only). | Cost overrun of 8.1% (original Rs. 1384.79 Cr -> revised Rs. 1496.44 Cr). | Recent progress growth is stalled or negative (no measurable gain last month).
618866,"Four Lane Highway from Chandan Nagar Existing Km. 59.025 of NH 530B/Design Km. 179.5000 to Bareilly BypassStartExisting Km. 59.025 of NH 530B/Design Km. 218.000 Section of NH 530B, in the State of Uttar Pradesh on HAM Mode under NH0",NHAI,Uttar Pradesh,2026-07,0.0,LOW,0.0,0.0,0.0,0.0,Physical progress (34.5%) is on track or ahead of expected progress (33.3%). | Completion date has not slipped versus the original plan. | Cost is within (or close to) the originally approved budget. | Recent progress growth is healthy (~4.20 points/month).
618867,4L Kasganj-Badaun Section from Km. 123.100 to Km. 179.500 Pkg-III of NH530B,NHAI,Uttar Pradesh,2026-07,32.5,MEDIUM,50.0,50.0,0.0,0.0,Physical progress (40.0%) is 18.3 points below expected progress (58.3%). | Completion date has been revised by 7 month(s) (from 05/2027 to 12/2027). | Cost is within (or close to) the originally approved budget. | Recent progress growth is healthy (~2.97 points/month).
618868,4L from Devinagar Bypass End Existing Km. 208.000 of NH 530B/Design Km. 66.000 to Kasganj Bypass End Existing Km.150.100 of NH 530B/ Design Km. 123.100 of NH 530B,NHAI,Uttar Pradesh,2026-07,26.5,LOW,50.0,30.0,0.0,0.0,Physical progress (77.0%) is 23.0 points below expected progress (100.0%). | Completion date has been revised by 6 month(s) (from 06/2026 to 12/2026). | Cost is within (or close to) the originally approved budget. | Recent progress growth is healthy (~6.98 points/month).
618869,"Construction of 4/6 lane Highway of Southern Bareilly Bypass, starting at Ch. 237000 of NH 530 near Jhumka chauraha, Dhantiya village and ending at Ch. 267000 of NH 30 near Invertis University including Trumpet Interchange",NHAI,Uttar Pradesh,2026-07,38.75,MEDIUM,25.0,0.0,100.0,50.0,Completion date has not slipped versus the original plan. | Cost overrun of 66.6% (original Rs. 1122.02 Cr -> revised Rs. 1869.59 Cr). | Recent progress growth is low (~0.92 points/month).
618870,4L PS from near Hemmige Village Periyapatna - Hassan Road Jn. to near Hunsur - KR Nagar Jn section from Km. 144.900 to Km. 169.000 of NH-275 Pkg. III,NHAI,Karnataka,2026-07,66.25,HIGH,75.0,50.0,100.0,0.0,Physical progress (27.8%) is 34.7 points below expected progress (62.5%). | Completion date has been revised by 9 month(s) (from 04/2027 to 01/2028). | Cost overrun of 95.4% (original Rs. 883.62 Cr -> revised Rs. 1726.65 Cr). | Recent progress growth is healthy (~3.53 points/month).
618871,4L PS from Near Guddehosur to Start of Kushalnagara Bypass to near Hemmige Village Periyapatna - Hassan Road Jn from Km. 122.200 to Km. 144.900 of NH-275 Pkg. II,NHAI,Karnataka,2026-07,31.5,MEDIUM,50.0,30.0,0.0,50.0,Physical progress (14.5%) is 14.6 points below expected progress (29.2%). | Completion date has been revised by 5 month(s) (from 12/2027 to 05/2028). | Cost is within (or close to) the originally approved budget. | Recent progress growth is low (~0.92 points/month).
618872,4L PS from near Hunsur - KR Nagar Junction to near Yalachahalli village KR Nagara - Yelawala Road Junction fcrom Km 169.000 to Km 195.550 of NH-275 Pkg-IV,NHAI,Karnataka,2026-07,43.75,MEDIUM,75.0,50.0,0.0,25.0,Physical progress (19.6%) is 42.9 points below expected progress (62.5%). | Completion date has been revised by 11 month(s) (from 04/2027 to 03/2028). | Cost is within (or close to) the originally approved budget. | Recent progress growth is healthy (~1.45 points/month).
618873,4L PS from near Yalachahalli village KR Nagara - Yelawala Road junction to Srirangapatna Bypass Near Paschima Vahini from km 195.550 to Km 214.535 of NH- 275 Pkg-V,NHAI,Karnataka,2026-07,46.25,MEDIUM,75.0,50.0,0.0,50.0,Physical progress (17.4%) is 45.1 points below expected progress (62.5%). | Completion date has been revised by 12 month(s) (from 04/2027 to 04/2028). | Cost is within (or close to) the originally approved budget. | Recent progress growth is low (~0.91 points/month).
618874,Four Laning of Trichy - Dindigul from km. 333.00 to km. 421.273 of NH-45,National Highways Authority of India [NHAI],Tamil Nadu,2026-05,37.5,MEDIUM,0.0,100.0,0.0,75.0,Physical progress (100.0%) is on track or ahead of expected progress (100.0%). | Completion date has been revised by 191 month(s) (from 07/2010 to 06/2026). | Cost is within (or close to) the originally approved budget. | Recent progress growth is stalled or negative (no measurable gain last month).
618875,4L of Haridwar Nagina section Design Ch. LME from km 13.829 to km 17.110 & km 26.077 to km 27.508 and Design Ch. RME from km 13.839 to km 17.120 & km 26.078 to km 27.509 of EUP mitigation measures on NH74,NHAI,Uttarakhand,2026-07,63.75,HIGH,75.0,100.0,0.0,75.0,Physical progress (70.4%) is 29.6 points below expected progress (100.0%). | Completion date has been revised by 34 month(s) (from 02/2024 to 12/2026). | Cost is within (or close to) the originally approved budget. | Recent progress growth is stalled or negative (no measurable gain last month).
618878,Rehabilitation and Upgradation to 4L configuration & Strengthening of Sihuni to Rajol from Km 51.000 to Km 72.000 of NH-154 Package-IIA,NHAI,Himachal Pradesh,2026-07,38.75,MEDIUM,25.0,50.0,40.0,50.0,Completion date has been revised by 12 month(s) (from 09/2025 to 09/2026). | Cost overrun of 11.5% (original Rs. 696.65 Cr -> revised Rs. 776.59 Cr). | Recent progress growth is low (~0.60 points/month).
618879,Rehabilitation and Upgradation to 2L PS configuration & Strengthening of Padhar to Bijni section from Km 180.000 to Km 202.815 of NH-154 Pkg-VA,NHAI,Himachal Pradesh,2026-07,5.0,LOW,0.0,0.0,0.0,50.0,Physical progress (99.9%) is on track or ahead of expected progress (83.3%). | Completion date has not slipped versus the original plan. | Cost is within (or close to) the originally approved budget. | Recent progress growth is low (~0.67 points/month).
618880,Rehabilitation and Up-gradation to 4L configuration & Strengthening of Thanpuri to Paror section from Km 85.135 to Km 100.840 of NH-154 Pkg-IIC,NHAI,Himachal Pradesh,2026-07,51.25,MEDIUM,75.0,75.0,0.0,25.0,Physical progress (56.6%) is 43.4 points below expected progress (100.0%). | Completion date has been revised by 16 month(s) (from 12/2025 to 04/2027). | Cost is within (or close to) the originally approved budget. | Recent progress growth is healthy (~1.70 points/month).
618881,4L PS bijni to mandi section from Km 202.815 to Km 208.000 of NH-20 New NH-154 of Pathankot-Mandi Package-VB,NHAI,Himachal Pradesh,2026-07,22.5,LOW,50.0,0.0,0.0,50.0,Physical progress (35.3%) is 18.0 points below expected progress (53.3%). | Completion date has not slipped versus the original plan. | Cost is within (or close to) the originally approved budget. | Recent progress growth is low (~0.73 points/month).
618882,Construction of additional 3-Lane Bridge over River Ganga for connection between Buxar and Bharauli on NH-922 in the State of Uttar Pradesh and Bihar on Hybrid Annuity Mode,NHAI,"Multi-States (Bihar, Uttar Pradesh)",2026-07,17.5,LOW,50.0,0.0,0.0,0.0,Physical progress (22.3%) is 14.4 points below expected progress (36.7%). | Completion date has not slipped versus the original plan. | Cost is within (or close to) the originally approved budget. | Recent progress growth is healthy (~2.10 points/month).
618883,Construction of Four Lane Highway form Ghazipur- Ballia-UP/Bihar State Border Greenfield section of NH-31 Package I [from Hridaipur km 0.000 to Shahapur km 42.500] on EPC Mode in the state of Uttar Pradesh.,NHAI,Uttar Pradesh,2026-07,30.0,LOW,0.0,75.0,0.0,75.0,Physical progress (100.0%) is on track or ahead of expected progress (100.0%). | Completion date has been revised by 13 month(s) (from 07/2025 to 08/2026). | Cost is within (or close to) the originally approved budget. | Recent progress growth is stalled or negative (no measurable gain last month).
618884,Construction of Four Lane Highway from Ghazipur- Ballia-UP/Bihar State Border Greenfield section of NH-31 Package II [from Shahapur km 42.500 to Pindari km 78.150] on EPC Mode in the state of Uttar Pradesh.,NHAI,Uttar Pradesh,2026-07,23.75,LOW,25.0,50.0,0.0,0.0,Completion date has been revised by 10 month(s) (from 10/2025 to 08/2026). | Cost is within (or close to) the originally approved budget. | Recent progress growth is healthy (~2.11 points/month).
618885,Construction of Four Lane Highway from Ghazipur- Ballia-UP/Bihar State Border Greenfield section of NH-31 Package IV [from Buxur Spur of length km 17.270 on EPC Mode in the state of Uttar Pradesh.,NHAI,Uttar Pradesh,2026-07,41.25,MEDIUM,25.0,75.0,0.0,100.0,Completion date has been revised by 17 month(s) (from 06/2025 to 11/2026). | Cost is within (or close to) the originally approved budget. | Recent progress growth is stalled or negative (no measurable gain last month).
618886,Road Safety Improvement of Critical Junctions on MuzaffarnagarHaridwar Section of NH-334 from Km 143000 to Km 196000,NHAI,"Multi-States (Uttar Pradesh, Uttarakhand)",2026-07,17.5,LOW,50.0,0.0,0.0,0.0,Physical progress (22.6%) is 14.9 points below expected progress (37.5%). | Completion date has not slipped versus the original plan. | Cost is within (or close to) the originally approved budget. | Recent progress growth is healthy (~2.14 points/month).
618887,4L of Bettadahalli- Shivamogga section from Km.170.415 to km. 226.750 of NH-206 Tumkur- Shivamogga Pkg-IV,NHAI,Karnataka,2026-07,68.75,HIGH,50.0,100.0,65.0,50.0,Physical progress (84.2%) is 15.8 points below expected progress (100.0%). | Completion date has been revised by 41 month(s) (from 10/2023 to 03/2027). | Cost overrun of 22.2% (original Rs. 2082.98 Cr -> revised Rs. 2545.11 Cr). | Recent progress growth is low (~0.47 points/month).
618888,Rehabilitation and Up-gradation of existing road to 2L PS from End of Hamirpur Bypass near Chilbahal to Bhangbar section from Km. 138.295 to Km.175.270 of NH- 88 Pkg-IV,NHAI,Himachal Pradesh,2026-07,50.0,MEDIUM,25.0,75.0,65.0,25.0,Completion date has been revised by 20 month(s) (from 04/2025 to 12/2026). | Cost overrun of 18.5% (original Rs. 1146.19 Cr -> revised Rs. 1358.62 Cr). | Recent progress growth is healthy (~1.48 points/month).
618889,"4L of Bhangbar Near Ranital to Kangra Bypass Section of Old NH-88 New NH- 303,503 up to Intersection with NH-154 from Km 175.270 to Km 193.400 Pkg-VB",NHAI,Himachal Pradesh,2026-07,60.0,MEDIUM,25.0,75.0,85.0,75.0,Completion date has been revised by 21 month(s) (from 12/2024 to 09/2026). | Cost overrun of 38.3% (original Rs. 1322.95 Cr -> revised Rs. 1829.49 Cr). | Recent progress growth is stalled or negative (no measurable gain last month).
618890,2L PS of Hamirpur Bypass from Km 121.175 to Km.138.295 of NH-103&3,NHAI,Himachal Pradesh,2026-07,38.75,MEDIUM,25.0,75.0,20.0,25.0,Completion date has been revised by 14 month(s) (from 10/2025 to 12/2026). | Cost is within (or close to) the originally approved budget. | Recent progress growth is healthy (~1.12 points/month).
618891,4L PS from Kalar Bala Village to Nauni Chowk of NH 205 from Km 41.000 to Km 58.450,NHAI,Himachal Pradesh,2026-07,37.75,MEDIUM,75.0,30.0,0.0,25.0,Physical progress (31.5%) is 26.9 points below expected progress (58.3%). | Completion date has been revised by 4 month(s) (from 05/2027 to 09/2027). | Cost is within (or close to) the originally approved budget. | Recent progress growth is healthy (~1.03 points/month).
618892,"4 Lane with Paved Shoulder from Dareota Village to Kalar Bala NH 205, Design Chainage -Km 33185 to Km 41000, Design Length-7.815 Km Package-IIB",NHAI,Himachal Pradesh,2026-07,13.75,LOW,25.0,0.0,0.0,50.0,Completion date has not slipped versus the original plan. | Cost is within (or close to) the originally approved budget. | Recent progress growth is low (~0.68 points/month).
618893,Varanasi Gorakhpur Section Packege IV from km. 149.540 to km. 215.160 Mau- Gorakhpur,NHAI,Uttar Pradesh,2026-07,62.5,HIGH,25.0,100.0,65.0,75.0,Completion date has been revised by 82 month(s) (from 10/2019 to 08/2026). | Cost overrun of 17.2% (original Rs. 2966.63 Cr -> revised Rs. 3475.65 Cr). | Recent progress growth is stalled or negative (no measurable gain last month).
618894,4L of Madathukulam - Pollachi from km. 74.38 to km. 116.95 of old NH-209 New NH- 83,NHAI,Tamil Nadu,2026-07,38.75,MEDIUM,25.0,100.0,0.0,0.0,Completion date has been revised by 45 month(s) (from 12/2022 to 09/2026). | Cost is within (or close to) the originally approved budget. | Recent progress growth is healthy (~2.13 points/month).
618895,Kamalapuram to Oddanchatram from km. 0.00 to km. 35.822,NHAI,Tamil Nadu,2026-07,41.25,MEDIUM,25.0,100.0,0.0,25.0,Completion date has been revised by 44 month(s) (from 01/2023 to 09/2026). | Cost is within (or close to) the originally approved budget. | Recent progress growth is healthy (~1.11 points/month).
618896,4L of Sannur to Bikarnakatte section from Km 691.350 to Km 736.362 of NH-169 Karkala - Mangalore Package-III,NHAI,Karnataka,2026-07,76.25,HIGH,50.0,100.0,85.0,75.0,Physical progress (76.1%) is 23.9 points below expected progress (100.0%). | Completion date has been revised by 30 month(s) (from 10/2024 to 04/2027). | Cost overrun of 47.0% (original Rs. 1386.41 Cr -> revised Rs. 2038.71 Cr). | Recent progress growth is stalled or negative (no measurable gain last month).
618897,4L of Sethiyathope -Cholapuram section from Km. 65.960 to Km. 116.440 section of NH45 C Pkg-II,National Highways Authority of India [NHAI],Tamil Nadu,2026-05,42.5,MEDIUM,0.0,100.0,20.0,75.0,Physical progress (100.0%) is on track or ahead of expected progress (100.0%). | Completion date has been revised by 68 month(s) (from 08/2020 to 04/2026). | Cost is within (or close to) the originally approved budget. | Recent progress growth is stalled or negative (no measurable gain last month).
618898,Balance Works for Four laning of Vikravandi to Sethiyathope section from Km 0.0 to Km 65.96 of NH-45C in Tamil Nadu under NHDP Phase-IV on EPC mode,NHAI,Tamil Nadu,2026-07,17.5,LOW,50.0,0.0,0.0,0.0,Physical progress (37.6%) is 16.6 points below expected progress (54.2%). | Completion date has not slipped versus the original plan. | Cost is within (or close to) the originally approved budget. | Recent progress growth is healthy (~3.98 points/month).
618899,Kallagam km.38.700 to Meensurutti Km.98.433 of NH-227 in Tamil Nadu,NHAI,Tamil Nadu,2026-07,37.5,MEDIUM,0.0,100.0,0.0,75.0,Physical progress (100.0%) is on track or ahead of expected progress (100.0%). | Completion date has been revised by 64 month(s) (from 04/2021 to 08/2026). | Cost is within (or close to) the originally approved budget. | Recent progress growth is stalled or negative (no measurable gain last month).
618901,4L PS Divided Carriageway from Patan Near Rajpur to Gojariya From Km 52.000 to Km 128.940 of NH-68,NHAI,Gujarat,2026-07,47.5,MEDIUM,50.0,75.0,0.0,75.0,Physical progress (87.1%) is 12.9 points below expected progress (100.0%). | Completion date has been revised by 20 month(s) (from 03/2025 to 11/2026). | Cost is within (or close to) the originally approved budget. | Recent progress growth is stalled or negative (no measurable gain last month).
618902,Maheshkunt-Saharsa-Purnea Pkg I km 0.00 to km. 90.00 of NH-107,NHAI,Bihar,2026-07,71.25,HIGH,25.0,100.0,100.0,75.0,Completion date has been revised by 57 month(s) (from 12/2021 to 09/2026). | Cost overrun of 97.9% (original Rs. 662.44 Cr -> revised Rs. 1311.22 Cr). | Recent progress growth is stalled or negative (no measurable gain last month).
618903,Maheshkunt -Saharsa-Purnea Pkg II,NHAI,Bihar,2026-07,46.25,MEDIUM,25.0,100.0,0.0,75.0,Completion date has been revised by 69 month(s) (from 12/2020 to 09/2026). | Cost is within (or close to) the originally approved budget. | Recent progress growth is stalled or negative (no measurable gain last month).
618904,Chhapra - Hajipur from km. 143.200 to km. 209.200,NHAI,Bihar,2026-06,60.0,MEDIUM,50.0,100.0,20.0,75.0,Physical progress (89.8%) is 10.2 points below expected progress (100.0%). | Completion date has been revised by 153 month(s) (from 07/2013 to 04/2026). | Cost is within (or close to) the originally approved budget. | Recent progress growth is stalled or negative (no measurable gain last month).
618905,Widening with additional 3L abetting Chhapra Bypass Section of NH-19 from Km. 143.200 to Km. 159.255 Pkg-1,NHAI,Bihar,2026-07,36.5,MEDIUM,50.0,30.0,40.0,0.0,Physical progress (77.3%) is 18.6 points below expected progress (95.8%). | Completion date has been revised by 2 month(s) (from 08/2026 to 10/2026). | Cost overrun of 12.3% (original Rs. 470.50 Cr -> revised Rs. 528.48 Cr). | Recent progress growth is healthy (~4.02 points/month).
618906,4L of Amritsar-Ghoman - Tanda - Una Section from Km 8.270 to Km 54.000 of NH- 503A Package-I,NHAI,Punjab,2026-07,86.25,HIGH,75.0,100.0,100.0,50.0,Physical progress (68.9%) is 31.1 points below expected progress (100.0%). | Completion date has been revised by 33 month(s) (from 06/2024 to 03/2027). | Cost overrun of 68.2% (original Rs. 857.91 Cr -> revised Rs. 1443.47 Cr). | Recent progress growth is low (~0.50 points/month).
618907,2L/4L of Hoshiarpur to Una section including Hoshiarpur Bypass of NH 503A,NHAI,"Multi-States (Himachal Pradesh, Punjab)",2026-07,31.25,MEDIUM,75.0,0.0,0.0,50.0,Physical progress (26.4%) is 31.9 points below expected progress (58.3%). | Completion date has not slipped versus the original plan. | Cost is within (or close to) the originally approved budget. | Recent progress growth is low (~0.25 points/month).
618908,3L Major Bridge over River Brahmani at Km. 401.250 Duburi - Chandikhole Section of NH-200 New NH -53,NHAI,Odisha,2026-07,72.5,HIGH,100.0,100.0,0.0,75.0,Physical progress (38.0%) is 62.0 points below expected progress (100.0%). | Completion date has been revised by 32 month(s) (from 01/2025 to 09/2027). | Cost is within (or close to) the originally approved budget. | Recent progress growth is stalled or negative (no measurable gain last month).
618909,2L PS of JH / WB Border km. 70.524 - Purulia km.84.400 & Purulia km. 94.30 - Chandil Junction with NH-33 km. 153.705 of Old NH-32,NHAI,"Multi-States (Jharkhand, West Bengal)",2026-07,56.25,MEDIUM,25.0,100.0,40.0,75.0,Completion date has been revised by 50 month(s) (from 08/2022 to 10/2026). | Cost overrun of 7.2% (original Rs. 1652.40 Cr -> revised Rs. 1771.88 Cr). | Recent progress growth is stalled or negative (no measurable gain last month).
618910,4L of Purulia Bypass section from Km 84.030 to Km 94.345 of NH-32,NHAI,West Bengal,2026-06,51.25,MEDIUM,25.0,100.0,20.0,75.0,Completion date has been revised by 37 month(s) (from 08/2023 to 09/2026). | Cost is within (or close to) the originally approved budget. | Recent progress growth is stalled or negative (no measurable gain last month).
618911,4L Greenfield Western Side spur of Rampur-Rudrapur Section from Km 0.000 to Km 13.700 connecting NH-24 to NH-87 bypassing rampur town,NHAI,Uttar Pradesh,2026-07,63.75,HIGH,75.0,100.0,0.0,75.0,Physical progress (63.8%) is 36.2 points below expected progress (100.0%). | Completion date has been revised by 27 month(s) (from 11/2024 to 02/2027). | Cost is within (or close to) the originally approved budget. | Recent progress growth is stalled or negative (no measurable gain last month).
618912,Construction of Rudrapur Bypass Section from Km. 0.000 to 20.640 in the state of Uttar Pradesh & Uttarakhand,National Highways Authority of India [NHAI],"Multi-States (Uttar Pradesh, Uttarakhand)",2026-05,35.25,MEDIUM,25.0,30.0,40.0,75.0,Completion date has been revised by 4 month(s) (from 01/2026 to 05/2026). | Cost overrun of 6.2% (original Rs. 1051.73 Cr -> revised Rs. 1117.17 Cr). | Recent progress growth is stalled or negative (no measurable gain last month).
618913,4-L of Rajamunda to Barkote Section of NH-23 from km. 287.200 to km. 337.185,National Highways Authority of India [NHAI],Odisha,2026-05,51.25,MEDIUM,25.0,100.0,20.0,75.0,Completion date has been revised by 42 month(s) (from 06/2021 to 12/2024). | Cost is within (or close to) the originally approved budget. | Recent progress growth is stalled or negative (no measurable gain last month).
618914,"4L Elevated Corridor and at-grade improvements from Design Ch0000 to Design Ch 19870 of Danapur Bihta Section, Design Ch0000 to Design Ch0231 connecting the existing RoB near Danapur station ,1.35 Km ramps and at-grade improvements to 4- lane section on Danapur side and Upgradation of existing Two lane carriageway to Four Lane carriageway from Design Ch19870 to Design Ch23500 of Bihta - Koilwar section",NHAI,Bihar,2026-07,41.25,MEDIUM,75.0,50.0,0.0,0.0,Physical progress (63.9%) is 29.4 points below expected progress (93.3%). | Completion date has been revised by 11 month(s) (from 09/2026 to 08/2027). | Cost is within (or close to) the originally approved budget. | Recent progress growth is healthy (~2.79 points/month).
618915,4L of Bal. works of Patna - Gaya -Dobhi Pkg-II from km. 39.00 to km. 83.00 of Old NH- 83,National Highways Authority of India [NHAI],Bihar,2026-05,55.0,MEDIUM,50.0,100.0,0.0,75.0,Physical progress (89.0%) is 11.0 points below expected progress (100.0%). | Completion date has been revised by 30 month(s) (from 11/2022 to 05/2025). | Cost is within (or close to) the originally approved budget. | Recent progress growth is stalled or negative (no measurable gain last month).
618916,4L of Bal. works of Patna - Gaya -Dobhi Pkg-III from km. 83.00 to km. 127.217 of Old NH-83,National Highways Authority of India [NHAI],Bihar,2026-05,46.25,MEDIUM,25.0,100.0,0.0,75.0,Completion date has been revised by 30 month(s) (from 11/2022 to 05/2025). | Cost is within (or close to) the originally approved budget. | Recent progress growth is stalled or negative (no measurable gain last month).
618917,4L Greenfield starting from NH-30 near Saristabad Patna to Nathupur Project end point of Patna-Gaya-Dobhi Section of NH-83,NHAI,Bihar,2026-07,42.5,MEDIUM,50.0,75.0,0.0,25.0,Physical progress (88.3%) is 11.7 points below expected progress (100.0%). | Completion date has been revised by 13 month(s) (from 08/2025 to 09/2026). | Cost is within (or close to) the originally approved budget. | Recent progress growth is healthy (~1.27 points/month).
618919,4L PS from Mandlem Existing Km. 38.000/Design Km.30.600 to Atmakur Existing Km.73.000/Design Km 66.115 of NH340C Package2,National Highways Authority of India [NHAI],Andhra Pradesh,2026-05,21.25,LOW,25.0,0.0,20.0,75.0,No completion-date revision recorded (schedule risk based on original plan only). | Cost is within (or close to) the originally approved budget. | Recent progress growth is stalled or negative (no measurable gain last month).
618920,Access Controlled Highway of 4 Lane with Paved Shoulders from TN/AP Border Design Chainage Km 6151 to Puttur Design Chainage Km 81540 of NH-716 & 6 Lane with Paved Shoulders from Mallavaram to Renigunta,NHAI,Andhra Pradesh,2026-07,35.25,MEDIUM,75.0,30.0,0.0,0.0,Physical progress (42.5%) is 36.7 points below expected progress (79.2%). | Completion date has been revised by 3 month(s) (from 12/2026 to 03/2027). | Cost is within (or close to) the originally approved budget. | Recent progress growth is healthy (~2.91 points/month).
618921,4L of Kathlighat to Shakral Village from Km 128.835 to Km 146.300 of NH- 5 Shimla Bypass - Pkg I,NHAI,Himachal Pradesh,2026-07,72.5,HIGH,75.0,75.0,85.0,25.0,Physical progress (64.2%) is 35.8 points below expected progress (100.0%). | Completion date has been revised by 15 month(s) (from 04/2026 to 07/2027). | Cost overrun of 55.5% (original Rs. 1703.48 Cr -> revised Rs. 2648.80 Cr). | Recent progress growth is healthy (~1.06 points/month).
618922,4L of Shakral Village to Dhalli Section from Km 146.300 to Km 156.560 Shimla Bypass - Pkg II and Shimla connectivity from Km 0.000 to Km 0.725 of NH-5,NHAI,Himachal Pradesh,2026-07,63.75,HIGH,50.0,50.0,85.0,100.0,Physical progress (59.9%) is 17.9 points below expected progress (77.8%). | Completion date has been revised by 9 month(s) (from 03/2027 to 12/2027). | Cost overrun of 47.3% (original Rs. 1956.26 Cr -> revised Rs. 2880.72 Cr). | Recent progress growth is stalled or negative (no measurable gain last month).
618923,4L Behsuma at Km 39.250 Ex. Km 39240 To Bijnor at Km 78.810 Ex. Km 86590 Design Length 39.560 Km of NH-119 Pkg-II,NHAI,Uttar Pradesh,2026-07,65.0,HIGH,75.0,50.0,65.0,75.0,Physical progress (70.1%) is 29.9 points below expected progress (100.0%). | Completion date has been revised by 7 month(s) (from 05/2026 to 12/2026). | Cost overrun of 18.3% (original Rs. 2158.20 Cr -> revised Rs. 2553.12 Cr). | Recent progress growth is stalled or negative (no measurable gain last month).
618924,2L PS of Najibabad Kotdwar section from 112.575 to Km. 138.635 of NH 119,NHAI,Uttar Pradesh,2026-07,56.25,MEDIUM,75.0,75.0,0.0,75.0,Physical progress (55.9%) is 44.1 points below expected progress (100.0%). | Completion date has been revised by 13 month(s) (from 09/2025 to 10/2026). | Cost is within (or close to) the originally approved budget. | Recent progress growth is stalled or negative (no measurable gain last month).
618925,Bijnor-Kotawali,NHAI,Uttar Pradesh,2026-07,56.25,MEDIUM,25.0,100.0,40.0,75.0,Completion date has been revised by 39 month(s) (from 05/2023 to 08/2026). | Cost overrun of 11.3% (original Rs. 300.58 Cr -> revised Rs. 334.48 Cr). | Recent progress growth is stalled or negative (no measurable gain last month).
618926,4L of Siwan- Masrakh section of Ram Janki Marg from Km 230.385 to Km 281.391 of NH-227A,NHAI,Bihar,2026-07,83.75,HIGH,100.0,75.0,85.0,50.0,Physical progress (11.0%) is 72.4 points below expected progress (83.3%). | Completion date has been revised by 24 month(s) (from 11/2026 to 11/2028). | Cost overrun of 34.6% (original Rs. 1431.36 Cr -> revised Rs. 1927.04 Cr). | Recent progress growth is low (~0.64 points/month).
618927,4L of Moradabad-Thakurdwara-Kashipur Section from Km. 0.000 to Km. 38.77 of NH- 734 Pkg-II,NHAI,Uttar Pradesh,2026-07,51.25,MEDIUM,75.0,75.0,0.0,25.0,Physical progress (54.5%) is 45.5 points below expected progress (100.0%). | Completion date has been revised by 15 month(s) (from 03/2026 to 06/2027). | Cost is within (or close to) the originally approved budget. | Recent progress growth is healthy (~1.87 points/month).
618928,"Improvement & Up-gradation of NH-734 Section of Moradabad-Thakurdwara Kashipur including Moradabad & Kashipur Bypasse Package-III Kashipur Bypass Length 14.490 Km., Starts from Ch. 38770 and ends at Ch. 53260 existing Ch. 05560",NHAI,"Multi-States (Uttar Pradesh, Uttarakhand)",2026-07,56.25,MEDIUM,75.0,75.0,0.0,75.0,Physical progress (53.8%) is 46.2 points below expected progress (100.0%). | Completion date has been revised by 18 month(s) (from 09/2025 to 03/2027). | Cost is within (or close to) the originally approved budget. | Recent progress growth is stalled or negative (no measurable gain last month).
618929,4L of Moradabad western side spur connecting NH-734 & NH-24 from Km. 0.000 to Km. 33.200 Pkg-I,NHAI,Uttar Pradesh,2026-07,47.5,MEDIUM,50.0,75.0,20.0,25.0,Physical progress (83.1%) is 16.9 points below expected progress (100.0%). | Completion date has been revised by 15 month(s) (from 09/2025 to 12/2026). | Cost is within (or close to) the originally approved budget. | Recent progress growth is healthy (~1.58 points/month).
618930,4L PS from Ch. 94.030 in Jabugam Village to Ch. 132.320 in Dhamasiya Village of NH-56 Pkg-III,NHAI,Gujarat,2026-07,8.75,LOW,25.0,0.0,0.0,0.0,Completion date has not slipped versus the original plan. | Cost is within (or close to) the originally approved budget. | Recent progress growth is healthy (~2.00 points/month).
618931,4L PS from Ch. 179.780 in Bitada/Movi Village to Ch. 208.900 in Nasarpore Village of NH-56 Pkg-V,NHAI,Gujarat,2026-07,17.5,LOW,50.0,0.0,0.0,0.0,Physical progress (10.1%) is 23.2 points below expected progress (33.3%). | Completion date has not slipped versus the original plan. | Cost is within (or close to) the originally approved budget. | Recent progress growth is healthy (~2.49 points/month).
618932,Construction of 6 lane Indore western bypass from km 0000 to Km 34000 Pkg -l in the State of Madhya Pradesh on Hybrid Annuity Mode under NHO,NHAI,Madhya Pradesh,2026-07,0.0,LOW,0.0,0.0,0.0,0.0,Physical progress (27.6%) is on track or ahead of expected progress (26.1%). | Completion date has not slipped versus the original plan. | Cost is within (or close to) the originally approved budget. | Recent progress growth is healthy (~4.64 points/month).
618933,Construction of 6 lane Indore western bypass from km 34000 to Km 64000 Pkg-II in the state of Madhya Pradesh on Hybrid Annuity Mode under NHO,NHAI,Madhya Pradesh,2026-07,16.25,LOW,25.0,0.0,0.0,75.0,Completion date has not slipped versus the original plan. | Cost is within (or close to) the originally approved budget. | Recent progress growth is stalled or negative (no measurable gain last month).
618934,Guwahati Ring Road in the State of Assam,NHAI,Assam,2026-07,25.0,LOW,50.0,0.0,0.0,75.0,Physical progress (0.0%) is 12.5 points below expected progress (12.5%). | Completion date has not slipped versus the original plan. | Cost is within (or close to) the originally approved budget. | Recent progress growth is stalled or negative (no measurable gain last month).
618935,4L Ambala - Kalaamb from Km. -0.800 to Km. 33.015 of old NH-72,National Highways Authority of India [NHAI],"Multi-States (Haryana, Punjab)",2026-05,27.5,LOW,0.0,50.0,20.0,75.0,Physical progress (100.0%) is on track or ahead of expected progress (100.0%). | Completion date has been revised by 11 month(s) (from 06/2025 to 05/2026). | Cost is within (or close to) the originally approved budget. | Recent progress growth is stalled or negative (no measurable gain last month).
618936,Jagadhari - Tajewala from Km -0.175 to 32.337 km of NH-344,NHAI,Haryana,2026-07,61.25,HIGH,75.0,100.0,0.0,50.0,Physical progress (68.0%) is 32.0 points below expected progress (100.0%). | Completion date has been revised by 25 month(s) (from 02/2025 to 03/2027). | Cost is within (or close to) the originally approved budget. | Recent progress growth is low (~0.20 points/month).
618937,4L of Nagpur-Katol Section from Km. 13.00 to Km. 62.900 of NH-353J,NHAI,Maharashtra,2026-07,71.25,HIGH,50.0,100.0,65.0,75.0,Physical progress (81.5%) is 18.5 points below expected progress (100.0%). | Completion date has been revised by 41 month(s) (from 10/2023 to 03/2027). | Cost overrun of 22.8% (original Rs. 1166.96 Cr -> revised Rs. 1432.82 Cr). | Recent progress growth is stalled or negative (no measurable gain last month).
618938,4L of Rajura-Korpana-Adilabad Road upto M.S. Border from km 32.910 to km 89.090 of NH-353B,National Highways Authority of India [NHAI],"Multi-States (Maharashtra, Telangana)",2026-05,46.25,MEDIUM,0.0,75.0,65.0,75.0,Physical progress (100.0%) is on track or ahead of expected progress (100.0%). | Completion date has been revised by 19 month(s) (from 10/2024 to 05/2026). | Cost overrun of 25.8% (original Rs. 1013.33 Cr -> revised Rs. 1274.63 Cr). | Recent progress growth is stalled or negative (no measurable gain last month).
618939,Construction of Standalone Flyover cum ROB from Design Ch.66.600 to Design Ch.68.800 in Gadchandur Town on NH-353B,NHAI,Maharashtra,2026-07,8.75,LOW,25.0,0.0,0.0,0.0,Completion date has not slipped versus the original plan. | Cost is within (or close to) the originally approved budget. | Recent progress growth is healthy (~3.12 points/month).
618941,4L of Bamni - Rajura - Warur - Devada upto M.S. Border of NH - 930D from km 19.000 to km 51.985,NHAI,"Multi-States (Maharashtra, Telangana)",2026-07,48.75,MEDIUM,50.0,50.0,65.0,0.0,Physical progress (78.2%) is 21.8 points below expected progress (100.0%). | Completion date has been revised by 9 month(s) (from 03/2026 to 12/2026). | Cost overrun of 22.6% (original Rs. 968.05 Cr -> revised Rs. 1187.19 Cr). | Recent progress growth is healthy (~4.43 points/month).
618942,Balance work of 2L PS from Km 30.800 to Km 70.800 and 2L with Rigid Carriageway from Km 70.800 to km 84.120 of Khanapur- KA/GOA Border section of NH-4A,NHAI,"Multi-States (Goa, Karnataka)",2026-07,55.0,MEDIUM,50.0,100.0,0.0,75.0,Physical progress (84.7%) is 15.3 points below expected progress (100.0%). | Completion date has been revised by 34 month(s) (from 05/2024 to 03/2027). | Cost is within (or close to) the originally approved budget. | Recent progress growth is stalled or negative (no measurable gain last month).
618943,Salem - Ulundurpet section from km 0.313 to km 136.670 of NH-68,National Highways Authority of India [NHAI],Tamil Nadu,2026-05,53.75,MEDIUM,0.0,100.0,65.0,75.0,Physical progress (100.0%) is on track or ahead of expected progress (100.0%). | Completion date has been revised by 185 month(s) (from 01/2011 to 06/2026). | Cost overrun of 18.4% (original Rs. 861.23 Cr -> revised Rs. 1019.85 Cr). | Recent progress growth is stalled or negative (no measurable gain last month).
618944,Hyderabad - Maneguda,NHAI,Telangana,2026-07,60.25,HIGH,100.0,30.0,65.0,0.0,Physical progress (24.2%) is 59.1 points below expected progress (83.3%). | Completion date has been revised by 6 month(s) (from 11/2026 to 05/2027). | Cost overrun of 27.1% (original Rs. 958.86 Cr -> revised Rs. 1218.49 Cr). | Recent progress growth is healthy (~2.36 points/month).
618945,4L of Kodad Design Km 0.00/Existing Km 185.00 of NH-65 to Khammam Design Km 31.800/Existing Km 29.400 of NH-365A,NHAI,Telangana,2026-07,67.5,HIGH,25.0,100.0,85.0,75.0,Completion date has been revised by 27 month(s) (from 05/2024 to 08/2026). | Cost overrun of 39.8% (original Rs. 1149.17 Cr -> revised Rs. 1606.99 Cr). | Recent progress growth is stalled or negative (no measurable gain last month).
618946,4L of Mehgama - Hansdiha from km. 41.900 to km. 93.000 of NH -133A Pkg-II,National Highways Authority of India [NHAI],Jharkhand,2026-05,48.75,MEDIUM,25.0,75.0,40.0,75.0,Completion date has been revised by 13 month(s) (from 05/2025 to 06/2026). | Cost overrun of 6.0% (original Rs. 1479.72 Cr -> revised Rs. 1568.18 Cr). | Recent progress growth is stalled or negative (no measurable gain last month).
618947,4L of NH-80 from km 215.00 to km 260.00 Mirza Chauki to Farkka Pkg-I,NHAI,Jharkhand,2026-07,51.25,MEDIUM,25.0,100.0,20.0,75.0,Completion date has been revised by 39 month(s) (from 07/2023 to 10/2026). | Cost is within (or close to) the originally approved budget. | Recent progress growth is stalled or negative (no measurable gain last month).
618948,4L of NH-80 section of Mirza Chauki to Farakka section from existing km 190.00 to design km 200.75 junction at km 3.100 of NH 133 B and from existing km 260.00 to existing km 283.00 design km 274.133 in the state of Jharkhand package - II,NHAI,"Multi-States (Jharkhand, West Bengal)",2026-07,17.5,LOW,50.0,0.0,0.0,0.0,Physical progress (8.7%) is 13.1 points below expected progress (21.7%). | Completion date has not slipped versus the original plan. | Cost is within (or close to) the originally approved budget. | Recent progress growth is healthy (~3.01 points/month).
618949,4L of Basukinath- Deoghar Section of NH-114A,NHAI,Jharkhand,2026-07,38.75,MEDIUM,25.0,50.0,40.0,50.0,Completion date has been revised by 8 month(s) (from 12/2025 to 08/2026). | Cost overrun of 7.5% (original Rs. 1444.94 Cr -> revised Rs. 1553.76 Cr). | Recent progress growth is low (~0.51 points/month).
618950,Construction of Bypass to NH-114A Connecting NH-333 and NH-133 Deoghar Bypass from design km 0.000 to design Km 49.000,NHAI,Jharkhand,2026-07,17.5,LOW,50.0,0.0,0.0,0.0,Physical progress (12.0%) is 13.0 points below expected progress (25.0%). | Completion date has not slipped versus the original plan. | Cost is within (or close to) the originally approved budget. | Recent progress growth is healthy (~3.00 points/month).
618951,Hariharganj to Parwa Mode section from km 23.284 to km 57.049 of NH-98,NHAI,"Multi-States (Bihar, Jharkhand)",2026-07,56.25,MEDIUM,25.0,100.0,40.0,75.0,Completion date has been revised by 30 month(s) (from 02/2024 to 08/2026). | Cost overrun of 5.4% (original Rs. 1125.78 Cr -> revised Rs. 1186.56 Cr). | Recent progress growth is stalled or negative (no measurable gain last month).
618952,4L of Sahibganj - Manihari Ganga Bridge including Manihari Bypass,NHAI,"Multi-States (Bihar, Jharkhand)",2026-07,57.5,MEDIUM,50.0,100.0,20.0,50.0,Physical progress (87.0%) is 13.0 points below expected progress (100.0%). | Completion date has been revised by 36 month(s) (from 10/2024 to 10/2027). | Cost is within (or close to) the originally approved budget. | Recent progress growth is low (~0.48 points/month).
618953,Umagaon-Saharsa Package-IV Koshi Bridge & approach Road - Bheja-Bakaur,NHAI,Bihar,2026-07,48.75,MEDIUM,25.0,100.0,20.0,50.0,Completion date has been revised by 43 month(s) (from 08/2023 to 03/2027). | Cost is within (or close to) the originally approved budget. | Recent progress growth is low (~0.41 points/month).
618954,Umagaon - Saharsa Package - I Combined Umagaon-Kaluahi0.000KM to 21.609Km of NH227LSaharghat-Rahika0.000 Km to 26.130KM of NH227JRahika-Rampatti 0.00 KM to 15.00KM of NH527ABideshwarsthan-Bheja0.000KM to 25.915KM of NH527A.,NHAI,Bihar,2026-07,42.5,MEDIUM,75.0,0.0,65.0,0.0,Physical progress (23.8%) is 36.2 points below expected progress (60.0%). | Completion date has not slipped versus the original plan. | Cost overrun of 15.6% (original Rs. 1473.20 Cr -> revised Rs. 1703.02 Cr). | Recent progress growth is healthy (~2.28 points/month).
618955,2L PS of Majhauli to Charout section from km. 0.00 to km. 63.655,NHAI,Bihar,2026-07,71.25,HIGH,25.0,100.0,100.0,75.0,Completion date has been revised by 57 month(s) (from 11/2021 to 08/2026). | Cost overrun of 67.2% (original Rs. 638.29 Cr -> revised Rs. 1067.51 Cr). | Recent progress growth is stalled or negative (no measurable gain last month).
618956,Construction of Major Bridge over Baghmati and Lakhandei River along with Approaches from Design km.16.500 to km.21.500,NHAI,Bihar,2026-07,43.75,MEDIUM,75.0,50.0,0.0,25.0,Physical progress (26.8%) is 43.2 points below expected progress (70.0%). | Completion date has been revised by 11 month(s) (from 04/2027 to 03/2028). | Cost is within (or close to) the originally approved budget. | Recent progress growth is healthy (~1.81 points/month).
618957,4 laning of Champa - Korba from km 0.00 to km 38.2,NHAI,Chhattisgarh,2026-07,67.5,HIGH,25.0,100.0,85.0,75.0,Completion date has been revised by 31 month(s) (from 01/2024 to 08/2026). | Cost overrun of 30.1% (original Rs. 1002.33 Cr -> revised Rs. 1304.47 Cr). | Recent progress growth is stalled or negative (no measurable gain last month).
618958,2L with ES of Yagyi - Kalewa section from Milepost 40/0 to Milepost 115/5 in Myanmar,NHAI,Assam,2026-07,63.75,HIGH,75.0,100.0,0.0,75.0,Physical progress (52.0%) is 48.0 points below expected progress (100.0%). | Completion date has been revised by 49 month(s) (from 06/2023 to 07/2027). | Cost is within (or close to) the originally approved budget. | Recent progress growth is stalled or negative (no measurable gain last month).
618959,4L Prayagraj Greenfield By-pass from design Km 50860 near Nibi Kala Uperhar to design Km 64763 on NH-19 near Khodaypur Kasgaon including Interchange loop at NH-19,National Highways Authority of India [NHAI],Uttar Pradesh,2026-05,7.5,LOW,0.0,0.0,0.0,75.0,Physical progress (100.0%) is on track or ahead of expected progress (100.0%). | No completion-date revision recorded (schedule risk based on original plan only). | Cost is within (or close to) the originally approved budget. | Recent progress growth is stalled or negative (no measurable gain last month).
618960,4 Lane Inner Ring Road around Allahabad City Pkg-2 Prayagraj Southern Bypass 43.200 - 50.860,NHAI,Uttar Pradesh,2026-07,57.5,MEDIUM,100.0,50.0,0.0,75.0,Physical progress (44.6%) is 55.4 points below expected progress (100.0%). | Completion date has been revised by 12 month(s) (from 06/2026 to 06/2027). | Cost is within (or close to) the originally approved budget. | Recent progress growth is stalled or negative (no measurable gain last month).
618961,4 Lane Inner Ring Road around Allahabad City Pkg-1 Prayagraj Southern Bypass 34.400 43.200,NHAI,Uttar Pradesh,2026-07,8.75,LOW,25.0,0.0,0.0,0.0,Completion date has not slipped versus the original plan. | Cost is within (or close to) the originally approved budget. | Recent progress growth is healthy (~6.05 points/month).
618962,4L of Budhni to Shahganj Bypass End Package-III of NH-146B from Km. 73.750 to Km. 102.000,NHAI,Madhya Pradesh,2026-07,20.0,LOW,50.0,0.0,0.0,25.0,Physical progress (28.3%) is 17.6 points below expected progress (45.8%). | Completion date has not slipped versus the original plan. | Cost is within (or close to) the originally approved budget. | Recent progress growth is healthy (~1.03 points/month).
618963,Construction work of 4-laning of Shahganj bypass end to Badi Package-IV of NH-146B from design km 102.000 to design km 142.357 Design length 40.357 km,NHAI,Madhya Pradesh,2026-07,27.5,LOW,50.0,0.0,40.0,0.0,Physical progress (52.1%) is 14.5 points below expected progress (66.7%). | Completion date has not slipped versus the original plan. | Cost overrun of 6.7% (original Rs. 784.14 Cr -> revised Rs. 836.64 Cr). | Recent progress growth is healthy (~2.02 points/month).
618964,4 Laning of Sandalpur to Nasrullaganj Pkg-1 section of NH-146B Length 43.2 Km.,NHAI,Madhya Pradesh,2026-07,22.5,LOW,50.0,0.0,0.0,50.0,Physical progress (11.6%) is 13.4 points below expected progress (25.0%). | Completion date has not slipped versus the original plan. | Cost is within (or close to) the originally approved budget. | Recent progress growth is low (~0.67 points/month).
618966,Six laning with both sides Service Road of Ayodhya Bypass from Design Km 0000 near Ashram Tiraha on NH-46 to Km 16439 end at Ratnagiri Tiraha on Nh-146,NHAI,Madhya Pradesh,2026-07,20.0,LOW,50.0,0.0,0.0,25.0,Physical progress (21.6%) is 24.2 points below expected progress (45.8%). | Completion date has not slipped versus the original plan. | Cost is within (or close to) the originally approved budget. | Recent progress growth is healthy (~1.52 points/month).
618967,Upgradation and Strengthening of Chenani to Nashri Section via Patnitop of NH244 from Km 0.000 to Km 39.100,NHAI,Jammu and Kashmir,2026-07,46.25,MEDIUM,75.0,50.0,0.0,50.0,Physical progress (64.9%) is 30.9 points below expected progress (95.8%). | Completion date has been revised by 7 month(s) (from 08/2026 to 03/2027). | Cost is within (or close to) the originally approved budget. | Recent progress growth is low (~0.70 points/month).
618968,6L access control Greenfield highway of Vill-Khyawari to Vill-Latifpur at Saharanpur Bypass from Km. 82.000 to Km. 119.790 Pkg-4,NHAI,Uttar Pradesh,2026-07,43.75,MEDIUM,25.0,75.0,20.0,75.0,Completion date has been revised by 23 month(s) (from 09/2024 to 08/2026). | Cost is within (or close to) the originally approved budget. | Recent progress growth is stalled or negative (no measurable gain last month).
618969,4/6L of Spur to Haridwar Greenfield from Km. 0.000 to Km. 50.70,NHAI,"Multi-States (Uttar Pradesh, Uttarakhand)",2026-07,50.0,MEDIUM,25.0,75.0,65.0,25.0,Completion date has been revised by 19 month(s) (from 02/2025 to 09/2026). | Cost overrun of 21.2% (original Rs. 2155.95 Cr -> revised Rs. 2612.30 Cr). | Recent progress growth is healthy (~1.03 points/month).
618970,6L access control Greenfield highway of Vill-Lohadda to Vill-Karaunda Mahajan from Km. 27.000 to Km. 56.500 Pkg-2,NHAI,Uttar Pradesh,2026-07,38.75,MEDIUM,25.0,75.0,0.0,75.0,Completion date has been revised by 23 month(s) (from 09/2024 to 08/2026). | Cost is within (or close to) the originally approved budget. | Recent progress growth is stalled or negative (no measurable gain last month).
618971,Pune Metro Rail Project Phase-2 Corridor 2A Vanaz to Chandani Chowk and Corridor 2B Ramwadi to Wagholi/Vitthalwadi,Maharashtra Metro Rail Corporation Limited [MMRCL],Maharashtra,2026-07,22.5,LOW,50.0,0.0,0.0,50.0,Physical progress (2.4%) is 22.6 points below expected progress (25.0%). | No completion-date revision recorded (schedule risk based on original plan only). | Cost is within (or close to) the originally approved budget. | Recent progress growth is low (~0.52 points/month).
618972,Devbhumi Dwarka [Okha] - Kanalus Doubling,Western Railway [WR] - II,Gujarat,2026-06,25.0,LOW,50.0,0.0,0.0,75.0,Physical progress (0.0%) is 16.7 points below expected progress (16.7%). | No completion-date revision recorded (schedule risk based on original plan only). | Cost is within (or close to) the originally approved budget. | Recent progress growth is stalled or negative (no measurable gain last month).
618976,"Gadarwara Super Thermal Power Project, Stage-II [2x800 MW]",National Thermal Power Corporation [NTPC],Madhya Pradesh,2026-07,20.0,LOW,50.0,0.0,0.0,25.0,Physical progress (11.5%) is 12.6 points below expected progress (24.1%). | Completion date has not slipped versus the original plan. | Cost is within (or close to) the originally approved budget. | Recent progress growth is healthy (~1.50 points/month).
618977,"Development of New Greenfield Airport at Bundi, Kota Rajasthan.",Airport Authority of India [AAI],Rajasthan,2026-07,31.5,MEDIUM,50.0,30.0,0.0,50.0,Physical progress (13.6%) is 23.9 points below expected progress (37.5%). | Completion date has been revised by 1 month(s) (from 10/2027 to 11/2027). | Cost is within (or close to) the originally approved budget. | Recent progress growth is low (~0.30 points/month).
618978,Gondia - Dongargarh 4th line [84 Km],South Eastern Central Railway,"Multi-States (Chhattisgarh, Maharashtra)",2026-06,20.0,LOW,50.0,0.0,0.0,25.0,Physical progress (1.0%) is 12.3 points below expected progress (13.3%). | No completion-date revision recorded (schedule risk based on original plan only). | Cost is within (or close to) the originally approved budget. | Recent progress growth is healthy (~1.00 points/month).
618981,810 MW Solar Power Project - Rajasthan,NLC India Limited [NLCIL],Rajasthan,2026-07,33.75,MEDIUM,75.0,0.0,0.0,75.0,Physical progress (0.0%) is 33.3 points below expected progress (33.3%). | No completion-date revision recorded (schedule risk based on original plan only). | Cost is within (or close to) the originally approved budget. | Recent progress growth is stalled or negative (no measurable gain last month).
618982,Talabira II & III OCP - FMC,NLC India Limited [NLCIL],Odisha,2026-07,37.75,MEDIUM,75.0,30.0,0.0,25.0,Physical progress (74.8%) is 25.2 points below expected progress (100.0%). | Completion date has been revised by 6 month(s) (from 06/2026 to 12/2026). | Cost is within (or close to) the originally approved budget. | Recent progress growth is healthy (~1.15 points/month).
618985,Pune Metro Rail Project Phase-2 Line-4 Kharadi to Khadakwasla with Spur Line 4A Nal Stop - Warje - Manikbaug,Maharashtra Metro Rail Corporation Limited [MMRCL],Maharashtra,2026-07,22.5,LOW,50.0,0.0,0.0,50.0,Physical progress (1.5%) is 10.2 points below expected progress (11.7%). | No completion-date revision recorded (schedule risk based on original plan only). | Cost is within (or close to) the originally approved budget. | Recent progress growth is low (~0.21 points/month).
618986,Furkating-New Tinsukia[194 Km],Northeast Frontier Railway [NFR],Assam,2026-06,25.0,LOW,50.0,0.0,0.0,75.0,Physical progress (0.0%) is 20.0 points below expected progress (20.0%). | No completion-date revision recorded (schedule risk based on original plan only). | Cost is within (or close to) the originally approved budget. | Recent progress growth is stalled or negative (no measurable gain last month).
618991,200 MW SPP part of 510 MW CPSU scheme,NLC India Limited [NLCIL],Gujarat,2026-07,42.5,MEDIUM,100.0,0.0,0.0,75.0,Physical progress (0.0%) is 84.8 points below expected progress (84.8%). | No completion-date revision recorded (schedule risk based on original plan only). | Cost is within (or close to) the originally approved budget. | Recent progress growth is stalled or negative (no measurable gain last month).
618992,100 MW SPP part of SECI 150 MW Hybrid,NLC India Limited [NLCIL],Gujarat,2026-07,42.5,MEDIUM,100.0,0.0,0.0,75.0,Physical progress (1.2%) is 83.2 points below expected progress (84.4%). | No completion-date revision recorded (schedule risk based on original plan only). | Cost is within (or close to) the originally approved budget. | Recent progress growth is stalled or negative (no measurable gain last month).
618995,New Line between Junagarh - Nabarangpur [116.21 Km],Indian Railway,Odisha,2026-06,25.0,LOW,50.0,0.0,0.0,75.0,Physical progress (0.0%) is 16.7 points below expected progress (16.7%). | No completion-date revision recorded (schedule risk based on original plan only). | Cost is within (or close to) the originally approved budget. | Recent progress growth is stalled or negative (no measurable gain last month).
619003,Solan - Kaithlighat Section of NH-22 Now NH-5 from Km. 106.139 to Km.129.05,NHAI,Himachal Pradesh,2026-07,71.25,HIGH,25.0,100.0,100.0,75.0,Completion date has been revised by 66 month(s) (from 05/2021 to 11/2026). | Cost overrun of 72.3% (original Rs. 881.74 Cr -> revised Rs. 1519.53 Cr). | Recent progress growth is stalled or negative (no measurable gain last month).
619004,"Construction of Dubrajpur Bypass with 4-lane configuration of length 5.676 km on NH- 60 new NH-14 from design chainage 0.00 existing km 316.135 on NH-60 to design chainage 5.676 existing km 320.980 on NH-60 in the district of Birbhum, West Bengal under Annual Plan 2022-23 in EPC Mode- reg. Job. No. 014-WB-2022- 23/518 .",MoRTH,West Bengal,2026-07,17.5,LOW,50.0,0.0,0.0,0.0,Physical progress (8.0%) is 21.2 points below expected progress (29.2%). | Completion date has not slipped versus the original plan. | Cost is within (or close to) the originally approved budget. | Recent progress growth is healthy (~2.50 points/month).
619005,Construction of bypass around Chatra Town on NH-22 old NH-99 in the state of Jharkhand under EPC Mode,MoRTH,Jharkhand,2026-07,20.0,LOW,50.0,0.0,0.0,25.0,Physical progress (13.0%) is 12.0 points below expected progress (25.0%). | Completion date has not slipped versus the original plan. | Cost is within (or close to) the originally approved budget. | Recent progress growth is healthy (~1.00 points/month).
619007,Upgradation of Sarvardewla to Pal MP/MH Border Road section of NH-347 C from Design Chainge km 81.600 to 137.400 Total length 55.80 km to two lane with paved shoulder configuration along with One time improvement of 1 .95 km in the State of Madhya Pradesh on EPC mode.,MoRTH,Madhya Pradesh,2026-07,25.0,LOW,50.0,0.0,0.0,75.0,Physical progress (0.0%) is 25.0 points below expected progress (25.0%). | No completion-date revision recorded (schedule risk based on original plan only). | Cost is within (or close to) the originally approved budget. | Recent progress growth is stalled or negative (no measurable gain last month).
619008,Rehabilitation and Up gradation of Charthana Jintur Section of NH 752 I Km 25100 to 47100 to 2 Lane with Paved Shoulder configuration Flexible Pavement in the state of Maharashtra on EPC mode. Reg- Resubmission of Annual Plan Estimate.,MoRTH,Maharashtra,2026-07,7.5,LOW,0.0,0.0,0.0,75.0,Physical progress (51.0%) is on track or ahead of expected progress (33.3%). | Completion date has not slipped versus the original plan. | Cost is within (or close to) the originally approved budget. | Recent progress growth is stalled or negative (no measurable gain last month).
619009,Upgradation to Two Lane with Paved Shoulders from Km 0.000 to Km 41.920 Green Field Alignment of Gowrelly to Valigonda Section of NH-930P in the State of Telangana on EPC Mode under Annual Plan 2022-23,MoRTH,Telangana,2026-07,16.25,LOW,25.0,0.0,0.0,75.0,Completion date has not slipped versus the original plan. | Cost is within (or close to) the originally approved budget. | Recent progress growth is stalled or negative (no measurable gain last month).
619010,Up-gradation to 2 lane with paved shoutders of Pawlrang - Rulchawm section- of NH- 102B of Aizawl - Imphal Economic Corridor from Existing Chainage km 72.030 to km 104.129 including 2.459 km re-alignment section from Tuivai River to Rulchawm connecting km 48.150 of NH-6 [Design Chainage km 68.170 to km 98.579] in the State of Mizoram under Bharatmala Pariyojna on EPC mode under NHO-NE Package-3 Keifang- Tuivai Pkg-3,NHIDCL,Mizoram,2026-07,38.75,MEDIUM,25.0,75.0,0.0,75.0,Completion date has been revised by 14 month(s) (from 05/2025 to 07/2026). | Cost is within (or close to) the originally approved budget. | Recent progress growth is stalled or negative (no measurable gain last month).
619013,"Construction of Balance Work of 4-Laning of the Section from Jhanji to Demow of NH- 37 Old from Km 501.800 to Km 514.800 13.000 Km, under SARDP- NE under EPC Mode in the state of Assam Pkg-II Road Works",NHIDCL,Assam,2026-07,58.75,MEDIUM,75.0,50.0,40.0,75.0,Physical progress (73.9%) is 26.1 points below expected progress (100.0%). | Completion date has been revised by 9 month(s) (from 01/2026 to 10/2026). | Cost overrun of 6.7% (original Rs. 508.76 Cr -> revised Rs. 542.87 Cr). | Recent progress growth is stalled or negative (no measurable gain last month).
619014,"lmprovement and Widening to 2 lane with paved Shoulder of NH-15 old NH-52 from Existing Km 770.600 Design Km 24.819 to Existing km 805.750 Design Km 59.885 Kamlang T-Junction to Chowkham, Existing Length 35.150 Km, Design Length-35.066 Km in the state of Arunachal Pradesh on EPC mode Pkg-2",NHIDCL,Arunachal Pradesh,2026-07,8.75,LOW,25.0,0.0,0.0,0.0,Completion date has not slipped versus the original plan. | Cost is within (or close to) the originally approved budget. | Recent progress growth is healthy (~3.32 points/month).
619022,"Metro connectivity from Millennium City Centre to Cyber City with Spur to Dwarka Expressway, Gurugram.",Gurugram Metro Rail Limited [GMRL],Haryana,2026-07,35.0,MEDIUM,100.0,0.0,0.0,0.0,Physical progress (10.1%) is 55.7 points below expected progress (65.7%). | No completion-date revision recorded (schedule risk based on original plan only). | Cost is within (or close to) the originally approved budget. | Recent progress growth is healthy (~5.75 points/month).
619024,Mahan Transmission Limited,Adani Transmission Limited,Madhya Pradesh,2026-07,26.25,LOW,75.0,0.0,0.0,0.0,Physical progress (30.0%) is 34.0 points below expected progress (64.0%). | No completion-date revision recorded (schedule risk based on original plan only). | Cost is within (or close to) the originally approved budget. | Recent progress growth is healthy (~12.00 points/month).
619025,RAJASTHAN PART I POWER TRANSMISSION LIMITED,Adani Transmission Limited,"Multi-States (Madhya Pradesh, Rajasthan, Uttar Pradesh)",2026-07,17.5,LOW,50.0,0.0,0.0,0.0,Physical progress (10.0%) is 23.3 points below expected progress (33.3%). | No completion-date revision recorded (schedule risk based on original plan only). | Cost is within (or close to) the originally approved budget. | Recent progress growth is healthy (~6.00 points/month).
619026,KPSIII HVDC Transmission Limited,Adani Transmission Limited,Gujarat,2026-07,25.0,LOW,50.0,0.0,0.0,75.0,Physical progress (1.0%) is 13.6 points below expected progress (14.6%). | No completion-date revision recorded (schedule risk based on original plan only). | Cost is within (or close to) the originally approved budget. | Recent progress growth is stalled or negative (no measurable gain last month).
619027,WRNES Talegaon Power Transmission Limited,Adani Transmission Limited,Maharashtra,2026-07,33.75,MEDIUM,75.0,0.0,0.0,75.0,Physical progress (5.0%) is 38.8 points below expected progress (43.8%). | No completion-date revision recorded (schedule risk based on original plan only). | Cost is within (or close to) the originally approved budget. | Recent progress growth is stalled or negative (no measurable gain last month).
619028,Augmentation of 1x500 MVA 400/220kV ICT [3rd] at Thrissur VSC HVDC Station in Kerala,Power Grid Corporation of India Limited [POWERGRID],Kerala,2026-07,42.75,MEDIUM,75.0,30.0,0.0,75.0,Physical progress (1.5%) is 44.3 points below expected progress (45.8%). | Completion date has been revised by 4 month(s) (from 08/2027 to 12/2027). | Cost is within (or close to) the originally approved budget. | Recent progress growth is stalled or negative (no measurable gain last month).
619029,Transmission System for Reliable Power Supply to Dholera,Power Grid Corporation of India Limited [POWERGRID],Gujarat,2026-07,50.0,MEDIUM,100.0,50.0,0.0,0.0,Physical progress (35.2%) is 64.8 points below expected progress (100.0%). | Completion date has been revised by 9 month(s) (from 03/2026 to 12/2026). | Cost is within (or close to) the originally approved budget. | Recent progress growth is healthy (~4.20 points/month).
619030,Inter-Regional Strengthening between SR Grid and ER Grid,Power Grid Corporation of India Limited [POWERGRID],"Multi-States (Andhra Pradesh, Odisha)",2026-07,20.0,LOW,50.0,0.0,0.0,25.0,Physical progress (3.0%) is 13.7 points below expected progress (16.7%). | No completion-date revision recorded (schedule risk based on original plan only). | Cost is within (or close to) the originally approved budget. | Recent progress growth is healthy (~1.23 points/month).
619031,Delhi Metro Rail Phase V A,Delhi Metro Rail Corporation Limited [DMRC],Delhi,2026-07,22.5,LOW,50.0,0.0,0.0,50.0,Physical progress (5.7%) is 11.5 points below expected progress (17.1%). | No completion-date revision recorded (schedule risk based on original plan only). | Cost is within (or close to) the originally approved budget. | Recent progress growth is low (~0.02 points/month).
619032,JAYANT EXPN. [20 TO 38 MTPA],NCL - CIL,Madhya Pradesh,2026-07,22.5,LOW,50.0,0.0,0.0,50.0,Physical progress (2.1%) is 17.9 points below expected progress (20.0%). | No completion-date revision recorded (schedule risk based on original plan only). | Cost is within (or close to) the originally approved budget. | Recent progress growth is low (~0.08 points/month).
619033,"1000 seater Boys hostel, 500 seater Girls hostel, 1.5 MLD Sewage Treatment Plant and Faculty Residence - 72 nos. Flats",NIT Rourkela,Odisha,2026-07,48.75,MEDIUM,75.0,75.0,0.0,0.0,Physical progress (50.0%) is 50.0 points below expected progress (100.0%). | Completion date has been revised by 14 month(s) (from 06/2026 to 08/2027). | Cost is within (or close to) the originally approved budget. | Recent progress growth is healthy (~3.00 points/month).
619038,Construction/upgradation to 2-lane with paved shoulder from Design Km 95.55 Bandarkoot to Km. 111.06 Chattroo of 15.52 Km length on Khellani-Kishtwar-Chattroo section on NH-244 in UT of Jammu and Kashmir on EPC Mode Pkg-5,NHIDCL,Jammu and Kashmir,2026-07,46.25,MEDIUM,25.0,100.0,0.0,75.0,Completion date has been revised by 37 month(s) (from 02/2023 to 03/2026). | Cost is within (or close to) the originally approved budget. | Recent progress growth is stalled or negative (no measurable gain last month).
619039,"Balance Works of Rehabilitation and Up gradation of NH-43 New NH-30 from Krn 162120 to Krn 173500 Length 11.380 Km. Keshkal Bypass 4-Lane with Paved shoulder in the State Of Chhattisgarh under NHDP-IV through Engineering, Procurement & Construction EPC Basis",MoRTH,Chhattisgarh,2026-07,16.25,LOW,25.0,0.0,0.0,75.0,No completion-date revision recorded (schedule risk based on original plan only). | Cost is within (or close to) the originally approved budget. | Recent progress growth is stalled or negative (no measurable gain last month).
619042,"Construction of six lane Flyover at Katraj junction at Km, 3/880 of NH 548-DD Vadgaon - Katraj - Kondhwa - Mantarwadi Chowk - Loni Kalbhor - Theur Phata - Lonikand Road in Pune Dist of the State of Maharashtra. On Engineering Procurement and construction EPC Basis mode L.1.326 Km,",MoRTH,Maharashtra,2026-07,25.0,LOW,50.0,0.0,0.0,75.0,Physical progress (83.2%) is 16.8 points below expected progress (100.0%). | Completion date has not slipped versus the original plan. | Cost is within (or close to) the originally approved budget. | Recent progress growth is stalled or negative (no measurable gain last month).
619043,Capacity Augmentation in the stretch of DhulePimpalgaon section of NH60 Km. 261.720 to Km. 380.000 by Construction of Slip/Service Road on either side at various locations total length 30.30 Km LHSRHS and Flyover 2 x 30m at Sawadgaon Phata Km. 310.415,NHAI,Maharashtra,2026-07,45.83,MEDIUM,75.0,50.0,0.0,,Physical progress (5.1%) is 44.9 points below expected progress (50.0%). | Completion date has been revised by 12 month(s) (from 10/2026 to 10/2027). | Cost is within (or close to) the originally approved budget. | Recent progress trend could not be assessed (no prior month to compare).
619045,Construction of New Double Tier 4L Elevated Corridor from Chennai Port to Maduravoyal in Chennai District from km -0.342 to Km 20.593 and Package IV from Km 14.185 to Km 20.593,NHAI,Tamil Nadu,2026-07,77.5,HIGH,100.0,100.0,20.0,75.0,Physical progress (8.6%) is 91.4 points below expected progress (100.0%). | Completion date has been revised by 34 month(s) (from 05/2026 to 03/2029). | Cost is within (or close to) the originally approved budget. | Recent progress growth is stalled or negative (no measurable gain last month).
619049,Khavda IVA Power Transmission Limited,Adani Transmission Limited,Gujarat,2026-07,41.25,MEDIUM,75.0,50.0,0.0,0.0,Physical progress (70.0%) is 25.8 points below expected progress (95.8%). | Completion date has been revised by 7 month(s) (from 08/2026 to 03/2027). | Cost is within (or close to) the originally approved budget. | Recent progress growth is healthy (~10.00 points/month).
619051,"Nabinagar Super Thermal Power Project, Stage-II [3x800 MW]",National Thermal Power Corporation [NTPC],Bihar,2026-07,11.25,LOW,25.0,0.0,0.0,25.0,Completion date has not slipped versus the original plan. | Cost is within (or close to) the originally approved budget. | Recent progress growth is healthy (~1.35 points/month).
619052,LUCKNOW METRO RAIL PROJECT PHASE-1B EAST WEST CORRIDOR,Uttar Pradesh metro rail corporation [UPMRC],Uttar Pradesh,2026-07,13.75,LOW,25.0,0.0,0.0,50.0,No completion-date revision recorded (schedule risk based on original plan only). | Cost is within (or close to) the originally approved budget. | Recent progress growth is low (~0.50 points/month).
619053,RPR FOR RAMPUR BATURA OCP,SECL - CIL,Madhya Pradesh,2026-07,25.0,LOW,50.0,0.0,0.0,75.0,Physical progress (0.3%) is 23.8 points below expected progress (24.1%). | No completion-date revision recorded (schedule risk based on original plan only). | Cost is within (or close to) the originally approved budget. | Recent progress growth is stalled or negative (no measurable gain last month).
619054,Development of Keshod Airport.,Airport Authority of India [AAI],Gujarat,2026-07,17.5,LOW,50.0,0.0,0.0,0.0,Physical progress (46.7%) is 20.0 points below expected progress (66.7%). | No completion-date revision recorded (schedule risk based on original plan only). | Cost is within (or close to) the originally approved budget. | Recent progress growth is healthy (~5.19 points/month).
619055,SAONER-III EXPN UG MINE 1.54,WCL - CIL,Maharashtra,2026-07,25.0,LOW,50.0,0.0,0.0,75.0,Physical progress (0.0%) is 13.9 points below expected progress (13.9%). | No completion-date revision recorded (schedule risk based on original plan only). | Cost is within (or close to) the originally approved budget. | Recent progress growth is stalled or negative (no measurable gain last month).
619056,"Darlipali Super Thermal Power Project, Stage-II [1x800 MW]",National Thermal Power Corporation [NTPC],Odisha,2026-07,31.5,MEDIUM,50.0,30.0,0.0,50.0,Physical progress (2.7%) is 10.2 points below expected progress (12.9%). | Completion date has been revised by 4 month(s) (from 01/2031 to 05/2031). | Cost is within (or close to) the originally approved budget. | Recent progress growth is low (~0.25 points/month).
619057,Construction of 4-Lane Badarpur Bypass from Design Chainage km 27300 at crossing with NH-6 Old NH-44 Near Siddeswar Pt.-I Village to Design Chainage km 38600 on NH-37 Old NH-44 at Kandigram Chaita Village on Silchar - Churaibari stretch in the State of Assam on EPC Mode under Bharatmala Pariyojana in Economic Corridors Silchar- Churaibari Pkg-3,NHIDCL,Assam,2026-07,48.75,MEDIUM,75.0,50.0,0.0,75.0,Physical progress (71.1%) is 25.6 points below expected progress (96.7%). | Completion date has been revised by 7 month(s) (from 08/2026 to 03/2027). | Cost is within (or close to) the originally approved budget. | Recent progress growth is stalled or negative (no measurable gain last month).
619059,Construction of 2-Lane with hard shoulders of Merangkong-Tamlu-Mon Road on EPC Basis from existing road Km. 76.640 to Km 98.065 Design chainage Km. 63.800 to Km. 86.835 Design Length-23.035 Km in the state of Nagaland under SARDP-NE PKG-IV Balance work,NHIDCL,Nagaland,2026-07,47.5,MEDIUM,50.0,75.0,0.0,75.0,Physical progress (79.0%) is 21.0 points below expected progress (100.0%). | Completion date has been revised by 15 month(s) (from 09/2025 to 12/2026). | Cost is within (or close to) the originally approved budget. | Recent progress growth is stalled or negative (no measurable gain last month).
619060,"Construction of Balance Work of 4-Laning of the Section from Jhanji to Demow of NH- 37 Old from Km 514.800 to Km 534.800 20.000 Km, under SARDP- NE under EPC Mode in the state of Assam Pkg-III Road Works",NHIDCL,Assam,2026-07,81.25,HIGH,75.0,75.0,100.0,75.0,Physical progress (72.0%) is 28.0 points below expected progress (100.0%). | Completion date has been revised by 13 month(s) (from 09/2025 to 10/2026). | Cost overrun of 79.8% (original Rs. 344.71 Cr -> revised Rs. 619.70 Cr). | Recent progress growth is stalled or negative (no measurable gain last month).
619061,Construction of 4 lane with PS Idar-Badoli bypass section from design km 81/300 to km 95/500 of NH 168G in the State of Gujarat,MoRTH,Gujarat,2026-07,8.75,LOW,25.0,0.0,0.0,0.0,Completion date has not slipped versus the original plan. | Cost is within (or close to) the originally approved budget. | Recent progress growth is healthy (~3.00 points/month).
619063,4L Greenfield spur from Delhi-Vadodara Greenfield expressway near Bandikui to Jaipur,National Highways Authority of India [NHAI],Rajasthan,2026-05,51.25,MEDIUM,0.0,75.0,85.0,75.0,Physical progress (100.0%) is on track or ahead of expected progress (100.0%). | Completion date has been revised by 19 month(s) (from 11/2024 to 06/2026). | Cost overrun of 32.6% (original Rs. 1636.15 Cr -> revised Rs. 2170.39 Cr). | Recent progress growth is stalled or negative (no measurable gain last month).
619064,Vadodara Mumbai Expressway Talsari to Karvad Phase IB - Pkg X [Km 103.400 to Km 128.000],NHAI,"Multi-States (Dadra & Nagar Haveli and Daman & Diu, Gujarat, Maharashtra)",2026-07,93.75,HIGH,100.0,100.0,85.0,75.0,Physical progress (36.2%) is 63.8 points below expected progress (100.0%). | Completion date has been revised by 45 month(s) (from 03/2024 to 12/2027). | Cost overrun of 38.9% (original Rs. 1909.74 Cr -> revised Rs. 2652.24 Cr). | Recent progress growth is stalled or negative (no measurable gain last month).
619065,4L Expressway from Km 26.400 to km 53.500 of Malur to Bangarpet section of Bangalore-Chennai Expressway Phase-I Package-II,NHAI,Karnataka,2026-07,46.25,MEDIUM,25.0,100.0,0.0,75.0,Completion date has been revised by 36 month(s) (from 09/2023 to 09/2026). | Cost is within (or close to) the originally approved budget. | Recent progress growth is stalled or negative (no measurable gain last month).
619066,Delhi-Amritsar-Katra Expressway Phase-II Pkg-XIV from Junction with Pathankot- Gurdaspur road NH-54 near Balsua to Junction with Hiranagar Road near village Gurha Baildaran km 423500 to km 468100,NHAI,"Multi-States (Jammu and Kashmir, Punjab)",2026-07,63.75,HIGH,50.0,100.0,65.0,0.0,Physical progress (87.3%) is 12.7 points below expected progress (100.0%). | Completion date has been revised by 25 month(s) (from 09/2024 to 10/2026). | Cost overrun of 21.8% (original Rs. 3044.02 Cr -> revised Rs. 3707.91 Cr). | Recent progress growth is healthy (~3.70 points/month).
619067,6L of Chiloda-Naroda section from Km. 540.595 to Km. 555.595 of NH-8Package-VII,National Highways Authority of India [NHAI],Gujarat,2026-05,53.75,MEDIUM,0.0,100.0,65.0,75.0,Physical progress (100.0%) is on track or ahead of expected progress (100.0%). | Completion date has been revised by 85 month(s) (from 05/2019 to 06/2026). | Cost overrun of 29.9% (original Rs. 356.60 Cr -> revised Rs. 463.03 Cr). | Recent progress growth is stalled or negative (no measurable gain last month).
619068,Construction of Greenfield Connectivity to Jewar International Airport from DND- Faridabad-Ballabhgarh Bypass KMP Link - Spur to Delhi Mumbai Expressway,NHAI,"Multi-States (Haryana, Uttar Pradesh)",2026-07,56.25,MEDIUM,50.0,75.0,65.0,0.0,Physical progress (76.3%) is 23.7 points below expected progress (100.0%). | Completion date has been revised by 22 month(s) (from 06/2025 to 04/2027). | Cost overrun of 19.4% (original Rs. 2920.69 Cr -> revised Rs. 3485.77 Cr). | Recent progress growth is healthy (~2.22 points/month).
619069,Satara Km 725.000 to Pune Km 865.350 of NH - 4 New NH - 48 in Maharashtra,NHAI,Maharashtra,2026-07,62.5,HIGH,25.0,100.0,65.0,75.0,Completion date has been revised by 55 month(s) (from 05/2022 to 12/2026). | Cost overrun of 17.6% (original Rs. 361.72 Cr -> revised Rs. 425.51 Cr). | Recent progress growth is stalled or negative (no measurable gain last month).
619070,Tumkur-Chitradurga,National Highways Authority of India [NHAI],Karnataka,2026-04,33.33,MEDIUM,0.0,100.0,0.0,,Physical progress (100.0%) is on track or ahead of expected progress (100.0%). | Completion date has been revised by 150 month(s) (from 12/2013 to 06/2026). | Cost is within (or close to) the originally approved budget. | Recent progress trend could not be assessed (no prior month to compare).
619071,Tumkur - Nelamangala 6L,NHAI,Karnataka,2026-07,53.75,MEDIUM,75.0,75.0,0.0,50.0,Physical progress (61.4%) is 38.6 points below expected progress (100.0%). | Completion date has been revised by 19 month(s) (from 08/2025 to 03/2027). | Cost is within (or close to) the originally approved budget. | Recent progress growth is low (~0.20 points/month).
619072,Bangalore/TN border to Hoskote,NHAI,Karnataka,2026-07,48.75,MEDIUM,25.0,75.0,40.0,75.0,Completion date has been revised by 21 month(s) (from 02/2025 to 11/2026). | Cost overrun of 9.8% (original Rs. 1181.68 Cr -> revised Rs. 1297.76 Cr). | Recent progress growth is stalled or negative (no measurable gain last month).
619073,4L of 42.000 to km 80.00 of Dodaballapur Bypass to Hoskote section of NH-648 Old NH-207 [Bangalore Ring Road Pkg 2],NHAI,Karnataka,2026-07,67.5,HIGH,25.0,100.0,85.0,75.0,Completion date has been revised by 43 month(s) (from 02/2023 to 09/2026). | Cost overrun of 40.1% (original Rs. 1317.74 Cr -> revised Rs. 1846.52 Cr). | Recent progress growth is stalled or negative (no measurable gain last month).
619074,6-laning of Krishnagiri Km.0.000 to Walajahpet Km.148.300 section on NH-46 under NHDP-V,NHAI,Tamil Nadu,2026-07,46.25,MEDIUM,25.0,100.0,0.0,75.0,Completion date has been revised by 152 month(s) (from 12/2013 to 08/2026). | Cost is within (or close to) the originally approved budget. | Recent progress growth is stalled or negative (no measurable gain last month).
619075,6L of Bhubaneswar - Jagatpur - Chandikhole Section of NH-16,National Highways Authority of India [NHAI],Odisha,2026-05,46.25,MEDIUM,25.0,100.0,0.0,75.0,Completion date has been revised by 143 month(s) (from 06/2014 to 05/2026). | Cost is within (or close to) the originally approved budget. | Recent progress growth is stalled or negative (no measurable gain last month).
619076,Six Laning of Vijayawada Bypass from Chinna Avutapalli to Gollapudi in Vijayawada - Gundugolanu Section from km. 0.00 to km. 30.00 Pkg-III,NHAI,Andhra Pradesh,2026-07,62.5,HIGH,25.0,100.0,65.0,75.0,Completion date has been revised by 43 month(s) (from 02/2023 to 09/2026). | Cost overrun of 19.1% (original Rs. 1581.24 Cr -> revised Rs. 1883.71 Cr). | Recent progress growth is stalled or negative (no measurable gain last month).
619077,6 laning of Balance Work of Chennai - Tada from km. 21.40 to km. 54.40,NHAI,"Multi-States (Andhra Pradesh, Tamil Nadu)",2026-07,42.5,MEDIUM,0.0,100.0,20.0,75.0,Physical progress (100.0%) is on track or ahead of expected progress (100.0%). | Completion date has been revised by 77 month(s) (from 03/2020 to 08/2026). | Cost is within (or close to) the originally approved budget. | Recent progress growth is stalled or negative (no measurable gain last month).
619078,Six Laning of Bihar - Jharkhand Border Chordaha - Gorhar section of NH-2 from km 249.525 to km 320.810,NHAI,"Multi-States (Bihar, Jharkhand)",2026-07,55.0,MEDIUM,50.0,100.0,0.0,75.0,Physical progress (78.0%) is 22.0 points below expected progress (100.0%). | Completion date has been revised by 61 month(s) (from 11/2021 to 12/2026). | Cost is within (or close to) the originally approved budget. | Recent progress growth is stalled or negative (no measurable gain last month).
619080,4L PS of Ambala Ring Road of New NH-44,NHAI,Haryana,2026-07,33.75,MEDIUM,25.0,50.0,40.0,0.0,Completion date has been revised by 11 month(s) (from 10/2025 to 09/2026). | Cost overrun of 12.1% (original Rs. 1093.35 Cr -> revised Rs. 1225.41 Cr). | Recent progress growth is healthy (~4.20 points/month).
619083,Thumbipadi-Namakkal from km. 180.00 to km. 248.625 Package No. NS-2/BOT/TN- 02,National Highways Authority of India [NHAI],Tamil Nadu,2026-05,58.75,MEDIUM,0.0,100.0,85.0,75.0,Physical progress (100.0%) is on track or ahead of expected progress (100.0%). | Completion date has been revised by 210 month(s) (from 02/2009 to 08/2026). | Cost overrun of 54.8% (original Rs. 255.53 Cr -> revised Rs. 395.43 Cr). | Recent progress growth is stalled or negative (no measurable gain last month).
619084,Start of Karur Bypass - Dindigul from km. 292.600 to km. 305.600 Contract Package No. NS2/BOT/TN-4,National Highways Authority of India [NHAI],Tamil Nadu,2026-05,47.5,MEDIUM,0.0,100.0,40.0,75.0,Physical progress (100.0%) is on track or ahead of expected progress (100.0%). | Completion date has been revised by 210 month(s) (from 04/2009 to 10/2026). | Cost overrun of 11.6% (original Rs. 461.54 Cr -> revised Rs. 515.03 Cr). | Recent progress growth is stalled or negative (no measurable gain last month).
619086,Chengapalli km 102.035 to Neelambur Km144.680 and Madukkarai Km 170.880 to Walayar K183.010 Package No. NS-2/BOT/TN-08,NHAI,Tamil Nadu,2026-07,37.5,MEDIUM,0.0,100.0,0.0,75.0,Physical progress (100.0%) is on track or ahead of expected progress (100.0%). | Completion date has been revised by 163 month(s) (from 03/2013 to 10/2026). | Cost is within (or close to) the originally approved budget. | Recent progress growth is stalled or negative (no measurable gain last month).
619087,Widening to 6L of Existing 4L Jetpur - Gondal - Rajkot Section from Km. 117.600 to Km. 185.00 on NH-27,NHAI,Gujarat,2026-07,40.0,MEDIUM,50.0,75.0,0.0,0.0,Physical progress (76.8%) is 23.2 points below expected progress (100.0%). | Completion date has been revised by 16 month(s) (from 09/2025 to 01/2027). | Cost is within (or close to) the originally approved budget. | Recent progress growth is healthy (~3.75 points/month).
619089,Balance work of 4L of NarimbangloJatinga Junction- Harangajoroad section from Km 0.000 to Km 49.230 of NH-27,NHAI,Assam,2026-07,45.0,MEDIUM,25.0,50.0,85.0,0.0,Completion date has been revised by 7 month(s) (from 01/2026 to 08/2026). | Cost overrun of 43.8% (original Rs. 1909.98 Cr -> revised Rs. 2745.74 Cr). | Recent progress growth is healthy (~3.41 points/month).
619090,8L of Dwarka Expressway Pkg-II RuB near Dwarka Sector 21-DL/HR Border from 5.300 Km.to 9.500 Km. of NH-248BB,NHAI,Delhi,2026-07,53.75,MEDIUM,0.0,100.0,65.0,75.0,Physical progress (100.0%) is on track or ahead of expected progress (100.0%). | Completion date has been revised by 58 month(s) (from 10/2021 to 08/2026). | Cost overrun of 29.1% (original Rs. 2067.67 Cr -> revised Rs. 2670.22 Cr). | Recent progress growth is stalled or negative (no measurable gain last month).
619092,4L of Jind-Gohana road Package-1 from km. 0.00 to km. 40.601 of NH-352 A under NHO,NHAI,Haryana,2026-07,71.25,HIGH,25.0,100.0,100.0,75.0,Completion date has been revised by 48 month(s) (from 07/2022 to 07/2026). | Cost overrun of 61.6% (original Rs. 994.22 Cr -> revised Rs. 1606.82 Cr). | Recent progress growth is stalled or negative (no measurable gain last month).
619093,4L Ismailabad to Ambala Section of NH-152 Lot-4/Package-1,NHAI,"Multi-States (Haryana, Punjab)",2026-07,42.5,MEDIUM,50.0,75.0,0.0,25.0,Physical progress (76.3%) is 23.7 points below expected progress (100.0%). | Completion date has been revised by 14 month(s) (from 12/2025 to 02/2027). | Cost is within (or close to) the originally approved budget. | Recent progress growth is healthy (~1.25 points/month).
619094,Thorapalli - Agraharam - Jittandahalli Section from km 23.350 to km 60.100 [Hosur to Dhamrapuri Pkg-2],NHAI,Tamil Nadu,2026-07,60.0,MEDIUM,50.0,100.0,20.0,75.0,Physical progress (77.6%) is 22.4 points below expected progress (100.0%). | Completion date has been revised by 36 month(s) (from 12/2023 to 12/2026). | Cost is within (or close to) the originally approved budget. | Recent progress growth is stalled or negative (no measurable gain last month).
619095,Balance works of 4L Panvel Indapur section of NH66 old NH17 from km 42.300 kasu to km 84.600 Indapur,NHAI,Maharashtra,2026-07,38.75,MEDIUM,25.0,100.0,0.0,0.0,Completion date has been revised by 27 month(s) (from 05/2024 to 08/2026). | Cost is within (or close to) the originally approved budget. | Recent progress growth is healthy (~15.10 points/month).
619096,Goa / Karnataka Km.93.700 to Kundapur Km.283.30,NHAI,Karnataka,2026-07,62.5,HIGH,25.0,100.0,65.0,75.0,Completion date has been revised by 122 month(s) (from 08/2016 to 10/2026). | Cost overrun of 21.0% (original Rs. 1644.92 Cr -> revised Rs. 1990.99 Cr). | Recent progress growth is stalled or negative (no measurable gain last month).
619097,Thalassery Mahe Bypass Km 170.600 to Km 189.200 of NH-17New NH-66 in Kerala,NHAI,"Multi-States (Kerala, Puducherry)",2026-07,58.75,MEDIUM,0.0,100.0,85.0,75.0,Physical progress (100.0%) is on track or ahead of expected progress (100.0%). | Completion date has been revised by 75 month(s) (from 05/2020 to 08/2026). | Cost overrun of 33.2% (original Rs. 1181.12 Cr -> revised Rs. 1573.18 Cr). | Recent progress growth is stalled or negative (no measurable gain last month).
619098,Kozhikode Bypass Calicut Bypass Vengalam Jn. to Ramanattukara Jn.,NHAI,Kerala,2026-07,67.5,HIGH,25.0,100.0,85.0,75.0,Completion date has been revised by 42 month(s) (from 02/2023 to 08/2026). | Cost overrun of 50.1% (original Rs. 1424.77 Cr -> revised Rs. 2139.18 Cr). | Recent progress growth is stalled or negative (no measurable gain last month).
619099,6L Amritsar-Bathinda Greenfield section from Jn. with Moga Jalandhar road NH-703 near Dharamkot to Jn. with Bhagta Bhai Ka-Bhadaur Road near Dyalpura Bhai Ka from km 39.000 to km 93.000 of NH-754A Pkg-2,NHAI,Punjab,2026-07,60.0,MEDIUM,75.0,50.0,65.0,25.0,Physical progress (66.5%) is 33.5 points below expected progress (100.0%). | Completion date has been revised by 12 month(s) (from 06/2026 to 06/2027). | Cost overrun of 20.6% (original Rs. 1801.37 Cr -> revised Rs. 2172.71 Cr). | Recent progress growth is healthy (~1.93 points/month).
619100,Dhangaon - Borgaon section km 81.000 to km 139.000 [Indore - Edlabad Pkg IV],NHAI,Madhya Pradesh,2026-07,67.5,HIGH,25.0,100.0,85.0,75.0,Completion date has been revised by 36 month(s) (from 08/2023 to 08/2026). | Cost overrun of 36.8% (original Rs. 866.00 Cr -> revised Rs. 1185.04 Cr). | Recent progress growth is stalled or negative (no measurable gain last month).
619101,4L Shahpur to Muktainagar from Km. 186.000 to km 216.278 of NH 753L Pkg II of Boregaon Buzurg to Muktainagar,NHAI,"Multi-States (Madhya Pradesh, Maharashtra)",2026-07,48.75,MEDIUM,75.0,50.0,0.0,75.0,Physical progress (64.0%) is 36.0 points below expected progress (100.0%). | Completion date has been revised by 7 month(s) (from 03/2026 to 10/2026). | Cost is within (or close to) the originally approved budget. | Recent progress growth is stalled or negative (no measurable gain last month).
619102,4 L of China Orampadu-Renigunta section of NH-716 Package-II of Kadapa- Renigunta section,NHAI,Andhra Pradesh,2026-07,17.5,LOW,50.0,0.0,0.0,0.0,Physical progress (2.2%) is 14.4 points below expected progress (16.7%). | Completion date has not slipped versus the original plan. | Cost is within (or close to) the originally approved budget. | Recent progress growth is healthy (~2.25 points/month).
619103,4/6 Laning of Raipur-Simga Pkg-I from km. 0.00 to km. 48.58,NHAI,Chhattisgarh,2026-07,47.5,MEDIUM,0.0,100.0,40.0,75.0,Physical progress (100.0%) is on track or ahead of expected progress (100.0%). | Completion date has been revised by 100 month(s) (from 04/2018 to 08/2026). | Cost overrun of 6.9% (original Rs. 1096.52 Cr -> revised Rs. 1172.36 Cr). | Recent progress growth is stalled or negative (no measurable gain last month).
619104,4L/2L PS of Govindpur Raiganj - Chas - WB border section of from km. 0.00 to km. 56.889 of Old NH-32,National Highways Authority of India [NHAI],"Multi-States (Jharkhand, West Bengal)",2026-05,21.25,LOW,25.0,0.0,20.0,75.0,No completion-date revision recorded (schedule risk based on original plan only). | Cost is within (or close to) the originally approved budget. | Recent progress growth is stalled or negative (no measurable gain last month).
619105,6L Access Controlled Ludhiana-Bathinda Greenfield highway from Jn. with Moga- Barnala Road NH-703 near village Tallewal to Jn. with Delhi-Katra Expressway NE-5 near Ludhiana village Ballowal from Km 30.300 to Km 75.543 of NH-754AD Pkg-2,NHAI,Punjab,2026-07,25.0,LOW,50.0,0.0,20.0,25.0,Physical progress (25.6%) is 16.1 points below expected progress (41.7%). | Completion date has not slipped versus the original plan. | Cost is within (or close to) the originally approved budget. | Recent progress growth is healthy (~1.99 points/month).
619106,4 Lane with PS from Des. Ch 182.300 to Des. Ch. 228.500 of Belgaum-Hungund- Raichur Section of NH 748 A Package-5,NHAI,Karnataka,2026-07,41.25,MEDIUM,75.0,50.0,0.0,0.0,Physical progress (40.6%) is 42.7 points below expected progress (83.3%). | Completion date has been revised by 9 month(s) (from 11/2026 to 08/2027). | Cost is within (or close to) the originally approved budget. | Recent progress growth is healthy (~2.73 points/month).
619107,4 Lane with PS from Des. Ch 136.100 to Des. Ch. 182.300 of Belgaum-Hungund- Raichur Section of NH-748A Package-4,NHAI,Karnataka,2026-07,43.75,MEDIUM,75.0,50.0,0.0,25.0,Physical progress (15.0%) is 26.7 points below expected progress (41.7%). | Completion date has been revised by 7 month(s) (from 09/2027 to 04/2028). | Cost is within (or close to) the originally approved budget. | Recent progress growth is healthy (~1.82 points/month).
619108,4 Lane with PS from Des. Ch 0.000 to Des. Ch. 43.800 of Belgaum-Hungund-Raichur Section of NH-748A Package-1,NHAI,Karnataka,2026-07,29.0,LOW,50.0,30.0,0.0,25.0,Physical progress (40.2%) is 14.0 points below expected progress (54.2%). | Completion date has been revised by 4 month(s) (from 06/2027 to 10/2027). | Cost is within (or close to) the originally approved budget. | Recent progress growth is healthy (~1.76 points/month).
619109,6L of Badakumari - Karki Section from Km 179.000 to km 226.500 of NH-130-CD Package OD-3,NHAI,Odisha,2026-07,62.5,HIGH,25.0,100.0,65.0,75.0,Completion date has been revised by 28 month(s) (from 04/2024 to 08/2026). | Cost overrun of 24.8% (original Rs. 1101.76 Cr -> revised Rs. 1374.43 Cr). | Recent progress growth is stalled or negative (no measurable gain last month).
619111,6L Jakkuva Korlam Section of NH-130CD Road from km 396.800 to km 421.100 Pkg 2,NHAI,Andhra Pradesh,2026-07,43.75,MEDIUM,25.0,100.0,0.0,50.0,Completion date has been revised by 29 month(s) (from 03/2024 to 08/2026). | Cost is within (or close to) the originally approved budget. | Recent progress growth is low (~0.33 points/month).
619112,6L Kantakapalle Sabbavaram Section of NH-130CD Road from Km 445.100 to Km 464.662 Pkg-4,NHAI,Andhra Pradesh,2026-07,52.5,MEDIUM,50.0,100.0,0.0,50.0,Physical progress (84.6%) is 15.4 points below expected progress (100.0%). | Completion date has been revised by 26 month(s) (from 10/2024 to 12/2026). | Cost is within (or close to) the originally approved budget. | Recent progress growth is low (~0.60 points/month).
619113,4L of Padalur - Trichy section from km. 285.00 to km. 325.00 of NH - 45 Pkg VI-C,NHAI,Tamil Nadu,2026-06,33.33,MEDIUM,0.0,100.0,0.0,,Physical progress (100.0%) is on track or ahead of expected progress (100.0%). | Completion date has been revised by 201 month(s) (from 05/2009 to 02/2026). | Cost is within (or close to) the originally approved budget. | Recent progress trend could not be assessed (no prior month to compare).
619114,Indore - Harda Pkg-II [Raghavgarh to Nanasa from km. 29.30 to km. 92.30],NHAI,Madhya Pradesh,2026-07,75.0,HIGH,100.0,75.0,40.0,75.0,Physical progress (40.2%) is 59.8 points below expected progress (100.0%). | Completion date has been revised by 20 month(s) (from 03/2026 to 11/2027). | Cost overrun of 6.0% (original Rs. 1081.51 Cr -> revised Rs. 1146.63 Cr). | Recent progress growth is stalled or negative (no measurable gain last month).
619117,Hassan km 184.912 to Maranahally km 230.060 of NH - 75 in Karnataka,NHAI,Karnataka,2026-07,56.25,MEDIUM,25.0,100.0,40.0,75.0,Completion date has been revised by 89 month(s) (from 03/2019 to 08/2026). | Cost overrun of 6.8% (original Rs. 1021.57 Cr -> revised Rs. 1091.40 Cr). | Recent progress growth is stalled or negative (no measurable gain last month).
619118,Four Laning of Angul to Sambalpur from Km.112.000 to Km.265.000,NHAI,Odisha,2026-07,51.25,MEDIUM,25.0,100.0,20.0,75.0,Completion date has been revised by 84 month(s) (from 08/2019 to 08/2026). | Cost is within (or close to) the originally approved budget. | Recent progress growth is stalled or negative (no measurable gain last month).
619119,Cuttack-Angul Section of NH-42 New NH-55 from km 0.400 to km 60.200 Pkg-I in the State of Odisha,NHAI,Odisha,2026-07,62.5,HIGH,25.0,100.0,65.0,75.0,Completion date has been revised by 74 month(s) (from 07/2020 to 09/2026). | Cost overrun of 17.9% (original Rs. 999.32 Cr -> revised Rs. 1178.31 Cr). | Recent progress growth is stalled or negative (no measurable gain last month).
619120,Nidagatta-Mysore Pkg II,NHAI,Karnataka,2026-07,67.5,HIGH,25.0,100.0,85.0,75.0,Completion date has been revised by 51 month(s) (from 06/2022 to 09/2026). | Cost overrun of 40.9% (original Rs. 2919.80 Cr -> revised Rs. 4113.89 Cr). | Recent progress growth is stalled or negative (no measurable gain last month).
619121,4L of Hubli - Hospet Section of NH-63 from Km 128.850 to Km 272.571,National Highways Authority of India [NHAI],Karnataka,2026-05,67.5,HIGH,25.0,100.0,85.0,75.0,Completion date has been revised by 74 month(s) (from 03/2020 to 05/2026). | Cost overrun of 42.9% (original Rs. 2531.99 Cr -> revised Rs. 3619.32 Cr). | Recent progress growth is stalled or negative (no measurable gain last month).
619122,Akshardham - DL/UP Border Pkg-01,National Highways Authority of India [NHAI],"Multi-States (Delhi, Uttar Pradesh)",2026-05,30.0,LOW,0.0,75.0,0.0,75.0,Physical progress (100.0%) is on track or ahead of expected progress (100.0%). | Completion date has been revised by 18 month(s) (from 12/2024 to 06/2026). | Cost is within (or close to) the originally approved budget. | Recent progress growth is stalled or negative (no measurable gain last month).
619123,6L Access Controlled Greenfield Highway from Narayanmpet Ch. 203500 to Chandrasekharpuram Ch. 228000Package-10,NHAI,Andhra Pradesh,2026-07,56.25,MEDIUM,75.0,75.0,0.0,75.0,Physical progress (66.1%) is 33.9 points below expected progress (100.0%). | Completion date has been revised by 17 month(s) (from 02/2026 to 07/2027). | Cost is within (or close to) the originally approved budget. | Recent progress growth is stalled or negative (no measurable gain last month).
619124,6L Access Controlled Greenfield Highway from Polavaram Ch. 260000 to Marripudi Ch. 285500 of [NH-544G]Package-12,NHAI,Andhra Pradesh,2026-07,56.25,MEDIUM,75.0,75.0,0.0,75.0,Physical progress (70.2%) is 29.8 points below expected progress (100.0%). | Completion date has been revised by 15 month(s) (from 02/2026 to 05/2027). | Cost is within (or close to) the originally approved budget. | Recent progress growth is stalled or negative (no measurable gain last month).
619125,6L Access Controlled Greenfield Highway from Somavarappadu Ch.314.600 to Muppavaram Ch.343240 of [NH-544G] Package-14,NHAI,Andhra Pradesh,2026-07,65.0,HIGH,100.0,75.0,0.0,75.0,Physical progress (44.6%) is 55.4 points below expected progress (100.0%). | Completion date has been revised by 20 month(s) (from 02/2026 to 10/2027). | Cost is within (or close to) the originally approved budget. | Recent progress growth is stalled or negative (no measurable gain last month).
619126,6L Access Controlled Greenfield Highway from Marripudi Ch. 285500 to Somavarappadu Ch. 314600 of [NH-544G] Package-13,NHAI,Andhra Pradesh,2026-07,56.25,MEDIUM,75.0,75.0,0.0,75.0,Physical progress (73.0%) is 27.0 points below expected progress (100.0%). | Completion date has been revised by 14 month(s) (from 02/2026 to 04/2027). | Cost is within (or close to) the originally approved budget. | Recent progress growth is stalled or negative (no measurable gain last month).
619127,4L of Greenfield Alignment from Km. 47.000 to Km. 89.210 of Balbhadarpur to Bela Nawda Section of NH-119D,NHAI,Bihar,2026-07,60.0,MEDIUM,100.0,75.0,0.0,25.0,Physical progress (30.4%) is 69.6 points below expected progress (100.0%). | Completion date has been revised by 24 month(s) (from 03/2026 to 03/2028). | Cost is within (or close to) the originally approved budget. | Recent progress growth is healthy (~1.28 points/month).
619128,Khammam-Devarapalle Pkg II [4L Access Controlled Greenfield from Somavaram village to Chintagudem village Design Chainage 33604 to 63117],NHAI,Telangana,2026-07,60.0,MEDIUM,25.0,75.0,85.0,75.0,Completion date has been revised by 23 month(s) (from 09/2024 to 08/2026). | Cost overrun of 59.4% (original Rs. 615.78 Cr -> revised Rs. 981.64 Cr). | Recent progress growth is stalled or negative (no measurable gain last month).
619129,Mahabalipuram - Pondicherry Pkg-I [Mamallapuram to Mugaiyur],NHAI,Tamil Nadu,2026-07,73.75,HIGH,75.0,100.0,40.0,75.0,Physical progress (58.6%) is 41.4 points below expected progress (100.0%). | Completion date has been revised by 32 month(s) (from 05/2024 to 01/2027). | Cost overrun of 8.6% (original Rs. 1360.54 Cr -> revised Rs. 1477.94 Cr). | Recent progress growth is stalled or negative (no measurable gain last month).
619130,Mahabalipuram - Pondicherry Pkg-II [Mugaiyur to Marakkanam],NHAI,Tamil Nadu,2026-07,77.5,HIGH,75.0,75.0,85.0,75.0,Physical progress (53.4%) is 46.6 points below expected progress (100.0%). | Completion date has been revised by 15 month(s) (from 12/2025 to 03/2027). | Cost overrun of 31.1% (original Rs. 1116.13 Cr -> revised Rs. 1463.75 Cr). | Recent progress growth is stalled or negative (no measurable gain last month).
619131,Four Laning of Chettikulam to Natham section of NH-785,NHAI,Tamil Nadu,2026-07,46.25,MEDIUM,25.0,100.0,0.0,75.0,Completion date has been revised by 67 month(s) (from 11/2020 to 06/2026). | Cost is within (or close to) the originally approved budget. | Recent progress growth is stalled or negative (no measurable gain last month).
619132,4/6L of Gurgaon - Pataudi - Rewari from km. 0.00 to km.43.87 of NH-352W,NHAI,Haryana,2026-07,62.5,HIGH,50.0,100.0,40.0,50.0,Physical progress (77.8%) is 22.2 points below expected progress (100.0%). | Completion date has been revised by 33 month(s) (from 11/2023 to 08/2026). | Cost overrun of 5.9% (original Rs. 1810.04 Cr -> revised Rs. 1917.50 Cr). | Recent progress growth is low (~0.78 points/month).
619134,6L of Ambala-Chandigarh greenfield section from Km. 0.000 to Km. 25.000 with 4L spur to Lalru from Km. 0.000 to Km. 5.828 & spur to PR-7 road from Km. 0.000 to Km. 11.157,NHAI,"Multi-States (Haryana, Punjab)",2026-07,40.0,MEDIUM,25.0,50.0,65.0,0.0,Completion date has been revised by 11 month(s) (from 10/2025 to 09/2026). | Cost overrun of 16.0% (original Rs. 1641.66 Cr -> revised Rs. 1904.79 Cr). | Recent progress growth is healthy (~4.51 points/month).
619136,Rehabilitation and Upgradation of Chorma - Bairgania Section of National Highway No 227F to 2 lane with paved shoulders from Design Ch.0.000 to Ch. 34.566,NHAI,Bihar,2026-07,27.5,LOW,0.0,50.0,20.0,75.0,Physical progress (100.0%) is on track or ahead of expected progress (100.0%). | Completion date has been revised by 7 month(s) (from 01/2026 to 08/2026). | Cost is within (or close to) the originally approved budget. | Recent progress growth is stalled or negative (no measurable gain last month).
619137,4L of Dwarka-Khambaliya-Devariya section from km 203.500 to km 176.500 and from km 171.800 to km 125.000 of NH-151A,National Highways Authority of India [NHAI],Gujarat,2026-04,61.11,HIGH,0.0,100.0,100.0,,Physical progress (100.0%) is on track or ahead of expected progress (100.0%). | Completion date has been revised by 45 month(s) (from 08/2022 to 05/2026). | Cost overrun of 71.2% (original Rs. 1024.69 Cr -> revised Rs. 1753.95 Cr). | Recent progress trend could not be assessed (no prior month to compare).
619138,Yekkambi-Haveri,NHAI,Karnataka,2026-07,82.5,HIGH,100.0,100.0,40.0,75.0,Physical progress (24.7%) is 75.3 points below expected progress (100.0%). | Completion date has been revised by 47 month(s) (from 03/2024 to 02/2028). | Cost overrun of 5.2% (original Rs. 294.62 Cr -> revised Rs. 309.90 Cr). | Recent progress growth is stalled or negative (no measurable gain last month).
619139,Construction of New Double Tier 4L Elevated Corridor from Chennai Port to Maduravoyal in Chennai District from km -0.342 to Km 20.593 and Package III from Km 9.700 to Km 14.185,NHAI,Tamil Nadu,2026-07,72.5,HIGH,100.0,100.0,0.0,75.0,Physical progress (17.2%) is 82.8 points below expected progress (100.0%). | Completion date has been revised by 34 month(s) (from 05/2026 to 03/2029). | Cost is within (or close to) the originally approved budget. | Recent progress growth is stalled or negative (no measurable gain last month).
619140,6L of Naidupeta Junction - Turpukanupur Section from km 57.046 to km 91.927,NHAI,Andhra Pradesh,2026-07,48.75,MEDIUM,75.0,75.0,0.0,0.0,Physical progress (53.7%) is 46.3 points below expected progress (100.0%). | Completion date has been revised by 24 month(s) (from 10/2025 to 10/2027). | Cost is within (or close to) the originally approved budget. | Recent progress growth is healthy (~4.80 points/month).
619141,Construction of four lane access controlled highway from Chillakuru cross road to Turpu KanupurPart 1 of Package - II km 0.000 131.500 of NH - 16 to km 23.770 on New NH-516W including six lane flyover and approaches on NH-16 length km 1.050 and six lane access controlled from Turpu Kanupur to Port South Gate Part 2 of Package - II km 23.770 to km 35.015 on New NH-516W in the state of Andhra Pradesh on HAM Mode under Bharatmala Pariyojana Phase I,NHAI,Andhra Pradesh,2026-07,37.75,MEDIUM,75.0,30.0,0.0,25.0,Physical progress (55.5%) is 44.5 points below expected progress (100.0%). | Completion date has been revised by 3 month(s) (from 12/2025 to 03/2026). | Cost is within (or close to) the originally approved budget. | Recent progress growth is healthy (~1.42 points/month).
619142,Construction of 4-lane connectivity to Banbasa ICP at India Nepal border from NH-09 old NH-125 Sitarganj-Tanakpur at Km 40.00 near Jagbuda bridge under Bharatmala Priyojana of NH-109D on EPC mode in the State of Uttarakhand,NHAI,Uttarakhand,2026-07,65.0,HIGH,50.0,100.0,40.0,75.0,Physical progress (75.2%) is 24.8 points below expected progress (100.0%). | Completion date has been revised by 31 month(s) (from 09/2024 to 04/2027). | Cost overrun of 9.2% (original Rs. 216.97 Cr -> revised Rs. 237.01 Cr). | Recent progress growth is stalled or negative (no measurable gain last month).
619143,4L Access Controlled Greenfield Highway section on NH-163G Khammam Vijayawada from BrahmanapalliK village at Design Ch. 250.400 Km to Remidicherla village at Design Ch. 280.200 KmPackage-II,NHAI,"Multi-States (Andhra Pradesh, Telangana)",2026-07,40.25,MEDIUM,75.0,30.0,20.0,0.0,Physical progress (25.8%) is 40.9 points below expected progress (66.7%). | Completion date has been revised by 3 month(s) (from 03/2027 to 06/2027). | Cost is within (or close to) the originally approved budget. | Recent progress growth is healthy (~2.05 points/month).
619144,Hospet - Chitradurga from km. 299.00 to km. 418.750,National Highways Authority of India [NHAI],Karnataka,2026-05,37.5,MEDIUM,0.0,100.0,0.0,75.0,Physical progress (100.0%) is on track or ahead of expected progress (100.0%). | Completion date has been revised by 94 month(s) (from 08/2018 to 06/2026). | Cost is within (or close to) the originally approved budget. | Recent progress growth is stalled or negative (no measurable gain last month).
619145,Four Laning of Una to Kodinar from km. 180.478 to km. 221.610 Package-V,NHAI,Gujarat,2026-07,53.75,MEDIUM,0.0,100.0,65.0,75.0,Physical progress (100.0%) is on track or ahead of expected progress (100.0%). | Completion date has been revised by 67 month(s) (from 08/2019 to 03/2025). | Cost overrun of 28.4% (original Rs. 877.71 Cr -> revised Rs. 1126.66 Cr). | Recent progress growth is stalled or negative (no measurable gain last month).
619146,Kagvadar - Una Package-IV,NHAI,Gujarat,2026-06,62.5,HIGH,25.0,100.0,65.0,75.0,Completion date has been revised by 82 month(s) (from 09/2019 to 07/2026). | Cost overrun of 27.4% (original Rs. 750.53 Cr -> revised Rs. 955.78 Cr). | Recent progress growth is stalled or negative (no measurable gain last month).
619147,4L of Bal Works of Mahuva to Kagvadar from 100.450 Km. to 140.470 Km. of NH-8E Pkg- III,National Highways Authority of India [NHAI],Gujarat,2026-05,51.25,MEDIUM,25.0,100.0,20.0,75.0,Completion date has been revised by 40 month(s) (from 09/2022 to 01/2026). | Cost is within (or close to) the originally approved budget. | Recent progress growth is stalled or negative (no measurable gain last month).
619148,4L of Bhavnagar - Talaja Package-I from Km. 6.945 to Km. 54.990 of Old NH-8E,National Highways Authority of India [NHAI],Gujarat,2026-05,17.5,LOW,0.0,0.0,40.0,75.0,Physical progress (100.0%) is on track or ahead of expected progress (100.0%). | No completion-date revision recorded (schedule risk based on original plan only). | Cost overrun of 13.3% (original Rs. 1185.66 Cr -> revised Rs. 1343.16 Cr). | Recent progress growth is stalled or negative (no measurable gain last month).
619149,4L of Ratnagiri - Kolhapur section of NH-166 from km 0.000 to km 19.769 and km 31.000 to km 67.140 Pkg I,NHAI,Maharashtra,2026-07,47.5,MEDIUM,25.0,75.0,65.0,0.0,Completion date has been revised by 24 month(s) (from 11/2024 to 11/2026). | Cost overrun of 18.9% (original Rs. 1774.03 Cr -> revised Rs. 2108.41 Cr). | Recent progress growth is healthy (~3.65 points/month).
619150,BRT Tiger Reserve Boundary Km.287.500 to Bangalore Section Km.458.420 of NH- 209 in Karnataka,NHAI,Karnataka,2026-07,67.5,HIGH,25.0,100.0,85.0,75.0,Completion date has been revised by 85 month(s) (from 08/2019 to 09/2026). | Cost overrun of 37.3% (original Rs. 2082.69 Cr -> revised Rs. 2859.93 Cr). | Recent progress growth is stalled or negative (no measurable gain last month).
619152,Bakhtiyarpur Km 153.300 to Mokama Km 197.900,NHAI,Bihar,2026-07,46.25,MEDIUM,25.0,100.0,0.0,75.0,Completion date has been revised by 80 month(s) (from 12/2019 to 08/2026). | Cost is within (or close to) the originally approved budget. | Recent progress growth is stalled or negative (no measurable gain last month).
619153,4L of HP/Punjab Border - Mo from km. 11.00 to km. 42.00 of Old NH-20 New NH-154 Package-IA,NHAI,Himachal Pradesh,2026-07,82.5,HIGH,75.0,100.0,85.0,50.0,Physical progress (68.7%) is 31.4 points below expected progress (100.0%). | Completion date has been revised by 31 month(s) (from 05/2024 to 12/2026). | Cost overrun of 36.0% (original Rs. 1002.11 Cr -> revised Rs. 1363.04 Cr). | Recent progress growth is low (~0.99 points/month).
619154,Construction of Four Lane Highway from Ghazipur- Ballia-UP/Bihar State Border Greenfield section of NH-31 Package III [from Pindari km 78.150 to Rawalganj Bypass Km 117.120] on EPC Mode in the state of Uttar Pradesh.,NHAI,"Multi-States (Bihar, Uttar Pradesh)",2026-07,45.0,MEDIUM,50.0,75.0,20.0,0.0,Physical progress (86.1%) is 13.9 points below expected progress (100.0%). | Completion date has been revised by 14 month(s) (from 08/2025 to 10/2026). | Cost is within (or close to) the originally approved budget. | Recent progress growth is healthy (~3.11 points/month).
619155,Upgradation and 4L of Haridwar Bypass from Km 0.000 Km 188.100 of NH-58 to Km. 15.100 Km 5.100 of NH 74 PKg-1,NHAI,Uttarakhand,2026-07,52.5,MEDIUM,50.0,100.0,0.0,50.0,Physical progress (80.4%) is 19.6 points below expected progress (100.0%). | Completion date has been revised by 25 month(s) (from 10/2024 to 11/2026). | Cost is within (or close to) the originally approved budget. | Recent progress growth is low (~0.61 points/month).
619156,4 Laning of Paramakudi to Ramanathapuram Section of NH-87 Old NH-49,NHAI,Tamil Nadu,2026-07,16.25,LOW,25.0,0.0,0.0,75.0,Completion date has not slipped versus the original plan. | Cost is within (or close to) the originally approved budget. | Recent progress growth is stalled or negative (no measurable gain last month).
619157,4 Laning of Talcher to end of Kamakhyanagar Bypass km 8.844 - km 15.725 of NH- 149 and km 301.875 - km 335.946 of NH-53 Pkg-I,NHAI,Odisha,2026-07,51.25,MEDIUM,25.0,100.0,20.0,75.0,Completion date has been revised by 62 month(s) (from 08/2021 to 10/2026). | Cost is within (or close to) the originally approved budget. | Recent progress growth is stalled or negative (no measurable gain last month).
619158,4 Laning of Duburi Chandikhole from km 388.376 to km 428.074 Pkg-III,NHAI,Odisha,2026-07,71.25,HIGH,50.0,100.0,65.0,75.0,Physical progress (86.0%) is 14.0 points below expected progress (100.0%). | Completion date has been revised by 50 month(s) (from 08/2022 to 10/2026). | Cost overrun of 15.0% (original Rs. 789.00 Cr -> revised Rs. 907.61 Cr). | Recent progress growth is stalled or negative (no measurable gain last month).
619160,Balance works in AP Portion and punch list items in TN & AP portion of NH-205,NHAI,Andhra Pradesh,2026-07,22.5,LOW,0.0,50.0,0.0,75.0,Physical progress (100.0%) is on track or ahead of expected progress (100.0%). | Completion date has been revised by 12 month(s) (from 01/2025 to 01/2026). | Cost is within (or close to) the originally approved budget. | Recent progress growth is stalled or negative (no measurable gain last month).
619161,Access Controlled Highway of 4 Lane with Paved Shoulders from Tiruvallur Design Chainage Km 1756 to TN/AP Broder Design Chainage Km 6151 of NH-716 Chennai- Tirupati Package-1,NHAI,Tamil Nadu,2026-07,35.25,MEDIUM,75.0,30.0,0.0,0.0,Physical progress (46.3%) is 32.9 points below expected progress (79.2%). | Completion date has been revised by 3 month(s) (from 12/2026 to 03/2027). | Cost is within (or close to) the originally approved budget. | Recent progress growth is healthy (~5.51 points/month).
619162,4L of Najibabad Bypass from Km. 105.423 to Km. 118.373 excluding 2.45 Km. of NH- 74 Bypass of NH-119,NHAI,Uttar Pradesh,2026-07,37.5,MEDIUM,0.0,100.0,0.0,75.0,Physical progress (100.0%) is on track or ahead of expected progress (100.0%). | Completion date has been revised by 26 month(s) (from 06/2024 to 08/2026). | Cost is within (or close to) the originally approved budget. | Recent progress growth is stalled or negative (no measurable gain last month).
619163,4L of Baramati to Indapur Pkg-II from km. 41.400 to km. 84.550 of NH-965G Saint Tukaram Marg,NHAI,Maharashtra,2026-07,55.0,MEDIUM,50.0,100.0,0.0,75.0,Physical progress (86.2%) is 13.8 points below expected progress (100.0%). | Completion date has been revised by 39 month(s) (from 09/2023 to 12/2026). | Cost is within (or close to) the originally approved budget. | Recent progress growth is stalled or negative (no measurable gain last month).
619164,Belgaum-Khanapur Pkg I Km 0.000-Km 30.800 of NH-4A,NHAI,Karnataka,2026-07,52.5,MEDIUM,50.0,100.0,0.0,50.0,Physical progress (75.7%) is 24.3 points below expected progress (100.0%). | Completion date has been revised by 66 month(s) (from 09/2021 to 03/2027). | Cost is within (or close to) the originally approved budget. | Recent progress growth is low (~0.09 points/month).
619165,Thanamcherla-Jamandlapally 2LPS,NHAI,Telangana,2026-07,37.5,MEDIUM,0.0,100.0,0.0,75.0,Physical progress (100.0%) is on track or ahead of expected progress (100.0%). | Completion date has been revised by 46 month(s) (from 02/2023 to 12/2026). | Cost is within (or close to) the originally approved budget. | Recent progress growth is stalled or negative (no measurable gain last month).
619166,Umagaon-Saharsa Package-V Bakaur-Parsarma-Bangaon-Bariyahi & Spur to Mahishi,NHAI,Bihar,2026-07,47.5,MEDIUM,25.0,50.0,65.0,75.0,Completion date has been revised by 8 month(s) (from 12/2025 to 08/2026). | Cost overrun of 26.0% (original Rs. 768.35 Cr -> revised Rs. 968.42 Cr). | Recent progress growth is stalled or negative (no measurable gain last month).
619167,4 Laning with PS of Pathrapalli-Katghora km 53.3 to km 92.6 Pkg-II of Bilaspur Kathghora,NHAI,Chhattisgarh,2026-07,67.5,HIGH,25.0,100.0,85.0,75.0,Completion date has been revised by 47 month(s) (from 12/2022 to 11/2026). | Cost overrun of 47.4% (original Rs. 865.10 Cr -> revised Rs. 1275.26 Cr). | Recent progress growth is stalled or negative (no measurable gain last month).
619168,6L access controlled Greenfield highway of Junction of EPE Vill.-Mavikalan to Vill.- Lohadda from Km. 0.000 to Km. 27.000 Pkg-1,NHAI,Uttar Pradesh,2026-07,38.75,MEDIUM,25.0,75.0,0.0,75.0,Completion date has been revised by 23 month(s) (from 09/2024 to 08/2026). | Cost is within (or close to) the originally approved budget. | Recent progress growth is stalled or negative (no measurable gain last month).
619171,RPR FOR DURGAPUR OCP 10 MTY,SECL - CIL,Chhattisgarh,2026-07,25.0,LOW,50.0,0.0,0.0,75.0,Physical progress (0.0%) is 12.8 points below expected progress (12.8%). | No completion-date revision recorded (schedule risk based on original plan only). | Cost is within (or close to) the originally approved budget. | Recent progress growth is stalled or negative (no measurable gain last month).
619172,MADANNAGAR OCP 12 MTY - MDO,SECL - CIL,Chhattisgarh,2026-07,25.0,LOW,50.0,0.0,0.0,75.0,Physical progress (0.0%) is 19.2 points below expected progress (19.2%). | No completion-date revision recorded (schedule risk based on original plan only). | Cost is within (or close to) the originally approved budget. | Recent progress growth is stalled or negative (no measurable gain last month).
619181,Rehabilitation and Up gradation from 4 to 8 laning of Chandikhole Paradip Section of NH-53 Old NH 5A from Km.60.000 to Km.76.646 Package-4,NHAI,Odisha,2026-07,67.5,HIGH,100.0,75.0,40.0,0.0,Physical progress (36.0%) is 50.9 points below expected progress (87.0%). | Completion date has been revised by 14 month(s) (from 10/2026 to 12/2027). | Cost overrun of 14.4% (original Rs. 882.45 Cr -> revised Rs. 1009.92 Cr). | Recent progress growth is healthy (~3.00 points/month).
619183,Widening of Existing Road from Intermediate Lane 2-lane to 4-lane Between Km 19.994 to Km 35.180 of NH-848A Rakholi-Khadoli-Velugam Section in U.T. of Dadra and Nagar Haveli and Daman and Diu,MoRTH,Dadra & Nagar Haveli and Daman & Diu,2026-07,50.25,MEDIUM,50.0,30.0,65.0,75.0,Physical progress (80.0%) is 20.0 points below expected progress (100.0%). | Completion date has been revised by 2 month(s) (from 06/2026 to 08/2026). | Cost overrun of 21.0% (original Rs. 198.06 Cr -> revised Rs. 239.57 Cr). | Recent progress growth is stalled or negative (no measurable gain last month).
619184,"Rehabilitation and up-gradation and completion of balance works of the section from Km 107.760 km to 129.445 km After Middle strait to Humphrey, Km 130.600 to 138.300 After Humphrey to Kadamtala of NH-4 Intermediate/2-Lane with hard shoulder in the Union Territory of Andaman & Nicobar Islands on EPC basis Package- IIIA",NHIDCL,Andaman & Nicobar,2026-07,70.0,HIGH,50.0,75.0,100.0,50.0,Physical progress (82.0%) is 18.1 points below expected progress (100.0%). | Completion date has been revised by 15 month(s) (from 09/2025 to 12/2026). | Cost overrun of 81.5% (original Rs. 207.45 Cr -> revised Rs. 376.48 Cr). | Recent progress growth is low (~0.63 points/month).
619185,Rehabilitation and up-gradation and completion of balance work of section from Km 155.00 to Km 181.00 End of Jarwa to Rangat of NH -4 Total length 26 Km to Intermediate Lane/2-lane with hard shoulders in the UT of A&N Islands on EPC basis - Package-III.B Balance work,NHIDCL,Andaman & Nicobar,2026-07,81.25,HIGH,75.0,75.0,100.0,75.0,Physical progress (50.1%) is 49.9 points below expected progress (100.0%). | Completion date has been revised by 17 month(s) (from 10/2025 to 03/2027). | Cost overrun of 81.5% (original Rs. 183.56 Cr -> revised Rs. 333.12 Cr). | Recent progress growth is stalled or negative (no measurable gain last month).
619186,Construction of Balance works of Major Bridge over Middle Strait Creek between Km.106.590 to km108.553 of NH-04 connecting South Andaman & Baratang Island in the Union Territory of Andaman & Nicobar Islands on EPC basis,NHIDCL,Andaman & Nicobar,2026-07,78.75,HIGH,100.0,50.0,85.0,75.0,Physical progress (13.0%) is 87.0 points below expected progress (100.0%). | Completion date has been revised by 10 month(s) (from 02/2026 to 12/2026). | Cost overrun of 41.4% (original Rs. 262.96 Cr -> revised Rs. 371.88 Cr). | Recent progress growth is stalled or negative (no measurable gain last month).
619187,"Slope protection and landslide mitigation at 4 vulnerable locations km 1.950 to Km 2.100, km 11.100 to 11.450, km 22.435 to km 22.485 and km 22.610 to km 22.680 within Sevoke-Rangpo section of NH-10 old NH-31A in Darjeeling & Kalimpong district in the State of West Bengal on EPC mode",NHIDCL,West Bengal,2026-07,17.5,LOW,50.0,0.0,0.0,0.0,Physical progress (34.5%) is 19.7 points below expected progress (54.2%). | Completion date has not slipped versus the original plan. | Cost is within (or close to) the originally approved budget. | Recent progress growth is healthy (~2.26 points/month).
619191,Kanpur LPG Bottling Plant,Bharat Petroleum Corporation Limited [BPCL],Uttar Pradesh,2026-07,0.0,LOW,0.0,0.0,0.0,0.0,Physical progress (62.5%) is on track or ahead of expected progress (41.7%). | No completion-date revision recorded (schedule risk based on original plan only). | Cost is within (or close to) the originally approved budget. | Recent progress growth is healthy (~2.50 points/month).
619193,Rehabilitation and upgradation of NH-221 from km 121/0 to 165/0 Rudrampur to Bhadrachalam section to two lane with paved shoulder under NHDPIV in the state of Telangana through EPC mode,MoRTH,Telangana,2026-07,65.0,HIGH,50.0,100.0,40.0,75.0,Physical progress (82.8%) is 17.2 points below expected progress (100.0%). | Completion date has been revised by 114 month(s) (from 02/2017 to 08/2026). | Cost overrun of 13.3% (original Rs. 295.47 Cr -> revised Rs. 334.82 Cr). | Recent progress growth is stalled or negative (no measurable gain last month).
619194,"Construction of Four Lane Gola Flyover at Km 99.850 of NH 730 Major Junction with State Highways -93 of Engineering, Procurement and Construction EPC mode in the State of Uttar Pradesh.",MoRTH,Uttar Pradesh,2026-07,0.0,LOW,0.0,0.0,0.0,0.0,Physical progress (12.0%) is on track or ahead of expected progress (11.8%). | Completion date has not slipped versus the original plan. | Cost is within (or close to) the originally approved budget. | Recent progress growth is healthy (~10.00 points/month).
619196,Change of service of existing Mundra-Panipat Pipeline [Panipat - Churwa section] from Crude oil to Product,Indian Oil Corporation Limited [IOCL],"Multi-States (Gujarat, Haryana, Rajasthan)",2026-07,17.5,LOW,50.0,0.0,0.0,0.0,Physical progress (43.3%) is 17.6 points below expected progress (60.9%). | No completion-date revision recorded (schedule risk based on original plan only). | Cost is within (or close to) the originally approved budget. | Recent progress growth is healthy (~3.70 points/month).
619197,Delhi-Vadodara Greenfield Alignment NH-148N Pkg-27 Ch.729.700 to Ch.756.052,NHAI,Gujarat,2026-07,51.25,MEDIUM,25.0,100.0,40.0,25.0,Completion date has been revised by 30 month(s) (from 02/2024 to 08/2026). | Cost overrun of 6.2% (original Rs. 1185.69 Cr -> revised Rs. 1259.27 Cr). | Recent progress growth is healthy (~1.69 points/month).
619198,Vadodara Mumbai Expressway Phase II - Pkg XII [Km. 50.700 to Km. 77.000] Masvan - Ganjad,NHAI,Maharashtra,2026-07,65.0,HIGH,25.0,100.0,85.0,50.0,Completion date has been revised by 29 month(s) (from 03/2024 to 08/2026). | Cost overrun of 39.6% (original Rs. 1711.38 Cr -> revised Rs. 2388.52 Cr). | Recent progress growth is low (~0.49 points/month).
619199,Bangalore Chennai Expressway Phase-II Pkg-I from km.71.000 to Km 96.000 Bethamangala in the state of Karnataka to Byreddypalli,NHAI,"Multi-States (Andhra Pradesh, Karnataka)",2026-07,36.25,MEDIUM,25.0,75.0,0.0,50.0,Completion date has been revised by 23 month(s) (from 10/2024 to 09/2026). | Cost is within (or close to) the originally approved budget. | Recent progress growth is low (~0.15 points/month).
619200,Delhi-Amritsar-Katra Expressway Phase-I Spur-III from Junction with Amritsar- Jalandhar road NH-3 near Bhishambarpura to Junction with Amritsar-Anjala road NH- 354 near Amritsar Airport [Km 71000 to Km 99000 of Amritsar connectivity],NHAI,Punjab,2026-07,86.25,HIGH,100.0,100.0,65.0,50.0,Physical progress (33.9%) is 66.2 points below expected progress (100.0%). | Completion date has been revised by 36 month(s) (from 10/2024 to 10/2027). | Cost overrun of 18.9% (original Rs. 1641.75 Cr -> revised Rs. 1951.70 Cr). | Recent progress growth is low (~0.27 points/month).
619201,Karnal ring road Lot-4/Pkg-1,NHAI,Haryana,2026-07,52.5,MEDIUM,25.0,75.0,65.0,50.0,Completion date has been revised by 14 month(s) (from 08/2025 to 10/2026). | Cost overrun of 17.2% (original Rs. 1741.45 Cr -> revised Rs. 2041.54 Cr). | Recent progress growth is low (~0.24 points/month).
619202,Dwarka Expressway from Km -0.600 to Km 5.300 - Pkg-I Shivmurti Chowk-RuB near Dwarka Sector 21,NHAI,Delhi,2026-07,71.25,HIGH,25.0,100.0,100.0,75.0,Completion date has been revised by 47 month(s) (from 09/2022 to 08/2026). | Cost overrun of 83.2% (original Rs. 2144.67 Cr -> revised Rs. 3929.50 Cr). | Recent progress growth is stalled or negative (no measurable gain last month).
619203,Vadape to Thane from km 539.202 to km 563.000 section of NH-3 new NH-848,NHAI,Maharashtra,2026-07,57.5,MEDIUM,50.0,100.0,40.0,0.0,Physical progress (87.0%) is 13.0 points below expected progress (100.0%). | Completion date has been revised by 63 month(s) (from 07/2021 to 10/2026). | Cost overrun of 9.4% (original Rs. 1252.92 Cr -> revised Rs. 1371.27 Cr). | Recent progress growth is healthy (~6.22 points/month).
619204,"Capacity Augmentation in the stretch of Pimpri Sado Vadape section of NH848 Km. 460900 to Km. 537000 by Construction of Slip/Service Road on either side at various locations total length 25.140 Km LHSRHS, Flyover 2 x 25m at Borivali Junction Km. 528550 & LVUP 1 x 15m at Sherekarpada Km. 528800",NHAI,Maharashtra,2026-07,25.0,LOW,50.0,0.0,0.0,75.0,Physical progress (1.0%) is 15.7 points below expected progress (16.7%). | Completion date has not slipped versus the original plan. | Cost is within (or close to) the originally approved budget. | Recent progress growth is stalled or negative (no measurable gain last month).
619205,Six Laning of KT/KL Border Thalapaddy -Chengala from Km. 17.200 to Km. 57.20,NHAI,"Multi-States (Karnataka, Kerala)",2026-07,58.75,MEDIUM,0.0,100.0,85.0,75.0,Physical progress (100.0%) is on track or ahead of expected progress (100.0%). | Completion date has been revised by 27 month(s) (from 05/2024 to 08/2026). | Cost overrun of 35.4% (original Rs. 1981.07 Cr -> revised Rs. 2681.48 Cr). | Recent progress growth is stalled or negative (no measurable gain last month).
619206,6L of Perole Nileshwar town to Taliparamba from Km 94.248 to Km 134.650 of NH-66,NHAI,Kerala,2026-07,71.25,HIGH,50.0,100.0,65.0,75.0,Physical progress (86.7%) is 13.3 points below expected progress (100.0%). | Completion date has been revised by 38 month(s) (from 01/2024 to 03/2027). | Cost overrun of 27.2% (original Rs. 3041.65 Cr -> revised Rs. 3867.66 Cr). | Recent progress growth is stalled or negative (no measurable gain last month).
619207,Start of Kollam Bypass - Kadambattukonam,NHAI,Kerala,2026-07,71.25,HIGH,50.0,100.0,65.0,75.0,Physical progress (81.8%) is 18.2 points below expected progress (100.0%). | Completion date has been revised by 27 month(s) (from 03/2025 to 06/2027). | Cost overrun of 25.3% (original Rs. 2641.37 Cr -> revised Rs. 3309.06 Cr). | Recent progress growth is stalled or negative (no measurable gain last month).
619208,Kadambattukonam-Kazhakuttom,NHAI,Kerala,2026-07,72.5,HIGH,100.0,100.0,0.0,75.0,Physical progress (44.3%) is 55.7 points below expected progress (100.0%). | Completion date has been revised by 28 month(s) (from 01/2025 to 05/2027). | Cost is within (or close to) the originally approved budget. | Recent progress growth is stalled or negative (no measurable gain last month).
619209,4L of existing 2/4L stretch from Lonand to Dive Ghat Km 166.400 to Km 220.900 of Mohol Alandi section of NH-965 Pkg - V,National Highways Authority of India [NHAI],Maharashtra,2026-05,55.0,MEDIUM,25.0,75.0,65.0,75.0,Completion date has been revised by 23 month(s) (from 05/2024 to 04/2026). | Cost overrun of 19.9% (original Rs. 1709.56 Cr -> revised Rs. 2049.51 Cr). | Recent progress growth is stalled or negative (no measurable gain last month).
619210,Dharampuri-Lonand from km. 117.00 to 166.40 Pkg-IV on Mohol-Alandi Section,NHAI,Maharashtra,2026-07,46.25,MEDIUM,25.0,100.0,0.0,75.0,Completion date has been revised by 36 month(s) (from 09/2023 to 09/2026). | Cost is within (or close to) the originally approved budget. | Recent progress growth is stalled or negative (no measurable gain last month).
619211,6L of MH/KN Border Nimbal Village to KN/TS Border Singnodi Village from Km. 97.000 to Km. 162.500 in Yadgir of NH-150C Pkg-III,NHAI,Karnataka,2026-07,56.25,MEDIUM,75.0,75.0,0.0,75.0,Physical progress (73.9%) is 26.1 points below expected progress (100.0%). | Completion date has been revised by 13 month(s) (from 10/2025 to 11/2026). | Cost is within (or close to) the originally approved budget. | Recent progress growth is stalled or negative (no measurable gain last month).
619212,6L Access Controlled Greenfield Highway of Julekal village to Dinnedevarapadu village from Km 242.200 to Km 280.400 Pkg-2,NHAI,"Multi-States (Andhra Pradesh, Telangana)",2026-07,66.25,HIGH,75.0,100.0,40.0,0.0,Physical progress (70.6%) is 29.4 points below expected progress (100.0%). | Completion date has been revised by 27 month(s) (from 01/2025 to 04/2027). | Cost overrun of 7.2% (original Rs. 1227.57 Cr -> revised Rs. 1315.87 Cr). | Recent progress growth is healthy (~2.07 points/month).
619213,6L of Hatibena - Badakumari Section from Km 146.50 to km 179.00 of NH-130-CD Package OD-2,NHAI,Odisha,2026-07,65.0,HIGH,25.0,100.0,85.0,50.0,Completion date has been revised by 29 month(s) (from 03/2024 to 08/2026). | Cost overrun of 35.3% (original Rs. 791.17 Cr -> revised Rs. 1070.63 Cr). | Recent progress growth is low (~0.04 points/month).
619214,4L of Channarayapatna Bypass and Hassan Bypass with structures in Devihalli - Hassan section,NHAI,Karnataka,2026-07,55.0,MEDIUM,50.0,100.0,0.0,75.0,Physical progress (82.3%) is 17.7 points below expected progress (100.0%). | Completion date has been revised by 45 month(s) (from 01/2023 to 10/2026). | Cost is within (or close to) the originally approved budget. | Recent progress growth is stalled or negative (no measurable gain last month).
619215,Cuttack-Angul Section of NH-42 New NH-55 from Km.60.200 to Km. 112.000 Pkg-II in the State of Odisha,NHAI,Odisha,2026-07,62.5,HIGH,25.0,100.0,65.0,75.0,Completion date has been revised by 72 month(s) (from 09/2020 to 09/2026). | Cost overrun of 17.9% (original Rs. 991.41 Cr -> revised Rs. 1168.82 Cr). | Recent progress growth is stalled or negative (no measurable gain last month).
619216,6L access Controlled Greenfield Highway from Adhoya Musalmana to Sadopur section of Shamli -Ambala Package-III Design Ch. Form km 84.400 to km 121.786,NHAI,"Multi-States (Haryana, Punjab)",2026-07,42.5,MEDIUM,50.0,75.0,0.0,25.0,Physical progress (81.3%) is 18.7 points below expected progress (100.0%). | Completion date has been revised by 19 month(s) (from 05/2025 to 12/2026). | Cost is within (or close to) the originally approved budget. | Recent progress growth is healthy (~1.77 points/month).
619217,4L of Haridwar-Nagina section from km. 0.00 to km. 71.614 of NH-74,NHAI,"Multi-States (Uttar Pradesh, Uttarakhand)",2026-07,46.25,MEDIUM,25.0,100.0,0.0,75.0,Completion date has been revised by 73 month(s) (from 07/2020 to 08/2026). | Cost is within (or close to) the originally approved budget. | Recent progress growth is stalled or negative (no measurable gain last month).
619218,4L Tumkur-Shimoga Pkg-I from Mallasandra to Karadi village of NH-206 from Km. 12.300 to Km. 65.195,NHAI,Karnataka,2026-07,53.75,MEDIUM,0.0,100.0,65.0,75.0,Physical progress (100.0%) is on track or ahead of expected progress (100.0%). | Completion date has been revised by 58 month(s) (from 10/2021 to 08/2026). | Cost overrun of 24.0% (original Rs. 1364.14 Cr -> revised Rs. 1692.12 Cr). | Recent progress growth is stalled or negative (no measurable gain last month).
619219,4L of Tumkur-Shimoga Pkg-II from Km 65.195 Karadi to Km 121.900 Banawara of NH-206,NHAI,Karnataka,2026-07,67.5,HIGH,25.0,100.0,85.0,75.0,Completion date has been revised by 62 month(s) (from 10/2021 to 12/2026). | Cost overrun of 32.1% (original Rs. 1505.85 Cr -> revised Rs. 1989.89 Cr). | Recent progress growth is stalled or negative (no measurable gain last month).
619220,Tumkur-Shimoga Pkg-III from Km 121.900 Banawara to Km 170.415 Bettadahalli of Old NH-206,NHAI,Karnataka,2026-07,62.5,HIGH,25.0,100.0,65.0,75.0,Completion date has been revised by 45 month(s) (from 03/2023 to 12/2026). | Cost overrun of 27.0% (original Rs. 1444.50 Cr -> revised Rs. 1834.81 Cr). | Recent progress growth is stalled or negative (no measurable gain last month).
619221,Realignment of Rudrapur-Kathgodam Section of NH-87 New NH-109 From Design Chainage 000 Existing Chainage Km.54050 To Design Chainage 7875 Existing Chainage Km.61550 Due To Proposed Expansion Of Pantnagar Airport in the state of Uttarakhand.,NHAI,Uttarakhand,2026-07,9.72,LOW,25.0,0.0,0.0,,Completion date has not slipped versus the original plan. | Cost is within (or close to) the originally approved budget. | Recent progress trend could not be assessed (no prior month to compare).
619222,"Balance works of four lane from km 43.950 Thiruvallur Bypass to km 61.470 Veppampattu Bypass passing through Thannerkulam, Thozur and Sevapet Bypass 17.520 kms of Tirupathi- Tiruttani- Chennai section of NH 205",NHAI,Tamil Nadu,2026-07,60.0,MEDIUM,25.0,75.0,85.0,75.0,Completion date has been revised by 23 month(s) (from 09/2024 to 08/2026). | Cost overrun of 49.5% (original Rs. 467.99 Cr -> revised Rs. 699.68 Cr). | Recent progress growth is stalled or negative (no measurable gain last month).
619223,Petro Resid Fluidized Catalytic Cracking [PRFCC] Unit and its associated facilities at Mumbai Refinery,Bharat Petroleum Corporation Limited [BPCL],Maharashtra,2026-07,20.0,LOW,50.0,0.0,0.0,25.0,Physical progress (7.2%) is 19.7 points below expected progress (26.9%). | No completion-date revision recorded (schedule risk based on original plan only). | Cost is within (or close to) the originally approved budget. | Recent progress growth is healthy (~1.10 points/month).
619224,Augmentation of DUPL-DPPL Pipeline,Gas Authority of India Limited [GAIL],Maharashtra,2026-07,31.25,MEDIUM,75.0,0.0,0.0,50.0,Physical progress (8.2%) is 31.2 points below expected progress (39.4%). | No completion-date revision recorded (schedule risk based on original plan only). | Cost is within (or close to) the originally approved budget. | Recent progress growth is low (~0.90 points/month).
619225,Installation of Compression facility at GAIL Usar,Gas Authority of India Limited [GAIL],Maharashtra,2026-07,42.5,MEDIUM,100.0,0.0,0.0,75.0,Physical progress (0.0%) is 62.5 points below expected progress (62.5%). | No completion-date revision recorded (schedule risk based on original plan only). | Cost is within (or close to) the originally approved budget. | Recent progress growth is stalled or negative (no measurable gain last month).
619226,Provision of four bitumen tanks with capacity of 5 TMT each at Visakh Refinery,Hindustan Petroleum Corporation Limited,Andhra Pradesh,2026-07,17.5,LOW,50.0,0.0,0.0,0.0,Physical progress (20.2%) is 13.1 points below expected progress (33.3%). | No completion-date revision recorded (schedule risk based on original plan only). | Cost is within (or close to) the originally approved budget. | Recent progress growth is healthy (~4.50 points/month).
619227,Network Expansion Scheme in Maharashtra for removal of Transmission constraints in Pune Region-I [765/400kV AIS Pune East],Power Grid Corporation of India Limited [POWERGRID],Maharashtra,2026-07,17.5,LOW,50.0,0.0,0.0,0.0,Physical progress (3.9%) is 12.8 points below expected progress (16.7%). | No completion-date revision recorded (schedule risk based on original plan only). | Cost is within (or close to) the originally approved budget. | Recent progress growth is healthy (~3.42 points/month).
619228,Transmission System Strengthening for integration of additional RE Potential at Davanagere [0.25 GW] and Bellary [2.75 GW],Power Grid Corporation of India Limited [POWERGRID],Karnataka,2026-07,25.0,LOW,50.0,0.0,0.0,75.0,Physical progress (1.0%) is 19.8 points below expected progress (20.8%). | No completion-date revision recorded (schedule risk based on original plan only). | Cost is within (or close to) the originally approved budget. | Recent progress growth is stalled or negative (no measurable gain last month).
619229,"Integrated development of Outer Container Terminal and berth No. 1 though 5 NSD at KDS, SMPK on DBFOT basis through PPP mode",Syama Prasad Mookerjee Port Kolkata,West Bengal,2026-06,7.5,LOW,0.0,0.0,0.0,75.0,Physical progress (0.0%) is on track or ahead of expected progress (0.0%). | No completion-date revision recorded (schedule risk based on original plan only). | Cost is within (or close to) the originally approved budget. | Recent progress growth is stalled or negative (no measurable gain last month).
619248,"lmprovement and Widening to 2-lane with Paved Shoulder of NH-13 & 15 Old NH-52 from Existing Km 745.60 Design Km 0.000 to Existing km 770.600 Design Km 24.819 Brahmakund T-junction to Kamlang T-Junction, Existing Length 25.00 Km, Design Length 24.819 Km in the state of Arunachal Pradesh on EPC mode Pkg-1",NHIDCL,Arunachal Pradesh,2026-07,0.0,LOW,0.0,0.0,0.0,0.0,Physical progress (14.7%) is on track or ahead of expected progress (4.2%). | Completion date has not slipped versus the original plan. | Cost is within (or close to) the originally approved budget. | Recent progress growth is healthy (~14.69 points/month).
619251,Construction of two lane with paved shoulder of Ghatol Bypass from km 133.250 to km 140.950 of NH-56 old NH No. 113 on EPC mode in the State of Rajasthan.,MoRTH,Rajasthan,2026-07,8.75,LOW,25.0,0.0,0.0,0.0,No completion-date revision recorded (schedule risk based on original plan only). | Cost is within (or close to) the originally approved budget. | Recent progress growth is healthy (~6.00 points/month).
619253,Construction of 4 lane Bypass to Nalgonda Town lrorn Km 000 Existing Ch. 181590 to Km 14.00 Existing Ch. 28/685 ol Nakrekal to Nagarjunsagar Section of NH -565 in the State of Telangara on EPC under Annual Plan 2024 -25,MoRTH,Telangana,2026-07,0.0,LOW,0.0,0.0,0.0,0.0,Physical progress (55.6%) is on track or ahead of expected progress (37.5%). | Completion date has not slipped versus the original plan. | Cost is within (or close to) the originally approved budget. | Recent progress growth is healthy (~6.28 points/month).
619265,Rehabilitation & Upgradation of Thorrur to Nehru Nagar section to Two Lane with Paved shoulders from Km 109/420 to Km 178/500 of NH 930P in the state of Telangana on EPC mode under Annual Plan 2022-2023,MoRTH,Telangana,2026-07,0.0,LOW,0.0,0.0,0.0,,Physical progress (0.0%) is on track or ahead of expected progress (0.0%). | Completion date has not slipped versus the original plan. | Cost is within (or close to) the originally approved budget. | Recent progress trend could not be assessed (no prior month to compare).
619270,"Upgradation of 6 laned Jaipur- Kishangarh section of NH-48 from km 274100 to 363885 involving construction of flyovers and Service road in Rajasthan On Engineering, Procurement & Construction EPC Mode",NHAI,Rajasthan,2026-07,7.5,LOW,0.0,0.0,0.0,75.0,Physical progress (0.0%) is on track or ahead of expected progress (0.0%). | Completion date has not slipped versus the original plan. | Cost is within (or close to) the originally approved budget. | Recent progress growth is stalled or negative (no measurable gain last month).
619271,Construction of Elevated Corridor at Kherwara Town on Udaipur Ratanpur Shamlaji Section of NH-48 in Udaipur District in the State of Rajasthan on EPC mode,NHAI,Rajasthan,2026-07,7.5,LOW,0.0,0.0,0.0,75.0,Physical progress (0.0%) is on track or ahead of expected progress (0.0%). | Completion date has not slipped versus the original plan. | Cost is within (or close to) the originally approved budget. | Recent progress growth is stalled or negative (no measurable gain last month).
619289,4L of Munger Mirzachauki section from Munger to Kharia village junction from Km 69520 to Km 95580 Pkg-1,NHAI,Bihar,2026-07,60.0,MEDIUM,50.0,100.0,20.0,75.0,Physical progress (82.7%) is 17.3 points below expected progress (100.0%). | Completion date has been revised by 31 month(s) (from 03/2024 to 10/2026). | Cost is within (or close to) the originally approved budget. | Recent progress growth is stalled or negative (no measurable gain last month).
619291,4L Poanta SahebMednipur from Km. 435.65 to km. 458.65 of NH-07Pkg-1,NHAI,"Multi-States (Himachal Pradesh, Uttarakhand)",2026-06,55.0,MEDIUM,25.0,75.0,65.0,75.0,Completion date has been revised by 14 month(s) (from 05/2025 to 07/2026). | Cost overrun of 25.3% (original Rs. 524.54 Cr -> revised Rs. 657.32 Cr). | Recent progress growth is stalled or negative (no measurable gain last month).
619292,4L Medinipur to Ballupur from Km. 458.65 to Km. 487.65 of NH-07Pkg-2,NHAI,Uttarakhand,2026-07,38.75,MEDIUM,25.0,75.0,0.0,75.0,Completion date has been revised by 18 month(s) (from 02/2025 to 08/2026). | Cost is within (or close to) the originally approved budget. | Recent progress growth is stalled or negative (no measurable gain last month).
619293,Construction of 4 Lane Access Controlled Bypass for Dehradun on NH307 from Design Chainage km 0050 Jhajra on NH-07 to Design Chainage km 12220 Asharori on EPC Mode in the State of Uttarakhand under NHO,NHAI,Uttarakhand,2026-07,0.0,LOW,0.0,0.0,0.0,0.0,Physical progress (62.8%) is on track or ahead of expected progress (62.5%). | Completion date has not slipped versus the original plan. | Cost is within (or close to) the originally approved budget. | Recent progress growth is healthy (~4.70 points/month).
619294,Road Safety Improvement of existing four lane section of Dehradun-Lal Tappar-Nepali Farm Section of NH-7 and Nepali Farm-Motichur NH-34 on EPC Mode in Uttarakhand under NHO.,NHAI,Uttarakhand,2026-07,22.5,LOW,50.0,0.0,0.0,50.0,Physical progress (5.1%) is 11.5 points below expected progress (16.7%). | Completion date has not slipped versus the original plan. | Cost is within (or close to) the originally approved budget. | Recent progress growth is low (~0.11 points/month).
619295,Four/Six laning of Bhaniyawala-Jollygrant-Rishikesh spur section of NH-07 from Km. 0.000 to Km 19.780,NHAI,Uttarakhand,2026-07,33.75,MEDIUM,75.0,0.0,0.0,75.0,Physical progress (0.0%) is 30.4 points below expected progress (30.4%). | Completion date has not slipped versus the original plan. | Cost is within (or close to) the originally approved budget. | Recent progress growth is stalled or negative (no measurable gain last month).
619297,Upgradation of Existing Two Lane Carriageway to Two Lane Carriageway with Paved Shoulder from Ch. 665686 Existing Km. 665.686 in Khanpur Village in Vansda Taluka to Ch. 710470 Existing Km. 710.483 in Karvad Village in Vapi Taluka Length 44.784 Km Section of NH-56 in the State of Gujarat on EPC Mode,NHAI,Gujarat,2026-07,0.0,LOW,0.0,0.0,0.0,,Physical progress (0.0%) is on track or ahead of expected progress (0.0%). | Completion date has not slipped versus the original plan. | Cost is within (or close to) the originally approved budget. | Recent progress trend could not be assessed (no prior month to compare).
619298,Construction of 6 Lane Elevated corridor from KM 612582 to KM 617540 including construction of Service Roads in Kolhapur City on NH -48 in the State of Maharashtra on EPC mode under NHO,NHAI,Maharashtra,2026-07,16.25,LOW,25.0,0.0,0.0,75.0,Completion date has not slipped versus the original plan. | Cost is within (or close to) the originally approved budget. | Recent progress growth is stalled or negative (no measurable gain last month).
619299,Construction of a 6-Lane Elevated Corridor from Km 593766 to Km 596620 Including Construction of Service Roads in Kagal City on NH-48 in the State of Maharashtra on EPC Mode.,NHAI,Maharashtra,2026-07,16.25,LOW,25.0,0.0,0.0,75.0,Completion date has not slipped versus the original plan. | Cost is within (or close to) the originally approved budget. | Recent progress growth is stalled or negative (no measurable gain last month).
619300,Construction of Four Lane Nagpur-Katol section of NH-353J including Mitigation Structures from Design Ch. 37000 to Ch. 45990 Tiger Corridor-I Mitigation Structures from Design Ch. 37000 to Ch. 45990 Tiger Corridor-I in the State of Maharashtra on EPC Mode,NHAI,Maharashtra,2026-07,16.25,LOW,25.0,0.0,0.0,75.0,Completion date has not slipped versus the original plan. | Cost is within (or close to) the originally approved budget. | Recent progress growth is stalled or negative (no measurable gain last month).
619301,Construction of Approach Road to Rail-cum- Road Bridge across river Ganga at Munger Ghat NH-333 B,NHAI,Bihar,2026-07,62.5,HIGH,25.0,100.0,65.0,75.0,Completion date has been revised by 63 month(s) (from 05/2021 to 08/2026). | Cost overrun of 17.9% (original Rs. 537.88 Cr -> revised Rs. 633.91 Cr). | Recent progress growth is stalled or negative (no measurable gain last month).
619305,4L of Munger Mirzachauki section from start of existing Bhagalpur bypass to Rasulpur from Km 125000 to Km 157350 Pkg-3,NHAI,Bihar,2026-07,65.0,HIGH,50.0,100.0,40.0,75.0,Physical progress (77.3%) is 22.7 points below expected progress (100.0%). | Completion date has been revised by 32 month(s) (from 04/2024 to 12/2026). | Cost overrun of 14.4% (original Rs. 1769.50 Cr -> revised Rs. 2024.59 Cr). | Recent progress growth is stalled or negative (no measurable gain last month).
619306,4L of Munger Mirzachauki section from Km 95580 to Km 125000 Pkg-2,NHAI,Bihar,2026-07,60.0,MEDIUM,25.0,100.0,65.0,50.0,Completion date has been revised by 29 month(s) (from 03/2024 to 08/2026). | Cost overrun of 21.0% (original Rs. 1020.84 Cr -> revised Rs. 1235.65 Cr). | Recent progress growth is low (~0.59 points/month).
619307,4L of Munger Mirzachauki section from Km 157350 to Km 193931 Pkg-4,NHAI,"Multi-States (Bihar, Jharkhand)",2026-07,46.25,MEDIUM,25.0,75.0,40.0,50.0,Completion date has been revised by 24 month(s) (from 08/2024 to 08/2026). | Cost overrun of 7.6% (original Rs. 1376.56 Cr -> revised Rs. 1481.58 Cr). | Recent progress growth is low (~0.74 points/month).
619308,6L access-controlled highway from Ganeshpur tonear Mohand of Ganeshpur Dehradun section from Km.0 to Km.8.3 of NH-72A Package-1,NHAI,Uttar Pradesh,2026-07,46.25,MEDIUM,25.0,100.0,0.0,75.0,Completion date has been revised by 34 month(s) (from 10/2023 to 08/2026). | Cost is within (or close to) the originally approved budget. | Recent progress growth is stalled or negative (no measurable gain last month).
619311,Kalai-II Hydro Electric Project [1200 MW],THDC India Limited,Arunachal Pradesh,2026-07,16.25,LOW,25.0,0.0,0.0,75.0,No completion-date revision recorded (schedule risk based on original plan only). | Cost is within (or close to) the originally approved budget. | Recent progress growth is stalled or negative (no measurable gain last month).
619312,Bulk Loading Hub- Kanpur,Bharat Petroleum Corporation Limited [BPCL],Uttar Pradesh,2026-07,0.0,LOW,0.0,0.0,0.0,0.0,Physical progress (62.5%) is on track or ahead of expected progress (41.7%). | No completion-date revision recorded (schedule risk based on original plan only). | Cost is within (or close to) the originally approved budget. | Recent progress growth is healthy (~2.50 points/month).
619313,Setting up of 50 MW [plus/minus 5 percent] Wind Power Plant for Captive Consumption at MR,Bharat Petroleum Corporation Limited [BPCL],Maharashtra,2026-07,8.75,LOW,25.0,0.0,0.0,0.0,No completion-date revision recorded (schedule risk based on original plan only). | Cost is within (or close to) the originally approved budget. | Recent progress growth is healthy (~12.00 points/month).
619314,Pipeline Replacement Project- PRP-IX,Oil and Natural Gas Corporation Limited [ONGC],Offshore,2026-07,26.25,LOW,75.0,0.0,0.0,0.0,Physical progress (23.5%) is 28.9 points below expected progress (52.4%). | No completion-date revision recorded (schedule risk based on original plan only). | Cost is within (or close to) the originally approved budget. | Recent progress growth is healthy (~2.30 points/month).
619316,"Group Gathering Station, Lakwagaon",Oil India Limited,Assam,2026-07,33.75,MEDIUM,75.0,0.0,0.0,75.0,Physical progress (7.8%) is 29.7 points below expected progress (37.5%). | No completion-date revision recorded (schedule risk based on original plan only). | Cost is within (or close to) the originally approved budget. | Recent progress growth is stalled or negative (no measurable gain last month).
619317,4L of Hajipur-Muzaffarpur Section of the existing NH-77 from Km. 0000 Ramashish Chowk to Km. 46300 and new bypass starting at Km. 46300 and connecting NH-28 of E-W Corridor at Km. 515045,NHAI,Bihar,2026-07,56.25,MEDIUM,25.0,100.0,40.0,75.0,Completion date has been revised by 163 month(s) (from 02/2013 to 09/2026). | Cost overrun of 6.7% (original Rs. 2723.39 Cr -> revised Rs. 2906.78 Cr). | Recent progress growth is stalled or negative (no measurable gain last month).
619318,4/6L Greenfield Ludhiana Rupnagar highway from Jn. with NE-5 village near to ManewalLudhiana to Jn. with NH-205 near Bheora Village Rupnagar from Km. 0.00 to Km. 37.7 including spur to Kharar with Ludhiana bypass of NH-205K Pkg-1,NHAI,Punjab,2026-07,77.5,HIGH,100.0,100.0,20.0,75.0,Physical progress (15.3%) is 84.7 points below expected progress (100.0%). | Completion date has been revised by 36 month(s) (from 12/2024 to 12/2027). | Cost is within (or close to) the originally approved budget. | Recent progress growth is stalled or negative (no measurable gain last month).
619320,Muzaffarpur - Sonbarsa Section of NH-77 from km 2.800 to km 89.000,NHAI,Bihar,2026-05,42.5,MEDIUM,0.0,100.0,20.0,75.0,Physical progress (100.0%) is on track or ahead of expected progress (100.0%). | Completion date has been revised by 151 month(s) (from 11/2013 to 06/2026). | Cost is within (or close to) the originally approved budget. | Recent progress growth is stalled or negative (no measurable gain last month).
619321,Balance work of widening to two laning/re-alignment and geometric improvement from Km. 11000 to Km. 114618 with rectification of damaged stretches and provision of protection works in vulnerable location of NH-44 in the State of Mizoram.,MoRTH,Mizoram,2026-07,16.25,LOW,25.0,0.0,0.0,75.0,No completion-date revision recorded (schedule risk based on original plan only). | Cost is within (or close to) the originally approved budget. | Recent progress growth is stalled or negative (no measurable gain last month).
619326,Nidadavolu-Duvvada 3rd & 4th Lines,South Central Railway [SCR] - II,Andhra Pradesh,2026-06,16.25,LOW,25.0,0.0,0.0,75.0,No completion-date revision recorded (schedule risk based on original plan only). | Cost is within (or close to) the originally approved budget. | Recent progress growth is stalled or negative (no measurable gain last month).
619328,ONGC-BP Redevelopment Phase-1 Scheme of Mumbai High Field,Oil and Natural Gas Corporation Limited [ONGC],Maharashtra,2026-07,10.0,LOW,0.0,0.0,40.0,0.0,Physical progress (56.3%) is on track or ahead of expected progress (50.0%). | No completion-date revision recorded (schedule risk based on original plan only). | Cost overrun of 5.2% (original Rs. 3713.40 Cr -> revised Rs. 3908.00 Cr). | Recent progress growth is healthy (~3.10 points/month).
619341,"Telangana Super Thermal Power Project , Stage-II [3 x 800 MW]",National Thermal Power Corporation [NTPC],Telangana,2026-07,13.75,LOW,25.0,0.0,0.0,50.0,No completion-date revision recorded (schedule risk based on original plan only). | Cost is within (or close to) the originally approved budget. | Recent progress growth is low (~0.19 points/month).
619347,Balance Work Estimate of Rehabilitation and Up-gradation of NH- 43 from Km. 468.600 to Km. 531.250 Pathalgaon to kunkuri Section to two-lane with paved shoulder in the State of Chhattisgarh on SBD mode under NHO under Annual plan 2025-26,MoRTH,Chhattisgarh,2026-07,16.25,LOW,25.0,0.0,0.0,75.0,No completion-date revision recorded (schedule risk based on original plan only). | Cost is within (or close to) the originally approved budget. | Recent progress growth is stalled or negative (no measurable gain last month).
635651,"New Product Testing Laboratory for NPM, SPP & NHSM at RSP",Steel Authority of India Limited (SAIL),Odisha,2026-07,0.0,LOW,0.0,0.0,0.0,,Physical progress (71.8%) is on track or ahead of expected progress (48.0%). | No completion-date revision recorded (schedule risk based on original plan only). | Cost is within (or close to) the originally approved budget. | Recent progress trend could not be assessed (no prior month to compare).
660056,Amended BharatNet Program - KL,Department of Telecommunications,PAN India,2026-07,29.17,LOW,75.0,0.0,0.0,,Physical progress (1.6%) is 34.5 points below expected progress (36.1%). | No completion-date revision recorded (schedule risk based on original plan only). | Cost is within (or close to) the originally approved budget. | Recent progress trend could not be assessed (no prior month to compare).
665021,Amended BharatNet Program - UKD,Department of Telecommunications,PAN India,2026-07,19.44,LOW,50.0,0.0,0.0,,Physical progress (20.5%) is 18.4 points below expected progress (38.9%). | No completion-date revision recorded (schedule risk based on original plan only). | Cost is within (or close to) the originally approved budget. | Recent progress trend could not be assessed (no prior month to compare).
701101,"Construction of New Domestic Terminal Building [Phase-I and II] and other allied structures at JPNI Airport, Patna",Airport Authority of India [AAI],Bihar,2026-07,22.75,LOW,25.0,30.0,0.0,50.0,Completion date has been revised by 3 month(s) (from 05/2026 to 08/2026). | Cost is within (or close to) the originally approved budget. | Recent progress growth is low (~0.07 points/month).
701105,Goa Airport Terminal Building Extension Project,Airport Authority of India [AAI],Goa,2026-05,37.5,MEDIUM,0.0,100.0,0.0,75.0,Physical progress (100.0%) is on track or ahead of expected progress (100.0%). | Completion date has been revised by 52 month(s) (from 12/2021 to 04/2026). | Cost is within (or close to) the originally approved budget. | Recent progress growth is stalled or negative (no measurable gain last month).
701107,Construction of New Integrated Terminal Building and associated works including apron to park 3 code E type of aircraft or 6 code C type of aircraft at Vijayawada Airport.,Airport Authority of India [AAI],Andhra Pradesh,2026-07,71.25,HIGH,50.0,100.0,85.0,25.0,Physical progress (89.7%) is 10.3 points below expected progress (100.0%). | Completion date has been revised by 50 month(s) (from 09/2022 to 11/2026). | Cost overrun of 34.7% (original Rs. 611.80 Cr -> revised Rs. 824.28 Cr). | Recent progress growth is healthy (~1.45 points/month).
701113,"Development of Lal Bahadur Shastri International airport, Varanasi including C/o New Terminal Building, Apron Extension, Runway Extension, PTT and allied works.",Airport Authority of India [AAI],Uttar Pradesh,2026-07,26.25,LOW,75.0,0.0,0.0,0.0,Physical progress (33.0%) is 33.7 points below expected progress (66.7%). | Completion date has not slipped versus the original plan. | Cost is within (or close to) the originally approved budget. | Recent progress growth is healthy (~2.00 points/month).
701121,Construction of New Domestic Terminal Building at Rajahmundry Airport.,Airport Authority of India [AAI],Andhra Pradesh,2026-07,26.25,LOW,25.0,50.0,0.0,25.0,Completion date has been revised by 12 month(s) (from 08/2025 to 08/2026). | Cost is within (or close to) the originally approved budget. | Recent progress growth is healthy (~1.50 points/month).
701122,Development of New Integrated Civil Enclave at Agra Airport,Airport Authority of India [AAI],Uttar Pradesh,2026-07,46.5,MEDIUM,100.0,30.0,0.0,25.0,Physical progress (44.9%) is 55.1 points below expected progress (100.0%). | Completion date has been revised by 4 month(s) (from 07/2026 to 11/2026). | Cost is within (or close to) the originally approved budget. | Recent progress growth is healthy (~1.72 points/month).
701126,"Development of Dholera International Greenfield Airport , Gujarat",Airport Authority of India [AAI],Gujarat,2026-07,45.25,MEDIUM,50.0,30.0,65.0,25.0,Physical progress (88.0%) is 12.0 points below expected progress (100.0%). | Completion date has been revised by 3 month(s) (from 06/2026 to 09/2026). | Cost overrun of 18.9% (original Rs. 1305.00 Cr -> revised Rs. 1551.00 Cr). | Recent progress growth is healthy (~1.00 points/month).
701127,Construction of New Passenger Terminal Building for Domestic Operations at Jodhpur Airport.,Airport Authority of India [AAI],Rajasthan,2026-07,16.5,LOW,0.0,30.0,0.0,75.0,Physical progress (100.0%) is on track or ahead of expected progress (100.0%). | Completion date has been revised by 3 month(s) (from 03/2026 to 06/2026). | Cost is within (or close to) the originally approved budget. | Recent progress growth is stalled or negative (no measurable gain last month).
701128,Construction of New Integrated Passenger Terminal Building at Udaipur Airport,Airport Authority of India [AAI],Rajasthan,2026-07,26.5,LOW,50.0,30.0,0.0,0.0,Physical progress (78.7%) is 21.3 points below expected progress (100.0%). | Completion date has been revised by 6 month(s) (from 03/2026 to 09/2026). | Cost is within (or close to) the originally approved budget. | Recent progress growth is healthy (~4.00 points/month).
701167,AIIMS Kashmir at Awantipora Jammu & Kashmir,PMSSY AND Institute of NATIONAL Importance,Jammu and Kashmir,2026-07,56.25,MEDIUM,50.0,50.0,85.0,25.0,Physical progress (79.0%) is 21.0 points below expected progress (100.0%). | Completion date has been revised by 12 month(s) (from 12/2025 to 12/2026). | Cost overrun of 40.6% (original Rs. 1828.00 Cr -> revised Rs. 2570.19 Cr). | Recent progress growth is healthy (~1.00 points/month).
701168,ALL India Institute of Medical Sciences-AIIMS Madurai,PMSSY AND Institute of NATIONAL Importance,Tamil Nadu,2026-07,77.5,HIGH,75.0,100.0,85.0,0.0,Physical progress (54.0%) is 46.0 points below expected progress (100.0%). | Completion date has been revised by 50 month(s) (from 08/2022 to 10/2026). | Cost overrun of 59.9% (original Rs. 1264.00 Cr -> revised Rs. 2021.51 Cr). | Recent progress growth is healthy (~2.00 points/month).
701170,AIIMS Rajkot,PMSSY AND Institute of NATIONAL Importance,Gujarat,2026-07,28.75,LOW,25.0,50.0,0.0,50.0,Completion date has been revised by 9 month(s) (from 03/2026 to 12/2026). | Cost is within (or close to) the originally approved budget. | Recent progress growth is low (~0.15 points/month).
701171,AIIMS Bibinagar,PMSSY AND Institute of NATIONAL Importance,Telangana,2026-07,52.75,MEDIUM,50.0,30.0,85.0,50.0,Physical progress (87.6%) is 12.4 points below expected progress (100.0%). | Completion date has been revised by 6 month(s) (from 06/2026 to 12/2026). | Cost overrun of 32.9% (original Rs. 1028.00 Cr -> revised Rs. 1365.95 Cr). | Recent progress growth is low (~0.26 points/month).
701172,AIIMS Darbhanga,PMSSY AND Institute of NATIONAL Importance,Bihar,2026-07,37.5,MEDIUM,100.0,0.0,0.0,25.0,Physical progress (1.1%) is 64.9 points below expected progress (66.0%). | No completion-date revision recorded (schedule risk based on original plan only). | Cost is within (or close to) the originally approved budget. | Recent progress growth is healthy (~1.12 points/month).
701173,AIIMS Majra Rewari Haryana,Ministry of Health and Family Welfare,Haryana,2026-07,42.5,MEDIUM,75.0,0.0,65.0,0.0,Physical progress (67.5%) is 27.2 points below expected progress (94.7%). | Completion date has not slipped versus the original plan. | Cost overrun of 26.8% (original Rs. 1299.00 Cr -> revised Rs. 1646.43 Cr). | Recent progress growth is healthy (~2.60 points/month).
701228,Kochi - Koottanad - Bangalore - Mangalore Pipeline Phase-II,Gas Authority of India Limited [GAIL],Tamil Nadu,2026-07,68.75,HIGH,25.0,100.0,100.0,50.0,Completion date has been revised by 165 month(s) (from 12/2012 to 09/2026). | Cost overrun of 102.7% (original Rs. 2915.00 Cr -> revised Rs. 5909.00 Cr). | Recent progress growth is low (~0.40 points/month).
701263,Rajasthan Refinery Project,MinistryofPetroleumNaturalGas,Rajasthan,2026-05,68.75,HIGH,25.0,100.0,100.0,50.0,Completion date has been revised by 44 month(s) (from 10/2022 to 06/2026). | Cost overrun of 84.2% (original Rs. 43129.00 Cr -> revised Rs. 79459.00 Cr). | Recent progress growth is low (~0.20 points/month).
701289,Capacity Expansion of Panipat Refinery from 15 to 25 MMTPA,Indian Oil Corporation Limited [IOCL],Haryana,2026-07,48.75,MEDIUM,25.0,100.0,20.0,50.0,Completion date has been revised by 27 month(s) (from 09/2024 to 12/2026). | Cost is within (or close to) the originally approved budget. | Recent progress growth is low (~0.30 points/month).
701324,Barauni Refinery Capacity Expansion from 6.0 to 9.0 MMTPA,Indian Oil Corporation Limited [IOCL],Bihar,2026-07,53.75,MEDIUM,25.0,100.0,40.0,50.0,Completion date has been revised by 44 month(s) (from 04/2023 to 12/2026). | Cost overrun of 12.9% (original Rs. 14810.00 Cr -> revised Rs. 16724.00 Cr). | Recent progress growth is low (~0.20 points/month).
701329,Petrochemical and Lube Integration Project at Gujarat Refinery,Indian Oil Corporation Limited [IOCL],Gujarat,2026-07,52.5,MEDIUM,50.0,100.0,0.0,50.0,Physical progress (89.6%) is 10.4 points below expected progress (100.0%). | Completion date has been revised by 27 month(s) (from 08/2024 to 11/2026). | Cost is within (or close to) the originally approved budget. | Recent progress growth is low (~0.40 points/month).
701330,Mehsana-Bhatinda & Bhatinda-Jammu Natural Gas Pipeline,Indian Oil Corporation Limited [IOCL],Rajasthan,2026-07,16.25,LOW,25.0,0.0,0.0,75.0,No completion-date revision recorded (schedule risk based on original plan only). | Cost is within (or close to) the originally approved budget. | Recent progress growth is stalled or negative (no measurable gain last month).
701338,City Gas Distribution Maharashtra Natural Gas Limited,Gas Authority of India Limited [GAIL],Karnataka,2026-07,33.75,MEDIUM,75.0,0.0,0.0,75.0,Physical progress (47.0%) is 33.7 points below expected progress (80.7%). | No completion-date revision recorded (schedule risk based on original plan only). | Cost is within (or close to) the originally approved budget. | Recent progress growth is stalled or negative (no measurable gain last month).
701343,Srikakulam Angul Gas Pipeline Project,Ministry of Petroleum & Natural Gas,"Multi-States (Andhra Pradesh, Odisha)",2026-06,53.75,MEDIUM,25.0,100.0,40.0,50.0,Completion date has been revised by 47 month(s) (from 07/2022 to 06/2026). | Cost overrun of 5.7% (original Rs. 2658.34 Cr -> revised Rs. 2810.00 Cr). | Recent progress growth is low (~0.30 points/month).
701344,Dhamra Haldia Pipeline Project,Gas Authority of India Limited [GAIL],West Bengal,2026-07,53.75,MEDIUM,25.0,100.0,40.0,50.0,Completion date has been revised by 46 month(s) (from 11/2022 to 09/2026). | Cost overrun of 9.2% (original Rs. 1030.65 Cr -> revised Rs. 1125.00 Cr). | Recent progress growth is low (~0.10 points/month).
701346,North East Gas Grid,Indradhanush Gas Grid Limited,Tripura,2026-07,52.5,MEDIUM,50.0,100.0,0.0,50.0,Physical progress (88.2%) is 11.8 points below expected progress (100.0%). | Completion date has been revised by 48 month(s) (from 03/2024 to 03/2028). | Cost is within (or close to) the originally approved budget. | Recent progress growth is low (~0.20 points/month).
701349,Paradip-Numaligarh Crude Oil Pipeline [PNCPL] & Crude Oil Import Terminal [COIT] at Paradip,Numaligarh Refinery Limited,West Bengal,2026-07,60.0,MEDIUM,25.0,100.0,65.0,50.0,Completion date has been revised by 27 month(s) (from 07/2024 to 10/2026). | Cost overrun of 21.3% (original Rs. 10228.00 Cr -> revised Rs. 12407.00 Cr). | Recent progress growth is low (~0.30 points/month).
701354,Mumbai Nagpur Jharsuguda Pipeline Project,Ministry of Petroleum & Natural Gas,"Multi-States (Chhattisgarh, Madhya Pradesh, Maharashtra, Odisha)",2026-04,54.17,MEDIUM,25.0,100.0,40.0,,Completion date has been revised by 37 month(s) (from 05/2023 to 06/2026). | Cost overrun of 5.2% (original Rs. 7844.25 Cr -> revised Rs. 8255.00 Cr). | Recent progress trend could not be assessed (no prior month to compare).
701370,Borolia Irrigation Project,"Department of Water Resources, River Development & GR",Assam,2026-07,63.75,HIGH,75.0,100.0,0.0,75.0,Physical progress (55.4%) is 44.6 points below expected progress (100.0%). | Completion date has been revised by 39 month(s) (from 12/2022 to 03/2026). | Cost is within (or close to) the originally approved budget. | Recent progress growth is stalled or negative (no measurable gain last month).
701372,Sardar Sarovar Project,"Narmada and Water Resources, Water Supply and Kalpsar Department-GJ",Gujarat,2026-07,71.25,HIGH,25.0,100.0,100.0,75.0,Completion date has been revised by 75 month(s) (from 12/2019 to 03/2026). | Cost overrun of 61.3% (original Rs. 20718.17 Cr -> revised Rs. 33412.50 Cr). | Recent progress growth is stalled or negative (no measurable gain last month).
701376,"Subernarekha Multipurpose Project, Jharkhand",Department of Water Resources-JH,Jharkhand,2026-07,88.75,HIGH,75.0,100.0,100.0,75.0,Physical progress (70.0%) is 30.0 points below expected progress (100.0%). | Completion date has been revised by 75 month(s) (from 12/2019 to 03/2026). | Cost overrun of 151.6% (original Rs. 3807.77 Cr -> revised Rs. 9579.58 Cr). | Recent progress growth is stalled or negative (no measurable gain last month).
701377,Upper Tunga Irrigation Project,Water Resources-KA,Karnataka,2026-07,71.25,HIGH,25.0,100.0,100.0,75.0,Completion date has been revised by 75 month(s) (from 12/2019 to 03/2026). | Cost overrun of 108.5% (original Rs. 770.16 Cr -> revised Rs. 1606.07 Cr). | Recent progress growth is stalled or negative (no measurable gain last month).
701383,Waghur Project,Department of water resources-MH - II,Maharashtra,2026-07,80.0,HIGH,50.0,100.0,100.0,75.0,Physical progress (89.6%) is 10.4 points below expected progress (100.0%). | Completion date has been revised by 75 month(s) (from 12/2019 to 03/2026). | Cost overrun of 66.1% (original Rs. 1058.99 Cr -> revised Rs. 1758.51 Cr). | Recent progress growth is stalled or negative (no measurable gain last month).
701386,Gosikhurd Project,Department of water resources-MH - II,Maharashtra,2026-07,88.75,HIGH,75.0,100.0,100.0,75.0,Physical progress (72.7%) is 27.4 points below expected progress (100.0%). | Completion date has been revised by 102 month(s) (from 12/2019 to 06/2028). | Cost overrun of 77.5% (original Rs. 7196.47 Cr -> revised Rs. 12770.10 Cr). | Recent progress growth is stalled or negative (no measurable gain last month).
701391,Aruna Medium Irrigation Project,Department of water resources-MH - II,Maharashtra,2026-07,62.5,HIGH,0.0,100.0,100.0,75.0,Physical progress (100.0%) is on track or ahead of expected progress (100.0%). | Completion date has been revised by 78 month(s) (from 12/2019 to 06/2026). | Cost overrun of 599.5% (original Rs. 210.45 Cr -> revised Rs. 1472.14 Cr). | Recent progress growth is stalled or negative (no measurable gain last month).
701395,Morna [Gureghar] Irrigation Project,"Department of Water Resources, River Development & GR",Uttar Pradesh,2026-06,42.5,MEDIUM,100.0,0.0,0.0,75.0,Physical progress (31.5%) is 68.5 points below expected progress (100.0%). | No completion-date revision recorded (schedule risk based on original plan only). | Cost is within (or close to) the originally approved budget. | Recent progress growth is stalled or negative (no measurable gain last month).
701396,Lower Pedhi Project,Department of water resources-MH - II,Maharashtra,2026-07,88.75,HIGH,75.0,100.0,100.0,75.0,Physical progress (65.0%) is 35.0 points below expected progress (100.0%). | Completion date has been revised by 78 month(s) (from 12/2019 to 06/2026). | Cost overrun of 478.5% (original Rs. 255.97 Cr -> revised Rs. 1480.70 Cr). | Recent progress growth is stalled or negative (no measurable gain last month).
701398,Nardave Medium Irrigation Project,Department of water resources-MH - II,Maharashtra,2026-07,75.0,HIGH,50.0,100.0,100.0,25.0,Physical progress (75.0%) is 25.0 points below expected progress (100.0%). | Completion date has been revised by 78 month(s) (from 12/2019 to 06/2026). | Cost overrun of 269.7% (original Rs. 211.46 Cr -> revised Rs. 781.85 Cr). | Recent progress growth is healthy (~1.00 points/month).
701399,Kudali Irrigation Project,"Department of Water Resources, River Development & GR",Chhattisgarh,2026-07,34.0,MEDIUM,50.0,30.0,0.0,75.0,Physical progress (86.3%) is 13.7 points below expected progress (100.0%). | Completion date has been revised by 3 month(s) (from 12/2025 to 03/2026). | Cost is within (or close to) the originally approved budget. | Recent progress growth is stalled or negative (no measurable gain last month).
701400,Thoubal Multipurpose Project,Water Resources Department-MN,Manipur,2026-07,62.5,HIGH,25.0,100.0,65.0,75.0,Completion date has been revised by 84 month(s) (from 12/2019 to 12/2026). | Cost overrun of 25.7% (original Rs. 1449.44 Cr -> revised Rs. 1822.24 Cr). | Recent progress growth is stalled or negative (no measurable gain last month).
701402,"Subernarekha Project, Odisha","Department of Water Resources, River Development & GR",Odisha,2026-07,71.25,HIGH,25.0,100.0,100.0,75.0,Completion date has been revised by 75 month(s) (from 12/2019 to 03/2026). | Cost overrun of 129.8% (original Rs. 3055.88 Cr -> revised Rs. 7023.19 Cr). | Recent progress growth is stalled or negative (no measurable gain last month).
701404,Kanupur Irrigation Project,Irrigation and CAD-TG,Odisha,2026-07,80.0,HIGH,50.0,100.0,100.0,75.0,Physical progress (79.5%) is 20.5 points below expected progress (100.0%). | Completion date has been revised by 78 month(s) (from 12/2019 to 06/2026). | Cost overrun of 132.6% (original Rs. 989.43 Cr -> revised Rs. 2301.28 Cr). | Recent progress growth is stalled or negative (no measurable gain last month).
701405,J. Chokka Rao Devadula Lift Irrigation Scheme,Irrigation and CAD-TG,Telangana,2026-07,80.0,HIGH,50.0,100.0,100.0,75.0,Physical progress (87.7%) is 12.3 points below expected progress (100.0%). | Completion date has been revised by 72 month(s) (from 12/2019 to 12/2025). | Cost overrun of 79.6% (original Rs. 8200.71 Cr -> revised Rs. 14730.00 Cr). | Recent progress growth is stalled or negative (no measurable gain last month).
701406,Rajiv Bhima Lift Irrigation Scheme,Irrigation and CAD-TG,Telangana,2026-06,62.5,HIGH,0.0,100.0,100.0,75.0,Physical progress (100.0%) is on track or ahead of expected progress (100.0%). | Completion date has been revised by 75 month(s) (from 12/2019 to 03/2026). | Cost overrun of 79.0% (original Rs. 1402.00 Cr -> revised Rs. 2509.66 Cr). | Recent progress growth is stalled or negative (no measurable gain last month).
701408,Madhya Ganga canal Phase-II,Irrigation & Water Resources-UP,Uttar Pradesh,2026-07,80.0,HIGH,50.0,100.0,100.0,75.0,Physical progress (82.4%) is 17.6 points below expected progress (100.0%). | Completion date has been revised by 72 month(s) (from 12/2019 to 12/2025). | Cost overrun of 316.4% (original Rs. 1060.67 Cr -> revised Rs. 4417.21 Cr). | Recent progress growth is stalled or negative (no measurable gain last month).
701410,Relining of Rajasthan feeder and Sirhind Feeder canal,Department of Water Resources-PB,Punjab,2026-07,71.25,HIGH,25.0,100.0,100.0,75.0,Completion date has been revised by 60 month(s) (from 06/2021 to 06/2026). | Cost overrun of 70.8% (original Rs. 1441.26 Cr -> revised Rs. 2462.16 Cr). | Recent progress growth is stalled or negative (no measurable gain last month).
701411,Shahpur Kandi Dam Project,Department of Water Resources-PB,Punjab,2026-07,71.25,HIGH,50.0,100.0,65.0,75.0,Physical progress (88.0%) is 12.0 points below expected progress (100.0%). | Completion date has been revised by 48 month(s) (from 06/2022 to 06/2026). | Cost overrun of 18.8% (original Rs. 2285.81 Cr -> revised Rs. 2715.70 Cr). | Recent progress growth is stalled or negative (no measurable gain last month).
701412,North Koel Reservoir Project,"Department of Water Resources, River Development & GR","Multi-States (Bihar, Jharkhand)",2026-07,86.25,HIGH,100.0,100.0,85.0,0.0,Physical progress (47.0%) is 53.0 points below expected progress (100.0%). | Completion date has been revised by 75 month(s) (from 03/2021 to 06/2027). | Cost overrun of 49.8% (original Rs. 1622.27 Cr -> revised Rs. 2430.76 Cr). | Recent progress growth is healthy (~3.00 points/month).
701415,Polavaram Irrigation Project,Water Resources-AP,Andhra Pradesh,2026-07,77.5,HIGH,50.0,100.0,100.0,50.0,Physical progress (86.2%) is 13.8 points below expected progress (100.0%). | Completion date has been revised by 47 month(s) (from 04/2022 to 03/2026). | Cost overrun of 447.2% (original Rs. 10151.04 Cr -> revised Rs. 55548.87 Cr). | Recent progress growth is low (~0.01 points/month).
701530,Ken-Betwa Linking Development Project,"Department of Water Resources, River Development,","Multi-States (Madhya Pradesh, Uttar Pradesh)",2026-07,42.5,MEDIUM,100.0,0.0,0.0,75.0,Physical progress (0.0%) is 61.9 points below expected progress (61.9%). | No completion-date revision recorded (schedule risk based on original plan only). | Cost is within (or close to) the originally approved budget. | Recent progress growth is stalled or negative (no measurable gain last month).
701565,Jal Marg Vikas Project,Inland Waterways Authority of India [IWAI],"Multi-States (Bihar, Jharkhand, Uttar Pradesh, West Bengal)",2026-07,50.0,MEDIUM,50.0,100.0,0.0,25.0,Physical progress (85.1%) is 14.9 points below expected progress (100.0%). | Completion date has been revised by 34 month(s) (from 12/2023 to 10/2026). | Cost is within (or close to) the originally approved budget. | Recent progress growth is healthy (~1.38 points/month).
701570,"Replacement and revamping of pipeline projects in oil jetty area, Kandla",Deendayal Port Trust [DPT],Gujarat,2026-07,55.0,MEDIUM,25.0,75.0,65.0,75.0,Completion date has been revised by 18 month(s) (from 09/2023 to 03/2025). | Cost overrun of 23.8% (original Rs. 171.00 Cr -> revised Rs. 211.61 Cr). | Recent progress growth is stalled or negative (no measurable gain last month).
701574,Deepening and Optimization of Inner Harbour facilities including development of Western Dock on BOT basis to handle Cape size vessels,Paradip Port Trust [PPT],Odisha,2026-07,15.0,LOW,0.0,50.0,0.0,0.0,Physical progress (76.0%) is on track or ahead of expected progress (71.2%). | Completion date has been revised by 10 month(s) (from 12/2027 to 10/2028). | Cost is within (or close to) the originally approved budget. | Recent progress growth is healthy (~2.00 points/month).
701593,4G Services by BSNL,Department of Telecommunications [DoT],PAN India,2026-07,36.25,MEDIUM,25.0,75.0,0.0,50.0,Completion date has been revised by 24 month(s) (from 03/2024 to 03/2026). | Cost is within (or close to) the originally approved budget. | Recent progress growth is low (~0.16 points/month).
701597,Provision of 4G Mobile Services in Uncovered Villages of Arunachal Pradesh and 2 Districts of Assam,Department of Telecommunications,"Multi-States (Arunachal Pradesh, Assam)",2026-07,43.75,MEDIUM,25.0,100.0,0.0,50.0,Completion date has been revised by 41 month(s) (from 04/2023 to 09/2026). | Cost is within (or close to) the originally approved budget. | Recent progress growth is low (~0.24 points/month).
701598,Provision of 4G based Mobile Services in Uncovered Villages and National Highways of Meghalaya,Department of Telecommunications,Meghalaya,2026-07,46.25,MEDIUM,25.0,100.0,0.0,75.0,Completion date has been revised by 51 month(s) (from 03/2022 to 06/2026). | Cost is within (or close to) the originally approved budget. | Recent progress growth is stalled or negative (no measurable gain last month).
701599,Mobile connectivity in Left Wing Extremism [LWE] affected areas-Phase2,Department of Telecommunications [DoT],"Multi-States (Andhra Pradesh, Bihar, Chhattisgarh, Jharkhand, Madhya Pradesh, Maharashtra, Odisha, Telangana, Uttar Pradesh, West Bengal)",2026-07,50.0,MEDIUM,50.0,100.0,0.0,25.0,Physical progress (90.0%) is 10.0 points below expected progress (100.0%). | Completion date has been revised by 44 month(s) (from 03/2023 to 11/2026). | Cost is within (or close to) the originally approved budget. | Recent progress growth is healthy (~1.98 points/month).
701602,"Provision of 4G based mobile services in 7,287 uncovered villages of 44 Aspirational District across 5 states of Andhra Pradesh, Chhattisgarh, Jharkhand, Maharashtra & Odisha",Department of Telecommunications [DoT],"Multi-States (Andhra Pradesh, Chhattisgarh, Jharkhand, Maharashtra, Odisha)",2026-07,52.5,MEDIUM,50.0,100.0,0.0,50.0,Physical progress (81.5%) is 18.5 points below expected progress (100.0%). | Completion date has been revised by 38 month(s) (from 11/2023 to 01/2027). | Cost is within (or close to) the originally approved budget. | Recent progress growth is low (~0.27 points/month).
701657,Tumakuru Node - Phase 1 - Roads and Services Development,NICDC,Karnataka,2026-07,52.5,MEDIUM,100.0,50.0,0.0,25.0,Physical progress (27.1%) is 68.2 points below expected progress (95.3%). | Completion date has been revised by 12 month(s) (from 09/2026 to 09/2027). | Cost is within (or close to) the originally approved budget. | Recent progress growth is healthy (~1.45 points/month).
701658,Krishnapatnam Node - Phase 1 - Roads and Services Development,National Industrial Corridor Development Corporation,Andhra Pradesh,2026-07,26.25,LOW,75.0,0.0,0.0,0.0,Physical progress (47.8%) is 32.8 points below expected progress (80.6%). | No completion-date revision recorded (schedule risk based on original plan only). | Cost is within (or close to) the originally approved budget. | Recent progress growth is healthy (~2.34 points/month).
701661,Development of IMC Khurpia Farms under AKIC Project,National Industrial Corridor Development Corporation,Uttarakhand,2026-07,19.44,LOW,50.0,0.0,0.0,,Physical progress (3.2%) is 10.1 points below expected progress (13.3%). | No completion-date revision recorded (schedule risk based on original plan only). | Cost is within (or close to) the originally approved budget. | Recent progress trend could not be assessed (no prior month to compare).
701662,IMC Rajpura - Patiala Development Project,National Industrial Corridor Development Corporation,Punjab,2026-07,9.72,LOW,25.0,0.0,0.0,,No completion-date revision recorded (schedule risk based on original plan only). | Cost is within (or close to) the originally approved budget. | Recent progress trend could not be assessed (no prior month to compare).
701668,Development of Palakkad Node under extension of CBIC to Kochi,National Industrial Corridor Development Corporation,Kerala,2026-07,22.5,LOW,50.0,0.0,0.0,50.0,Physical progress (5.3%) is 16.1 points below expected progress (21.4%). | No completion-date revision recorded (schedule risk based on original plan only). | Cost is within (or close to) the originally approved budget. | Recent progress growth is low (~0.05 points/month).
701719,Rehablitation in Junavadaj Area Smart City Project,ministry of housing and urban affairs,Gujarat,2026-07,46.25,MEDIUM,25.0,100.0,0.0,75.0,Completion date has been revised by 48 month(s) (from 07/2022 to 07/2026). | Cost is within (or close to) the originally approved budget. | Recent progress growth is stalled or negative (no measurable gain last month).
701745,New Suburba Station Development Project,ministry of housing and urban affairs,Maharashtra,2026-07,35.0,MEDIUM,100.0,0.0,0.0,0.0,Physical progress (48.0%) is 52.0 points below expected progress (100.0%). | No completion-date revision recorded (schedule risk based on original plan only). | Cost is within (or close to) the originally approved budget. | Recent progress growth is healthy (~42.00 points/month).
701766,Green Building Development Project,ministry of housing and urban affairs,Uttarakhand,2026-07,91.25,HIGH,100.0,100.0,85.0,50.0,Physical progress (40.3%) is 59.7 points below expected progress (100.0%). | Completion date has been revised by 37 month(s) (from 11/2023 to 12/2026). | Cost overrun of 36.5% (original Rs. 150.97 Cr -> revised Rs. 206.00 Cr). | Recent progress growth is low (~0.25 points/month).
701991,Kalyan Station Precinct Imporvement Project,ministry of housing and urban affairs,Maharashtra,2026-07,66.25,HIGH,50.0,100.0,65.0,25.0,Physical progress (85.0%) is 15.0 points below expected progress (100.0%). | Completion date has been revised by 35 month(s) (from 07/2023 to 06/2026). | Cost overrun of 20.6% (original Rs. 600.00 Cr -> revised Rs. 723.70 Cr). | Recent progress growth is healthy (~1.00 points/month).
702355,Storm water drainag Development Project,ministry of housing and urban affairs,Dadra & Nagar Haveli and Daman & Diu,2026-04,38.89,MEDIUM,100.0,0.0,0.0,,Physical progress (20.0%) is 80.0 points below expected progress (100.0%). | No completion-date revision recorded (schedule risk based on original plan only). | Cost is within (or close to) the originally approved budget. | Recent progress trend could not be assessed (no prior month to compare).
702625,Bhopal Metro Rail Project,Madhya Pradesh Metro Rail Co Limited [MPMRCL],Madhya Pradesh,2026-07,61.25,HIGH,75.0,100.0,0.0,50.0,Physical progress (62.7%) is 37.3 points below expected progress (100.0%). | Completion date has been revised by 67 month(s) (from 11/2022 to 06/2028). | Cost is within (or close to) the originally approved budget. | Recent progress growth is low (~0.20 points/month).
702626,Indore Metro Rail Project,Madhya Pradesh Metro Rail Co Limited [MPMRCL],Madhya Pradesh,2026-07,61.25,HIGH,75.0,100.0,0.0,50.0,Physical progress (65.5%) is 34.5 points below expected progress (100.0%). | Completion date has been revised by 73 month(s) (from 11/2022 to 12/2028). | Cost is within (or close to) the originally approved budget. | Recent progress growth is low (~0.29 points/month).
702627,Patna Metro Rail Project,Patna Metro Rail Corporation Ltd. [PMRCL],Bihar,2026-07,63.75,HIGH,75.0,100.0,0.0,75.0,Physical progress (50.0%) is 50.0 points below expected progress (100.0%). | Completion date has been revised by 40 month(s) (from 02/2024 to 06/2027). | Cost is within (or close to) the originally approved budget. | Recent progress growth is stalled or negative (no measurable gain last month).
702628,Kanpur Metro Rail Project,Uttar Pradesh metro rail corporation [UPMRC],Uttar Pradesh,2026-07,52.5,MEDIUM,50.0,100.0,0.0,50.0,Physical progress (83.0%) is 17.0 points below expected progress (100.0%). | Completion date has been revised by 34 month(s) (from 05/2024 to 03/2027). | Cost is within (or close to) the originally approved budget. | Recent progress growth is low (~0.50 points/month).
702629,Agra Metro Rail Project,Uttar Pradesh metro rail corporation [UPMRC],Uttar Pradesh,2026-07,61.25,HIGH,75.0,100.0,0.0,50.0,Physical progress (73.0%) is 27.0 points below expected progress (100.0%). | Completion date has been revised by 37 month(s) (from 05/2024 to 06/2027). | Cost is within (or close to) the originally approved budget. | Recent progress growth is low (~0.50 points/month).
702630,Surat Metro Rail Project,Gujarat Metro Rail Corporation Limited [GMRCL],Gujarat,2026-07,52.5,MEDIUM,50.0,100.0,0.0,50.0,Physical progress (81.9%) is 18.1 points below expected progress (100.0%). | Completion date has been revised by 36 month(s) (from 03/2024 to 03/2027). | Cost is within (or close to) the originally approved budget. | Recent progress growth is low (~0.80 points/month).
702632,DMRTS Phase - IV [3 Priority Corridors],Delhi Metro Rail Corporation Limited [DMRC],Delhi,2026-07,42.5,MEDIUM,50.0,75.0,0.0,25.0,Physical progress (83.5%) is 16.5 points below expected progress (100.0%). | Completion date has been revised by 21 month(s) (from 03/2025 to 12/2026). | Cost is within (or close to) the originally approved budget. | Recent progress growth is healthy (~1.26 points/month).
702635,Construction of Bangalore Metro Rail Project Phase 2.,Bengaluru Metro Rail,Karnataka,2026-07,60.0,MEDIUM,25.0,100.0,65.0,50.0,Completion date has been revised by 66 month(s) (from 03/2021 to 09/2026). | Cost overrun of 16.2% (original Rs. 26405.14 Cr -> revised Rs. 30695.12 Cr). | Recent progress growth is low (~0.20 points/month).
702637,Mumbai Metro Line 3,Mumbai Metro Rail Corporation Limited [MMRC],Maharashtra,2026-07,66.25,HIGH,25.0,100.0,100.0,25.0,Completion date has been revised by 29 month(s) (from 03/2023 to 08/2025). | Cost overrun of 61.1% (original Rs. 23136.00 Cr -> revised Rs. 37276.00 Cr). | Recent progress growth is healthy (~1.35 points/month).
702639,Ahmedabad Metro Rail Project [Phase-I],Gujarat Metro Rail Corporation Limited [GMRCL],Gujarat,2026-04,61.11,HIGH,25.0,100.0,65.0,,Completion date has been revised by 98 month(s) (from 03/2018 to 05/2026). | Cost overrun of 20.0% (original Rs. 10773.00 Cr -> revised Rs. 12924.50 Cr). | Recent progress trend could not be assessed (no prior month to compare).
702658,Nagpur Metro Rail Phase II Development Project,Maharashtra Metro Rail Corporation Limited [MMRCL],Maharashtra,2026-07,28.75,LOW,75.0,0.0,0.0,25.0,Physical progress (42.1%) is 29.6 points below expected progress (71.7%). | No completion-date revision recorded (schedule risk based on original plan only). | Cost is within (or close to) the originally approved budget. | Recent progress growth is healthy (~1.25 points/month).
702664,Kochi Metro Rail Phase 2 Development Project,CSPCC Projects,Kerala,2026-07,35.0,MEDIUM,100.0,0.0,0.0,0.0,Physical progress (41.2%) is 50.5 points below expected progress (91.7%). | Completion date has not slipped versus the original plan. | Cost is within (or close to) the originally approved budget. | Recent progress growth is healthy (~3.20 points/month).
702665,Construction Bangalore Metro Rail Project Phase-2A & 2B,Bengaluru Metro Rail,Karnataka,2026-07,28.75,LOW,75.0,0.0,0.0,25.0,Physical progress (67.5%) is 32.5 points below expected progress (100.0%). | Completion date has not slipped versus the original plan. | Cost is within (or close to) the originally approved budget. | Recent progress growth is healthy (~1.50 points/month).
702668,Chennai Metro Rail Phase-II Development Project,Chennai Metro Rail Limited [CMRL],Tamil Nadu,2026-07,8.75,LOW,25.0,0.0,0.0,0.0,No completion-date revision recorded (schedule risk based on original plan only). | Cost is within (or close to) the originally approved budget. | Recent progress growth is healthy (~2.37 points/month).
702674,"ESR - 8 nos., distribution system - 216 Km, new house service connections - 38760 nos. upgrading of feeder mains, pumping station etc. - Phase II",Ministry of Housing & Urban Affairs,Andhra Pradesh,2026-07,55.0,MEDIUM,50.0,100.0,0.0,75.0,Physical progress (82.0%) is 18.0 points below expected progress (100.0%). | Completion date has been revised by 41 month(s) (from 03/2023 to 08/2026). | Cost is within (or close to) the originally approved budget. | Recent progress growth is stalled or negative (no measurable gain last month).
702699,Muzaffarpur Storm Water Drainage Phase-I Project,Ministry of Housing & Urban Affairs,Bihar,2026-07,55.0,MEDIUM,50.0,100.0,0.0,75.0,Physical progress (85.0%) is 15.0 points below expected progress (100.0%). | Completion date has been revised by 32 month(s) (from 10/2023 to 06/2026). | Cost is within (or close to) the originally approved budget. | Recent progress growth is stalled or negative (no measurable gain last month).
702734,Sewerage Management Scheme Part-3 Implementation,Ministry of Housing & Urban Affairs,Haryana,2026-07,55.0,MEDIUM,50.0,100.0,0.0,75.0,Physical progress (88.0%) is 12.0 points below expected progress (100.0%). | Completion date has been revised by 36 month(s) (from 09/2023 to 09/2026). | Cost is within (or close to) the originally approved budget. | Recent progress growth is stalled or negative (no measurable gain last month).
702741,Dhanbad Water Supply Infrastructure Project,Ministry of Housing & Urban Affairs,Jharkhand,2026-07,55.0,MEDIUM,50.0,100.0,0.0,75.0,Physical progress (76.0%) is 24.0 points below expected progress (100.0%). | Completion date has been revised by 39 month(s) (from 03/2023 to 06/2026). | Cost is within (or close to) the originally approved budget. | Recent progress growth is stalled or negative (no measurable gain last month).
702742,SAAP-3 Water Supply Infrastructure SAAP-3 Project,Ministry of Housing & Urban Affairs,Jharkhand,2026-07,63.75,HIGH,75.0,100.0,0.0,75.0,Physical progress (67.0%) is 33.0 points below expected progress (100.0%). | Completion date has been revised by 32 month(s) (from 10/2023 to 06/2026). | Cost is within (or close to) the originally approved budget. | Recent progress growth is stalled or negative (no measurable gain last month).
702746,Augmentation and Strenghthning of Urban Water Supply Phase 1 - SAAP 3,Ministry of Housing & Urban Affairs,Jharkhand,2026-07,55.0,MEDIUM,50.0,100.0,0.0,75.0,Physical progress (81.0%) is 19.0 points below expected progress (100.0%). | Completion date has been revised by 39 month(s) (from 03/2023 to 06/2026). | Cost is within (or close to) the originally approved budget. | Recent progress growth is stalled or negative (no measurable gain last month).
702760,Belgavi Improvement in Sewerage System Project,Ministry of Housing & Urban Affairs,Karnataka,2026-07,55.0,MEDIUM,50.0,100.0,0.0,75.0,Physical progress (80.0%) is 20.0 points below expected progress (100.0%). | Completion date has been revised by 35 month(s) (from 07/2023 to 06/2026). | Cost is within (or close to) the originally approved budget. | Recent progress growth is stalled or negative (no measurable gain last month).
702793,Indore Water Supply Infrastructure Project,Ministry of Housing & Urban Affairs,Madhya Pradesh,2026-07,46.25,MEDIUM,25.0,100.0,0.0,75.0,Completion date has been revised by 39 month(s) (from 03/2023 to 06/2026). | Cost is within (or close to) the originally approved budget. | Recent progress growth is stalled or negative (no measurable gain last month).
702808,Satna Sewerage Management and Treatment Infrastructure Project,Ministry of Housing & Urban Affairs,Madhya Pradesh,2026-07,56.25,MEDIUM,25.0,100.0,40.0,75.0,Completion date has been revised by 29 month(s) (from 03/2024 to 08/2026). | Cost overrun of 12.7% (original Rs. 191.56 Cr -> revised Rs. 215.89 Cr). | Recent progress growth is stalled or negative (no measurable gain last month).
702810,Singrauli Sewerage Management and Treatment Infrastructure Project,Ministry of Housing & Urban Affairs,Madhya Pradesh,2026-07,56.25,MEDIUM,25.0,100.0,40.0,75.0,Completion date has been revised by 39 month(s) (from 03/2023 to 06/2026). | Cost overrun of 9.0% (original Rs. 402.01 Cr -> revised Rs. 438.10 Cr). | Recent progress growth is stalled or negative (no measurable gain last month).
702833,Kalyan-Dombivali Water Supply Infrastructure Project,Ministry of Housing & Urban Affairs,Maharashtra,2026-07,55.0,MEDIUM,50.0,100.0,0.0,75.0,Physical progress (75.0%) is 25.0 points below expected progress (100.0%). | Completion date has been revised by 34 month(s) (from 10/2023 to 08/2026). | Cost is within (or close to) the originally approved budget. | Recent progress growth is stalled or negative (no measurable gain last month).
702840,Mira-Bhayandar Water Supply Infrastructure Project,Ministry of Housing & Urban Affairs,Maharashtra,2026-04,43.06,MEDIUM,25.0,100.0,0.0,,Completion date has been revised by 38 month(s) (from 03/2023 to 05/2026). | Cost is within (or close to) the originally approved budget. | Recent progress trend could not be assessed (no prior month to compare).
702851,Pune Water Supply Infrastructure Project,Ministry of Housing & Urban Affairs,Maharashtra,2026-06,46.25,MEDIUM,25.0,100.0,0.0,75.0,Completion date has been revised by 41 month(s) (from 03/2023 to 08/2026). | Cost is within (or close to) the originally approved budget. | Recent progress growth is stalled or negative (no measurable gain last month).
702854,Solapur Sewerage Management Infrastructure Project,Ministry of Housing & Urban Affairs,Maharashtra,2026-04,43.06,MEDIUM,25.0,100.0,0.0,,Completion date has been revised by 39 month(s) (from 03/2023 to 06/2026). | Cost is within (or close to) the originally approved budget. | Recent progress trend could not be assessed (no prior month to compare).
702949,Jhansi Water Supply Infrastructure Phase-II Project,Ministry of Housing & Urban Affairs,Uttar Pradesh,2026-07,46.25,MEDIUM,25.0,100.0,0.0,75.0,Completion date has been revised by 37 month(s) (from 07/2023 to 08/2026). | Cost is within (or close to) the originally approved budget. | Recent progress growth is stalled or negative (no measurable gain last month).
702958,Lucknow Sewerage Management Infrastructure Project,Ministry of Housing & Urban Affairs,Uttar Pradesh,2026-07,62.5,HIGH,25.0,100.0,65.0,75.0,Completion date has been revised by 41 month(s) (from 03/2023 to 08/2026). | Cost overrun of 21.6% (original Rs. 142.46 Cr -> revised Rs. 173.21 Cr). | Recent progress growth is stalled or negative (no measurable gain last month).
703021,Jalandhar Water Supply Infrastructure Project,Ministry of Housing & Urban Affairs,Punjab,2026-07,51.25,MEDIUM,25.0,100.0,20.0,75.0,Completion date has been revised by 36 month(s) (from 08/2023 to 08/2026). | Cost is within (or close to) the originally approved budget. | Recent progress growth is stalled or negative (no measurable gain last month).
703057,Patiala Water Supply Infrastructure Part-2 Project,Ministry of Housing & Urban Affairs,Punjab,2026-07,46.25,MEDIUM,25.0,100.0,0.0,75.0,Completion date has been revised by 34 month(s) (from 10/2023 to 08/2026). | Cost is within (or close to) the originally approved budget. | Recent progress growth is stalled or negative (no measurable gain last month).
703585,Yeshvanthpur - Channasandra Doubling Project [21.70 Km],Karnataka Rail Infrastructure Development Company Limited [K-RIDE],Karnataka,2026-06,81.25,HIGH,75.0,75.0,100.0,75.0,Physical progress (56.8%) is 43.2 points below expected progress (100.0%). | Completion date has been revised by 24 month(s) (from 03/2024 to 03/2026). | Cost overrun of 117.6% (original Rs. 314.10 Cr -> revised Rs. 683.57 Cr). | Recent progress growth is stalled or negative (no measurable gain last month).
703586,Baiyyappanahalli-Hosur 48 km,M.D/KRIDE SWR mor,"Multi-States (Karnataka, Tamil Nadu)",2026-07,75.0,HIGH,50.0,75.0,100.0,100.0,Physical progress (85.0%) is 15.0 points below expected progress (100.0%). | Completion date has been revised by 13 month(s) (from 12/2024 to 01/2026). | Cost overrun of 132.6% (original Rs. 498.70 Cr -> revised Rs. 1160.00 Cr). | Recent progress growth is stalled or negative (no measurable gain last month).
704495,"502 Aspirational District Scheme in Four states - Bihar, Madhya Pradesh, Rajastha and Uttar Pradesh",Department of Telecommunications [DoT],"Multi-States (Bihar, Madhya Pradesh, Rajasthan, Uttar Pradesh)",2026-07,43.75,MEDIUM,25.0,100.0,0.0,50.0,Completion date has been revised by 51 month(s) (from 03/2022 to 06/2026). | Cost is within (or close to) the originally approved budget. | Recent progress growth is low (~0.59 points/month).
705237,Western Dedicated Freight Corridor,DFCCIL,"Multi-States (Gujarat, Haryana, Maharashtra, Rajasthan, Uttar Pradesh)",2026-07,71.25,HIGH,25.0,100.0,100.0,75.0,Completion date has been revised by 45 month(s) (from 03/2022 to 12/2025). | Cost overrun of 142.7% (original Rs. 51101.00 Cr -> revised Rs. 124005.00 Cr). | Recent progress growth is stalled or negative (no measurable gain last month).
705244,Coach Production Factory Upgradation Project,CPM/ICF,Tamil Nadu,2026-07,42.5,MEDIUM,100.0,0.0,0.0,75.0,Physical progress (0.0%) is 100.0 points below expected progress (100.0%). | No completion-date revision recorded (schedule risk based on original plan only). | Cost is within (or close to) the originally approved budget. | Recent progress growth is stalled or negative (no measurable gain last month).
705252,Kazipet Wagon Overhauling Project,RVNL,Telangana,2026-06,42.5,MEDIUM,100.0,0.0,0.0,75.0,Physical progress (0.0%) is 100.0 points below expected progress (100.0%). | No completion-date revision recorded (schedule risk based on original plan only). | Cost is within (or close to) the originally approved budget. | Recent progress growth is stalled or negative (no measurable gain last month).
705253,Kurnool Coach Midlife Rehabilitation Project,South Central Railway [SCR] - II,Andhra Pradesh,2026-07,55.0,MEDIUM,50.0,100.0,0.0,75.0,Physical progress (75.0%) is 25.0 points below expected progress (100.0%). | Completion date has been revised by 72 month(s) (from 12/2020 to 12/2026). | Cost is within (or close to) the originally approved budget. | Recent progress growth is stalled or negative (no measurable gain last month).
705298,North Region Video Surveillance Project,RCIL,PAN India,2026-07,42.5,MEDIUM,100.0,0.0,0.0,75.0,Physical progress (48.0%) is 52.0 points below expected progress (100.0%). | No completion-date revision recorded (schedule risk based on original plan only). | Cost is within (or close to) the originally approved budget. | Recent progress growth is stalled or negative (no measurable gain last month).
705356,Ahmednagar - Beed - Parli - Vaijnath New Broad Gauge Line Railway Project [261.3 km],CAOC/CR CR mor,Maharashtra,2026-07,41.25,MEDIUM,25.0,0.0,100.0,75.0,Completion date has not slipped versus the original plan. | Cost overrun of 134.1% (original Rs. 2538.67 Cr -> revised Rs. 5942.48 Cr). | Recent progress growth is stalled or negative (no measurable gain last month).
705357,Baramati - Lonand 54 km,CAOC/CR CR mor,Maharashtra,2026-07,58.75,MEDIUM,75.0,0.0,100.0,75.0,Physical progress (60.0%) is 37.1 points below expected progress (97.1%). | Completion date has not slipped versus the original plan. | Cost overrun of 1193.0% (original Rs. 138.48 Cr -> revised Rs. 1790.50 Cr). | Recent progress growth is stalled or negative (no measurable gain last month).
705358,Khurda Road-Bolangir 301 km,CAO/C/ECOR ECoR mor,Odisha,2026-07,38.75,MEDIUM,25.0,0.0,100.0,50.0,Completion date has not slipped versus the original plan. | Cost overrun of 64.1% (original Rs. 3792.00 Cr -> revised Rs. 6221.98 Cr). | Recent progress growth is low (~0.50 points/month).
705359,Talcher-Bimlagarh 154 km,CAO/C/ECOR ECoR mor,Odisha,2026-07,91.25,HIGH,75.0,100.0,100.0,100.0,Physical progress (56.0%) is 44.0 points below expected progress (100.0%). | Completion date has been revised by 48 month(s) (from 03/2025 to 03/2029). | Cost overrun of 135.8% (original Rs. 1928.00 Cr -> revised Rs. 4546.84 Cr). | Recent progress growth is stalled or negative (no measurable gain last month).
705362,"Jaynagar-Bijalpura, incl. extn. Bet, Bijalpura-Bardibas [Nepal]",East Central Railway [ECR] - I,Offshore,2026-06,55.0,MEDIUM,50.0,100.0,0.0,75.0,Physical progress (75.0%) is 25.0 points below expected progress (100.0%). | Completion date has been revised by 48 month(s) (from 03/2022 to 03/2026). | Cost is within (or close to) the originally approved budget. | Recent progress growth is stalled or negative (no measurable gain last month).
705364,Khagaria-Kusheshwar Asthan [42Km] new line project,East Central Railway [ECR] - I,Bihar,2026-06,88.75,HIGH,75.0,100.0,100.0,75.0,Physical progress (55.7%) is 44.3 points below expected progress (100.0%). | Completion date has been revised by 27 month(s) (from 12/2024 to 03/2027). | Cost overrun of 125.4% (original Rs. 614.00 Cr -> revised Rs. 1384.16 Cr). | Recent progress growth is stalled or negative (no measurable gain last month).
705366,Hajipur-Sagauli via Vaishali 148.3 km,CAO/Con/North/MHX ECR mor,Bihar,2026-07,91.25,HIGH,75.0,100.0,100.0,100.0,Physical progress (74.0%) is 26.0 points below expected progress (100.0%). | Completion date has been revised by 87 month(s) (from 03/2020 to 06/2027). | Cost overrun of 93.1% (original Rs. 2067.00 Cr -> revised Rs. 3991.33 Cr). | Recent progress growth is stalled or negative (no measurable gain last month).
705368,Araria-Supaul 92 km,CAO/Con/North/MHX ECR mor,Bihar,2026-07,100.0,HIGH,100.0,100.0,100.0,100.0,Physical progress (40.0%) is 60.0 points below expected progress (100.0%). | Completion date has been revised by 34 month(s) (from 03/2024 to 01/2027). | Cost overrun of 63.3% (original Rs. 1605.00 Cr -> revised Rs. 2621.05 Cr). | Recent progress growth is stalled or negative (no measurable gain last month).
705373,Fatuah-Islampur incl. material modification for extension of new line from Neora to Daniawan Daniawan to Biharsharif Biharsharif to Barbigha Barbigha to Sheikhpura,CAO/Con/South/MHX ECR mor,Bihar,2026-07,73.75,HIGH,25.0,100.0,100.0,100.0,Completion date has been revised by 29 month(s) (from 03/2023 to 08/2025). | Cost overrun of 121.3% (original Rs. 1473.00 Cr -> revised Rs. 3259.35 Cr). | Recent progress growth is stalled or negative (no measurable gain last month).
705375,Koderma-Tilaiya 68 km,CAO/Con/South/MHX ECR mor,"Multi-States (Bihar, Jharkhand)",2026-07,55.0,MEDIUM,25.0,50.0,85.0,100.0,Completion date has been revised by 12 month(s) (from 02/2025 to 02/2026). | Cost overrun of 49.6% (original Rs. 1626.00 Cr -> revised Rs. 2433.13 Cr). | Recent progress growth is stalled or negative (no measurable gain last month).
705385,Pirpainti - Jasidih 97 km,CAOC/ER ER mor,"Multi-States (Bihar, Jharkhand)",2026-07,20.0,LOW,0.0,0.0,40.0,100.0,Physical progress (40.0%) is on track or ahead of expected progress (13.0%). | Completion date has not slipped versus the original plan. | Cost overrun of 5.7% (original Rs. 2555.00 Cr -> revised Rs. 2700.43 Cr). | Recent progress growth is stalled or negative (no measurable gain last month).
705391,Jiribam-Imphal 110 km,CAO/C-III/NFR NFR mor,Manipur,2026-07,68.75,HIGH,50.0,100.0,85.0,0.0,Physical progress (78.0%) is 19.6 points below expected progress (97.6%). | Completion date has been revised by 30 month(s) (from 12/2026 to 06/2029). | Cost overrun of 52.8% (original Rs. 14323.00 Cr -> revised Rs. 21886.00 Cr). | Recent progress growth is healthy (~4.95 points/month).
705392,Dimapur-Kohima 88 km,CAO/C-1/NFR NFR mor,"Multi-States (Assam, Nagaland)",2026-07,100.0,HIGH,100.0,100.0,100.0,100.0,Physical progress (45.0%) is 55.0 points below expected progress (100.0%). | Completion date has been revised by 57 month(s) (from 03/2025 to 12/2029). | Cost overrun of 129.8% (original Rs. 6663.00 Cr -> revised Rs. 15310.23 Cr). | Recent progress growth is stalled or negative (no measurable gain last month).
705394,Teteliya-Byrnihat 21.5 km,CAO/C-II/NFR NFR mor,"Multi-States (Assam, Meghalaya)",2026-07,62.5,HIGH,50.0,100.0,40.0,50.0,Physical progress (87.0%) is 13.0 points below expected progress (100.0%). | Completion date has been revised by 187 month(s) (from 11/2011 to 06/2027). | Cost overrun of 9.8% (original Rs. 1304.62 Cr -> revised Rs. 1432.14 Cr). | Recent progress growth is low (~0.84 points/month).
705396,Byrnihat-Shillong New Rail Line- 108 km,Northeast Frontier Railway [NFR],Meghalaya,2026-06,77.5,HIGH,100.0,100.0,20.0,75.0,Physical progress (2.0%) is 98.0 points below expected progress (100.0%). | Completion date has been revised by 72 month(s) (from 03/2021 to 03/2027). | Cost is within (or close to) the originally approved budget. | Recent progress growth is stalled or negative (no measurable gain last month).
705401,Murkongselek-Pasighat 26.15 km,CAO/C-II/NFR NFR mor,"Multi-States (Arunachal Pradesh, Assam)",2026-07,83.75,HIGH,75.0,75.0,100.0,100.0,Physical progress (67.0%) is 33.0 points below expected progress (100.0%). | Completion date has been revised by 21 month(s) (from 03/2025 to 12/2026). | Cost overrun of 206.8% (original Rs. 435.00 Cr -> revised Rs. 1334.45 Cr). | Recent progress growth is stalled or negative (no measurable gain last month).
705410,Nangal Dam-Talwara 83.74 km - New broad gauge line & taking over siding Mukerian- Talwara 29.16 km,CAOC/NR NR mor,"Multi-States (Himachal Pradesh, Punjab)",2026-07,75.0,HIGH,50.0,75.0,100.0,100.0,Physical progress (84.0%) is 16.0 points below expected progress (100.0%). | Completion date has been revised by 24 month(s) (from 12/2025 to 12/2027). | Cost overrun of 102.0% (original Rs. 2018.00 Cr -> revised Rs. 4076.15 Cr). | Recent progress growth is stalled or negative (no measurable gain last month).
705419,Gwalior-Sheorpurkalan with extension to Kota 284 km,CAO/C/NCR NCR mor,Madhya Pradesh,2026-07,55.0,MEDIUM,25.0,50.0,85.0,100.0,Completion date has been revised by 11 month(s) (from 03/2025 to 02/2026). | Cost overrun of 35.5% (original Rs. 2913.00 Cr -> revised Rs. 3947.00 Cr). | Recent progress growth is stalled or negative (no measurable gain last month).
705424,Chandigarh-Baddi 33.23 km,CAOC/NR NR mor,"Multi-States (Haryana, Himachal Pradesh)",2026-07,42.5,MEDIUM,75.0,0.0,65.0,0.0,Physical progress (47.0%) is 43.6 points below expected progress (90.6%). | Completion date has not slipped versus the original plan. | Cost overrun of 26.1% (original Rs. 1540.00 Cr -> revised Rs. 1942.17 Cr). | Recent progress growth is healthy (~3.00 points/month).
705428,Bhanupalli-Bilaspur-Beri New Railway Line Project,RVNL - II,"Multi-States (Himachal Pradesh, Punjab)",2026-06,48.75,MEDIUM,75.0,50.0,0.0,75.0,Physical progress (64.0%) is 31.7 points below expected progress (95.7%). | Completion date has been revised by 12 month(s) (from 12/2026 to 12/2027). | Cost is within (or close to) the originally approved budget. | Recent progress growth is stalled or negative (no measurable gain last month).
705429,Rishikesh-Karnaprayag New Rail Line- 125 km,RVNL - II,Uttarakhand,2026-06,47.5,MEDIUM,50.0,100.0,0.0,0.0,Physical progress (77.5%) is 22.5 points below expected progress (100.0%). | Completion date has been revised by 36 month(s) (from 12/2025 to 12/2028). | Cost is within (or close to) the originally approved budget. | Recent progress growth is healthy (~3.00 points/month).
705432,Sivok-Rangpo New Rail Line,Indian Railway Construction International Limited [IRCON],"Multi-States (Sikkim, West Bengal)",2026-07,76.25,HIGH,50.0,100.0,85.0,75.0,Physical progress (80.0%) is 20.0 points below expected progress (100.0%). | Completion date has been revised by 151 month(s) (from 05/2015 to 12/2027). | Cost overrun of 49.5% (original Rs. 7877.00 Cr -> revised Rs. 11775.05 Cr). | Recent progress growth is stalled or negative (no measurable gain last month).
705433,Dallirajhra- Rowghat New Railway Line - Phase I [95 km],Rail Vikas Nigam Limited,Chhattisgarh,2026-07,34.0,MEDIUM,50.0,30.0,0.0,75.0,Physical progress (82.0%) is 18.0 points below expected progress (100.0%). | Completion date has been revised by 3 month(s) (from 09/2025 to 12/2025). | Cost is within (or close to) the originally approved budget. | Recent progress growth is stalled or negative (no measurable gain last month).
705434,New Railway Line between Ginigera and Raichur [165.57 km],South Western Railway [SWR] - II,Karnataka,2026-06,77.5,HIGH,75.0,100.0,65.0,50.0,Physical progress (71.0%) is 29.0 points below expected progress (100.0%). | Completion date has been revised by 96 month(s) (from 03/2019 to 03/2027). | Cost overrun of 18.3% (original Rs. 2565.00 Cr -> revised Rs. 3034.98 Cr). | Recent progress growth is low (~0.50 points/month).
705436,Kotapalli - Narasapur New Line,South Central Railway [SCR] - II,Andhra Pradesh,2026-06,42.5,MEDIUM,100.0,0.0,0.0,75.0,Physical progress (30.0%) is 57.9 points below expected progress (87.9%). | Completion date has not slipped versus the original plan. | Cost is within (or close to) the originally approved budget. | Recent progress growth is stalled or negative (no measurable gain last month).
705437,Manoharabad-Kothapalli New Rail Line [151 km],South Central Railway [SCR] - II,Telangana,2026-06,65.0,HIGH,50.0,50.0,100.0,75.0,Physical progress (72.0%) is 20.6 points below expected progress (92.6%). | Completion date has been revised by 9 month(s) (from 03/2027 to 12/2027). | Cost overrun of 139.7% (original Rs. 1160.00 Cr -> revised Rs. 2781.00 Cr). | Recent progress growth is stalled or negative (no measurable gain last month).
705444,Gevra Road-Pendra Road New Railway Line [135 km],Indian Railway Construction International Limited [IRCON],Chhattisgarh,2026-07,76.25,HIGH,50.0,100.0,85.0,75.0,Physical progress (83.4%) is 16.6 points below expected progress (100.0%). | Completion date has been revised by 57 month(s) (from 03/2022 to 12/2026). | Cost overrun of 49.9% (original Rs. 4970.00 Cr -> revised Rs. 7448.52 Cr). | Recent progress growth is stalled or negative (no measurable gain last month).
705450,Jogbani-Biratnagar New Rail Line project,Indian Railway Construction International Limited [IRCON],Bihar,2026-07,71.25,HIGH,50.0,100.0,65.0,75.0,Physical progress (86.5%) is 13.5 points below expected progress (100.0%). | Completion date has been revised by 57 month(s) (from 03/2022 to 12/2026). | Cost overrun of 20.9% (original Rs. 402.00 Cr -> revised Rs. 486.00 Cr). | Recent progress growth is stalled or negative (no measurable gain last month).
705453,"Dahod-Indore via Sardarpur, Jhabua & Dhar 200.97 km incl. material modification for change in alignment via Amjhera 4.82 km",CAOCWR WR mor,"Multi-States (Gujarat, Madhya Pradesh)",2026-07,51.25,MEDIUM,75.0,0.0,100.0,0.0,Physical progress (57.0%) is 39.8 points below expected progress (96.8%). | Completion date has not slipped versus the original plan. | Cost overrun of 1921.0% (original Rs. 456.07 Cr -> revised Rs. 9217.23 Cr). | Recent progress growth is healthy (~2.00 points/month).
705454,Chhota Udepur-Dhar 157 km,CAOCWR WR mor,"Multi-States (Gujarat, Madhya Pradesh)",2026-07,46.25,MEDIUM,75.0,0.0,40.0,100.0,Physical progress (58.0%) is 42.0 points below expected progress (100.0%). | Completion date has not slipped versus the original plan. | Cost overrun of 11.1% (original Rs. 1794.00 Cr -> revised Rs. 1993.65 Cr). | Recent progress growth is stalled or negative (no measurable gain last month).
705457,Ratlam-Mhow-Khandwa-Akola 472.64 km including material modification for Fatehabad-Chandrawati Ganj-Ujjain 22.96 km and Rau-DADN doubling 9.40 km,CAOCWR WR mor,"Multi-States (Madhya Pradesh, Maharashtra)",2026-07,75.0,HIGH,50.0,75.0,100.0,100.0,Physical progress (75.0%) is 20.7 points below expected progress (95.7%). | Completion date has been revised by 18 month(s) (from 03/2027 to 09/2028). | Cost overrun of 703.9% (original Rs. 1656.25 Cr -> revised Rs. 13314.47 Cr). | Recent progress growth is stalled or negative (no measurable gain last month).
705458,Miyagam-Karjan-Dabhoi-Samlaya 96.46 km- Gauge conversion with electrification,CAOCWR WR mor,Gujarat,2026-07,35.0,MEDIUM,0.0,0.0,100.0,100.0,Physical progress (34.0%) is on track or ahead of expected progress (16.7%). | Completion date has not slipped versus the original plan. | Cost overrun of 109.8% (original Rs. 483.88 Cr -> revised Rs. 1015.07 Cr). | Recent progress growth is stalled or negative (no measurable gain last month).
705464,Bangalore-Satyamanglam New Line Project [260 Km] - Part Hejjala - Chamarajanagar [142 Km],South Western Railway [SWR] - II,Karnataka,2026-06,7.5,LOW,0.0,0.0,0.0,75.0,Physical progress (0.0%) is on track or ahead of expected progress (0.0%). | No completion-date revision recorded (schedule risk based on original plan only). | Cost is within (or close to) the originally approved budget. | Recent progress growth is stalled or negative (no measurable gain last month).
705479,Wadsa-Gadchiroli 49.5 km,CAOC/SECR SECR mor,Maharashtra,2026-07,20.0,LOW,50.0,0.0,0.0,25.0,Physical progress (69.0%) is 11.0 points below expected progress (80.0%). | Completion date has not slipped versus the original plan. | Cost is within (or close to) the originally approved budget. | Recent progress growth is healthy (~1.00 points/month).
705480,"Lalitpur-Satna, Rewa-Singrauli & Mahoba-Khajuraho 541 km",CE/C-4/WCR WCR mor,"Multi-States (Madhya Pradesh, Uttar Pradesh)",2026-07,42.5,MEDIUM,50.0,50.0,0.0,100.0,Physical progress (73.0%) is 24.6 points below expected progress (97.6%). | Completion date has been revised by 9 month(s) (from 03/2027 to 12/2027). | Cost is within (or close to) the originally approved budget. | Recent progress growth is stalled or negative (no measurable gain last month).
705481,Ramganj Mandi-Bhopal 262 km,CPM/Kota WCR mor,"Multi-States (Madhya Pradesh, Rajasthan)",2026-07,65.0,HIGH,50.0,75.0,100.0,0.0,Physical progress (86.0%) is 14.0 points below expected progress (100.0%). | Completion date has been revised by 24 month(s) (from 12/2025 to 12/2027). | Cost overrun of 67.4% (original Rs. 3032.00 Cr -> revised Rs. 5074.76 Cr). | Recent progress growth is healthy (~2.00 points/month).
705482,Dholpur - Sirmuttra Gauge Conversion,North Central Railway,Rajasthan,2026-06,57.69,MEDIUM,,100.0,0.0,75.0,Progress risk could not be assessed (missing start or completion date). | Completion date has been revised by 96 month(s) (from 02/2019 to 02/2027). | Cost is within (or close to) the originally approved budget. | Recent progress growth is stalled or negative (no measurable gain last month).
705489,Madurai-Tuticorin via Aruppukkottai 143.5 km,CAOC/SR SR mor,Tamil Nadu,2026-07,97.5,HIGH,100.0,100.0,100.0,75.0,Physical progress (14.0%) is 86.0 points below expected progress (100.0%). | Completion date has been revised by 114 month(s) (from 07/2021 to 01/2031). | Cost overrun of 241.4% (original Rs. 601.43 Cr -> revised Rs. 2053.39 Cr). | Recent progress growth is stalled or negative (no measurable gain last month).
705490,Gadag - Wadi 252 km,CAOC/SWR SWR mor,Karnataka,2026-07,76.25,HIGH,100.0,50.0,65.0,100.0,Physical progress (35.0%) is 58.0 points below expected progress (93.0%). | Completion date has been revised by 9 month(s) (from 03/2027 to 12/2027). | Cost overrun of 29.1% (original Rs. 2842.00 Cr -> revised Rs. 3668.17 Cr). | Recent progress growth is stalled or negative (no measurable gain last month).
705491,Marikuppam-Kuppam 23.7 km,CAOC/SWR SWR mor,"Multi-States (Andhra Pradesh, Karnataka)",2026-07,70.0,HIGH,100.0,0.0,100.0,100.0,Physical progress (20.0%) is 80.0 points below expected progress (100.0%). | Completion date has not slipped versus the original plan. | Cost overrun of 69.1% (original Rs. 297.00 Cr -> revised Rs. 502.13 Cr). | Recent progress growth is stalled or negative (no measurable gain last month).
705492,Kadur-Chickmagalur-Sakleshpur 93 km,CAOC/SWR SWR mor,Karnataka,2026-07,52.75,MEDIUM,50.0,30.0,65.0,100.0,Physical progress (83.0%) is 17.0 points below expected progress (100.0%). | Completion date has been revised by 6 month(s) (from 06/2025 to 12/2025). | Cost overrun of 26.4% (original Rs. 825.00 Cr -> revised Rs. 1043.15 Cr). | Recent progress growth is stalled or negative (no measurable gain last month).
705493,Hubli-Ankola 167 km,CAOC/SWR SWR mor,Karnataka,2026-07,46.15,MEDIUM,,100.0,0.0,0.0,Progress risk could not be assessed (missing start or completion date). | Completion date has been revised by 300 month(s) (from 03/2005 to 03/2030). | Cost is within (or close to) the originally approved budget. | Recent progress growth is healthy (~5.30 points/month).
705494,Rayadurg-Tumkur via Kalyandurg 213 km,CAOC/SWR SWR mor,"Multi-States (Andhra Pradesh, Karnataka)",2026-07,91.25,HIGH,75.0,100.0,100.0,100.0,Physical progress (65.0%) is 35.0 points below expected progress (100.0%). | Completion date has been revised by 149 month(s) (from 09/2015 to 02/2028). | Cost overrun of 84.8% (original Rs. 2496.00 Cr -> revised Rs. 4612.00 Cr). | Recent progress growth is stalled or negative (no measurable gain last month).
705495,Bagalkot-Kudachi 142 km,CAOC/SWR SWR mor,Karnataka,2026-07,52.5,MEDIUM,75.0,0.0,65.0,100.0,Physical progress (35.0%) is 33.0 points below expected progress (68.0%). | Completion date has not slipped versus the original plan. | Cost overrun of 24.1% (original Rs. 1378.00 Cr -> revised Rs. 1710.44 Cr). | Recent progress growth is stalled or negative (no measurable gain last month).
705496,Tumkur-Chitradurg-Davangere 199.7 km,CAOC/SWR SWR mor,Karnataka,2026-07,65.0,HIGH,100.0,100.0,0.0,0.0,Physical progress (22.0%) is 78.0 points below expected progress (100.0%). | Completion date has been revised by 105 month(s) (from 03/2019 to 12/2027). | Cost is within (or close to) the originally approved budget. | Recent progress growth is healthy (~6.00 points/month).
705497,Wardha - Yavatmal Nanded Railway Line Project,Central Railways,Maharashtra,2026-07,50.0,MEDIUM,75.0,0.0,65.0,75.0,Physical progress (47.0%) is 50.0 points below expected progress (97.0%). | No completion-date revision recorded (schedule risk based on original plan only). | Cost overrun of 17.0% (original Rs. 3445.34 Cr -> revised Rs. 4030.69 Cr). | Recent progress growth is stalled or negative (no measurable gain last month).
705498,Kalyan-Kasara - 3rd line 67.62 km,CAOC/CR CR mor,Maharashtra,2026-07,50.0,MEDIUM,50.0,0.0,100.0,75.0,Physical progress (73.0%) is 23.3 points below expected progress (96.3%). | Completion date has not slipped versus the original plan. | Cost overrun of 76.0% (original Rs. 792.89 Cr -> revised Rs. 1395.50 Cr). | Recent progress growth is stalled or negative (no measurable gain last month).
705500,Wardha Sevagram-Nagpur - 3rd line 76.3 km,CAOC/CR CR mor,Maharashtra,2026-07,65.0,HIGH,50.0,50.0,100.0,75.0,Physical progress (88.0%) is 12.0 points below expected progress (100.0%). | Completion date has been revised by 10 month(s) (from 12/2025 to 10/2026). | Cost overrun of 66.6% (original Rs. 540.02 Cr -> revised Rs. 899.52 Cr). | Recent progress growth is stalled or negative (no measurable gain last month).
705502,Wardha-Balharshah - 3rd line 132 km,CAOC/CR CR mor,Maharashtra,2026-07,59.0,MEDIUM,50.0,30.0,100.0,75.0,Physical progress (86.0%) is 14.0 points below expected progress (100.0%). | Completion date has been revised by 2 month(s) (from 12/2025 to 02/2026). | Cost overrun of 88.0% (original Rs. 1384.72 Cr -> revised Rs. 2603.11 Cr). | Recent progress growth is stalled or negative (no measurable gain last month).
705504,Daund - Manmad 247.50 km,CAOC/CR CR mor,Maharashtra,2026-07,42.75,MEDIUM,25.0,30.0,100.0,0.0,Completion date has been revised by 3 month(s) (from 12/2025 to 03/2026). | Cost overrun of 70.8% (original Rs. 2081.27 Cr -> revised Rs. 3554.74 Cr). | Recent progress growth is healthy (~3.00 points/month).
705505,Wardha-Nagpur - 4th line 78.70 km,CAOC/CR CR mor,Maharashtra,2026-07,65.0,HIGH,50.0,50.0,100.0,75.0,Physical progress (88.0%) is 12.0 points below expected progress (100.0%). | Completion date has been revised by 10 month(s) (from 12/2025 to 10/2026). | Cost overrun of 87.2% (original Rs. 637.95 Cr -> revised Rs. 1194.59 Cr). | Recent progress growth is stalled or negative (no measurable gain last month).
705506,3rd Line Manmad - Jalgaon [160 Kilometres],Central Railway [CR] - II,Maharashtra,2026-07,47.5,MEDIUM,0.0,50.0,100.0,75.0,Physical progress (100.0%) is on track or ahead of expected progress (100.0%). | Completion date has been revised by 11 month(s) (from 12/2024 to 11/2025). | Cost overrun of 80.7% (original Rs. 1035.16 Cr -> revised Rs. 1870.00 Cr). | Recent progress growth is stalled or negative (no measurable gain last month).
705507,Itarsi-Nagpur bal. 280 km,CAOC/CR CR mor,"Multi-States (Madhya Pradesh, Maharashtra)",2026-07,53.75,MEDIUM,75.0,50.0,20.0,75.0,Physical progress (55.0%) is 38.5 points below expected progress (93.5%). | Completion date has been revised by 9 month(s) (from 03/2027 to 12/2027). | Cost is within (or close to) the originally approved budget. | Recent progress growth is stalled or negative (no measurable gain last month).
705510,Bhadrak-Nergundi - 3rd line 80 km,CAO/C/ECOR ECoR mor,Odisha,2026-07,66.25,HIGH,50.0,75.0,65.0,100.0,Physical progress (87.0%) is 13.0 points below expected progress (100.0%). | Completion date has been revised by 14 month(s) (from 11/2024 to 01/2026). | Cost overrun of 24.6% (original Rs. 1284.00 Cr -> revised Rs. 1600.00 Cr). | Recent progress growth is stalled or negative (no measurable gain last month).
705511,Jagdalpur-Koraput 110.22 km,CAO/C/ECOR ECoR mor,"Multi-States (Chhattisgarh, Odisha)",2026-07,53.75,MEDIUM,25.0,100.0,20.0,100.0,Completion date has been revised by 33 month(s) (from 03/2024 to 12/2026). | Cost is within (or close to) the originally approved budget. | Recent progress growth is stalled or negative (no measurable gain last month).
705512,Kottavalasa-Koraput 189.278 km,CAO/C/ECOR ECoR mor,"Multi-States (Andhra Pradesh, Odisha)",2026-07,80.0,HIGH,75.0,100.0,85.0,25.0,Physical progress (74.0%) is 26.0 points below expected progress (100.0%). | Completion date has been revised by 72 month(s) (from 03/2022 to 03/2028). | Cost overrun of 43.2% (original Rs. 2500.00 Cr -> revised Rs. 3580.41 Cr). | Recent progress growth is healthy (~1.00 points/month).
705513,Koraput-Singapur Road 164.56 km,CAO/C/ECOR ECoR mor,Odisha,2026-07,50.25,MEDIUM,75.0,30.0,20.0,100.0,Physical progress (56.0%) is 32.1 points below expected progress (88.1%). | Completion date has been revised by 3 month(s) (from 12/2027 to 03/2028). | Cost is within (or close to) the originally approved budget. | Recent progress growth is stalled or negative (no measurable gain last month).
705514,Jarapaada-Budhapank with flyover at Talcher Road - 3rd & 4th line 47 44 km,CAO/C/ECOR ECoR mor,Odisha,2026-07,75.0,HIGH,100.0,100.0,0.0,100.0,Physical progress (25.0%) is 75.0 points below expected progress (100.0%). | Completion date has been revised by 112 month(s) (from 11/2018 to 03/2028). | Cost is within (or close to) the originally approved budget. | Recent progress growth is stalled or negative (no measurable gain last month).
705515,Budhapank-Salegaon via Rajatgarh - 3rd & 4th line 85 85 km,CAO/C/ECOR ECoR mor,Odisha,2026-07,52.5,MEDIUM,50.0,0.0,100.0,100.0,Physical progress (86.0%) is 14.0 points below expected progress (100.0%). | Completion date has not slipped versus the original plan. | Cost overrun of 158.7% (original Rs. 1173.00 Cr -> revised Rs. 3034.80 Cr). | Recent progress growth is stalled or negative (no measurable gain last month).
705526,Samastipur-Darbhanga 38 km,CAO/Con/North/MHX ECR mor,Bihar,2026-07,58.75,MEDIUM,25.0,50.0,100.0,100.0,Completion date has been revised by 7 month(s) (from 03/2025 to 10/2025). | Cost overrun of 87.6% (original Rs. 519.00 Cr -> revised Rs. 973.56 Cr). | Recent progress growth is stalled or negative (no measurable gain last month).
705527,Sagauli - Valmikinagar 109.7 km,CAO/Con/North/MHX ECR mor,Bihar,2026-07,35.0,MEDIUM,25.0,0.0,65.0,100.0,Completion date has not slipped versus the original plan. | Cost overrun of 28.2% (original Rs. 1216.00 Cr -> revised Rs. 1558.77 Cr). | Recent progress growth is stalled or negative (no measurable gain last month).
705528,Muzaffarpur - Sagauli 100.6 km,CAO/Con/North/MHX ECR mor,Bihar,2026-07,48.75,MEDIUM,25.0,75.0,40.0,75.0,Completion date has been revised by 24 month(s) (from 06/2024 to 06/2026). | Cost overrun of 10.0% (original Rs. 1586.00 Cr -> revised Rs. 1744.84 Cr). | Recent progress growth is stalled or negative (no measurable gain last month).
705562,Chhapra-Ballia - Patch doubling 65 km,CAOC/NER NER mor,"Multi-States (Bihar, Uttar Pradesh)",2026-07,46.25,MEDIUM,25.0,75.0,20.0,100.0,Completion date has been revised by 15 month(s) (from 02/2025 to 05/2026). | Cost is within (or close to) the originally approved budget. | Recent progress growth is stalled or negative (no measurable gain last month).
705567,Burhwal - Gonda - 3rd line 61.72 km,CAOC/NER NER mor,Uttar Pradesh,2026-07,38.75,MEDIUM,0.0,75.0,65.0,0.0,Physical progress (100.0%) is on track or ahead of expected progress (100.0%). | Completion date has been revised by 14 month(s) (from 03/2025 to 05/2026). | Cost overrun of 28.7% (original Rs. 1016.00 Cr -> revised Rs. 1307.62 Cr). | Recent progress growth is healthy (~11.50 points/month).
705572,New Bongaigaon - Goalpara - Guwahati Kamakhya 176 km,CAO/C-III/NFR NFR mor,Assam,2026-07,35.0,MEDIUM,25.0,0.0,65.0,100.0,Completion date has not slipped versus the original plan. | Cost overrun of 22.8% (original Rs. 4060.00 Cr -> revised Rs. 4983.94 Cr). | Recent progress growth is stalled or negative (no measurable gain last month).
705583,Anand Vihar-Tilak Bridge - 3rd & 4th line 9.77 km,CAOC/NR NR mor,Delhi,2026-07,82.5,HIGH,100.0,100.0,40.0,75.0,Physical progress (23.0%) is 77.0 points below expected progress (100.0%). | Completion date has been revised by 57 month(s) (from 03/2023 to 12/2027). | Cost overrun of 5.2% (original Rs. 667.00 Cr -> revised Rs. 701.88 Cr). | Recent progress growth is stalled or negative (no measurable gain last month).
705588,Janghai - Pratapgarh - Amethi 87 km,CAO/C-II/NR NR mor,Uttar Pradesh,2026-07,57.5,MEDIUM,50.0,50.0,100.0,0.0,Physical progress (80.0%) is 20.0 points below expected progress (100.0%). | Completion date has been revised by 12 month(s) (from 03/2025 to 03/2026). | Cost overrun of 111.8% (original Rs. 722.00 Cr -> revised Rs. 1528.83 Cr). | Recent progress growth is healthy (~10.00 points/month).
705598,Jhansi-Bina - 3rd line 152.57 km,CAO/C/NCR NCR mor,"Multi-States (Madhya Pradesh, Uttar Pradesh)",2026-07,46.25,MEDIUM,25.0,100.0,0.0,75.0,Completion date has been revised by 48 month(s) (from 03/2022 to 03/2026). | Cost is within (or close to) the originally approved budget. | Recent progress growth is stalled or negative (no measurable gain last month).
705608,Jhansi-Khairar-Manikpur & Khirar-Bhimsen,North Central Railway,"Multi-States (Madhya Pradesh, Uttar Pradesh)",2026-07,33.75,MEDIUM,75.0,0.0,0.0,75.0,Physical progress (73.0%) is 27.0 points below expected progress (100.0%). | Completion date has not slipped versus the original plan. | Cost is within (or close to) the originally approved budget. | Recent progress growth is stalled or negative (no measurable gain last month).
705610,"Renigunta 9.60 km, Wadi 7.60 km & Gooty 3.8 km - Bypass",CAO/C/SCoR SCoR mor,"Multi-States (Andhra Pradesh, Tamil Nadu)",2026-07,70.25,HIGH,75.0,30.0,100.0,100.0,Physical progress (50.0%) is 50.0 points below expected progress (100.0%). | Completion date has been revised by 3 month(s) (from 12/2025 to 03/2026). | Cost overrun of 181.7% (original Rs. 302.00 Cr -> revised Rs. 850.74 Cr). | Recent progress growth is stalled or negative (no measurable gain last month).
705612,Kazipet-Vijayawada 3rd line with electrification [220 km],South Central Railway [SCR] - II,"Multi-States (Andhra Pradesh, Telangana)",2026-06,56.25,MEDIUM,25.0,50.0,100.0,75.0,Completion date has been revised by 10 month(s) (from 02/2025 to 12/2025). | Cost overrun of 72.2% (original Rs. 1953.00 Cr -> revised Rs. 3363.00 Cr). | Recent progress growth is stalled or negative (no measurable gain last month).
705613,Third Line [new] between Kazipet - Balharshah with electrification [201.04 Km],South Central Railway [SCR] - II,"Multi-States (Maharashtra, Telangana)",2026-06,47.5,MEDIUM,25.0,50.0,65.0,75.0,Completion date has been revised by 10 month(s) (from 01/2025 to 11/2025). | Cost overrun of 18.3% (original Rs. 2595.00 Cr -> revised Rs. 3071.00 Cr). | Recent progress growth is stalled or negative (no measurable gain last month).
705616,Jharsuguda - Bilaspur - 4th line 206 km,CAOC/SECR SECR mor,"Multi-States (Chhattisgarh, Odisha)",2026-07,71.25,HIGH,50.0,75.0,85.0,100.0,Physical progress (88.0%) is 12.0 points below expected progress (100.0%). | Completion date has been revised by 17 month(s) (from 10/2024 to 03/2026). | Cost overrun of 39.2% (original Rs. 2140.00 Cr -> revised Rs. 2978.55 Cr). | Recent progress growth is stalled or negative (no measurable gain last month).
705617,Rajnandgaon-Nagpur - 3rd line 228 km,CAOC/SECR SECR mor,"Multi-States (Chhattisgarh, Maharashtra)",2026-07,41.25,MEDIUM,25.0,75.0,0.0,100.0,Completion date has been revised by 18 month(s) (from 12/2024 to 06/2026). | Cost is within (or close to) the originally approved budget. | Recent progress growth is stalled or negative (no measurable gain last month).
705628,Bondamunda - Ranchi 158.50 km,CAO/C/SER SER mor,"Multi-States (Jharkhand, Odisha)",2026-07,26.25,LOW,25.0,50.0,0.0,25.0,Completion date has been revised by 12 month(s) (from 06/2025 to 06/2026). | Cost is within (or close to) the originally approved budget. | Recent progress growth is healthy (~1.00 points/month).
705629,Narayangarh - Bhadrak - 3rd line 155 km,CAO/C/SER SER mor,"Multi-States (Odisha, West Bengal)",2026-07,61.25,HIGH,50.0,75.0,85.0,0.0,Physical progress (84.0%) is 16.0 points below expected progress (100.0%). | Completion date has been revised by 13 month(s) (from 12/2025 to 01/2027). | Cost overrun of 42.7% (original Rs. 2400.00 Cr -> revised Rs. 3425.32 Cr). | Recent progress growth is healthy (~2.00 points/month).
705632,Vijayawada19.50 km & Kazipet10.65 km -Byepass line,CAO/C/SCoR SCoR mor,"Multi-States (Andhra Pradesh, Telangana)",2026-07,50.0,MEDIUM,25.0,50.0,65.0,100.0,Completion date has been revised by 11 month(s) (from 01/2025 to 12/2025). | Cost overrun of 27.9% (original Rs. 647.00 Cr -> revised Rs. 827.46 Cr). | Recent progress growth is stalled or negative (no measurable gain last month).
705633,Guntur-Guntakal Doubling Project,South Central Railway [SCR] - II,Andhra Pradesh,2026-06,47.5,MEDIUM,25.0,50.0,65.0,75.0,Completion date has been revised by 12 month(s) (from 12/2025 to 12/2026). | Cost overrun of 15.1% (original Rs. 3733.00 Cr -> revised Rs. 4295.00 Cr). | Recent progress growth is stalled or negative (no measurable gain last month).
705635,Trivandrum- Kanyakumari,CAO/CN/ERS SR mor,"Multi-States (Kerala, Tamil Nadu)",2026-07,83.75,HIGH,75.0,100.0,100.0,25.0,Physical progress (59.0%) is 41.0 points below expected progress (100.0%). | Completion date has been revised by 39 month(s) (from 03/2025 to 06/2028). | Cost overrun of 164.3% (original Rs. 1432.00 Cr -> revised Rs. 3785.45 Cr). | Recent progress growth is healthy (~1.00 points/month).
705638,Kumbalam-Turavur - Patch doubling 15.59 km,CAO/CN/ERS SR mor,Kerala,2026-07,57.5,MEDIUM,75.0,0.0,85.0,100.0,Physical progress (30.0%) is 42.4 points below expected progress (72.4%). | Completion date has not slipped versus the original plan. | Cost overrun of 44.1% (original Rs. 813.00 Cr -> revised Rs. 1171.46 Cr). | Recent progress growth is stalled or negative (no measurable gain last month).
705639,Ernakulam-Kumbalam - Patch doubling 7.71 km,CAO/CN/ERS SR mor,Kerala,2026-07,57.5,MEDIUM,75.0,0.0,85.0,100.0,Physical progress (25.0%) is 26.2 points below expected progress (51.2%). | Completion date has not slipped versus the original plan. | Cost overrun of 37.7% (original Rs. 601.00 Cr -> revised Rs. 827.50 Cr). | Recent progress growth is stalled or negative (no measurable gain last month).
705648,Vijaywada-Gudur 3rd Line,RVNL - II,Andhra Pradesh,2026-06,38.75,MEDIUM,25.0,75.0,0.0,75.0,Completion date has been revised by 16 month(s) (from 11/2024 to 03/2026). | Cost is within (or close to) the originally approved budget. | Recent progress growth is stalled or negative (no measurable gain last month).
705650,Hospet - Tinaighat - Vasco Rail Doubling Project,RVNL - II,"Multi-States (Goa, Karnataka)",2026-06,33.75,MEDIUM,25.0,50.0,0.0,100.0,Completion date has been revised by 9 month(s) (from 03/2027 to 12/2027). | Cost is within (or close to) the originally approved budget. | Recent progress growth is stalled or negative (no measurable gain last month).
705659,Satna - Rewa 50 km,CE/C-4/WCR WCR mor,Madhya Pradesh,2026-07,41.25,MEDIUM,50.0,0.0,65.0,75.0,Physical progress (88.0%) is 12.0 points below expected progress (100.0%). | Completion date has not slipped versus the original plan. | Cost overrun of 29.2% (original Rs. 500.00 Cr -> revised Rs. 646.10 Cr). | Recent progress growth is stalled or negative (no measurable gain last month).
705660,Doubling of Katni - Singrauli Railway Line [261 km],Indian Railway Construction International Limited [IRCON],Madhya Pradesh,2026-06,47.5,MEDIUM,50.0,0.0,100.0,50.0,Physical progress (81.2%) is 18.8 points below expected progress (100.0%). | Completion date has not slipped versus the original plan. | Cost overrun of 79.0% (original Rs. 2445.00 Cr -> revised Rs. 4377.00 Cr). | Recent progress growth is low (~0.05 points/month).
705661,Katni - Grade separator / bypass 21.50 km,GM IRCON KATNI WCR mor,Madhya Pradesh,2026-07,75.0,HIGH,50.0,75.0,100.0,100.0,Physical progress (84.0%) is 16.0 points below expected progress (100.0%). | Completion date has been revised by 24 month(s) (from 09/2024 to 09/2026). | Cost overrun of 84.3% (original Rs. 1248.00 Cr -> revised Rs. 2300.00 Cr). | Recent progress growth is stalled or negative (no measurable gain last month).
705663,Bangalore-Whitefield-Bangalore City-Krishnarajapuram 23.08 km - Quadrupling,CPM/GS/SBC SWR mor,Karnataka,2026-07,57.5,MEDIUM,75.0,0.0,85.0,100.0,Physical progress (70.0%) is 30.0 points below expected progress (100.0%). | Completion date has not slipped versus the original plan. | Cost overrun of 45.5% (original Rs. 493.00 Cr -> revised Rs. 717.54 Cr). | Recent progress growth is stalled or negative (no measurable gain last month).
705667,Mathura-Jhansi - 3rd line 273.80 km,CMD / RVNL RVNL mor,"Multi-States (Madhya Pradesh, Rajasthan, Uttar Pradesh)",2026-07,48.75,MEDIUM,25.0,100.0,0.0,100.0,Completion date has been revised by 36 month(s) (from 12/2023 to 12/2026). | Cost is within (or close to) the originally approved budget. | Recent progress growth is stalled or negative (no measurable gain last month).
705668,Kharagpur-Adityapur - 3rd line 132 km,CMD / RVNL RVNL mor,"Multi-States (Jharkhand, West Bengal)",2026-07,48.75,MEDIUM,25.0,75.0,40.0,75.0,Completion date has been revised by 15 month(s) (from 03/2025 to 06/2026). | Cost overrun of 6.2% (original Rs. 3250.00 Cr -> revised Rs. 3450.00 Cr). | Recent progress growth is stalled or negative (no measurable gain last month).
705728,Mumbai-Ahmedabad High Speed Rail Project- 508 km,National High Speed Rail Corporation [NHSRC],"Multi-States (Dadra & Nagar Haveli and Daman & Diu, Gujarat, Maharashtra)",2026-07,58.75,MEDIUM,75.0,100.0,0.0,25.0,Physical progress (62.2%) is 26.9 points below expected progress (89.1%). | Completion date has been revised by 28 month(s) (from 08/2027 to 12/2029). | Cost is within (or close to) the originally approved budget. | Recent progress growth is healthy (~1.29 points/month).
705730,Joka-BBD Bag new metro project,RVNL - II,West Bengal,2026-06,88.75,HIGH,75.0,100.0,100.0,75.0,Physical progress (51.0%) is 46.0 points below expected progress (97.0%). | Completion date has been revised by 36 month(s) (from 12/2026 to 12/2029). | Cost overrun of 114.3% (original Rs. 4835.00 Cr -> revised Rs. 10362.00 Cr). | Recent progress growth is stalled or negative (no measurable gain last month).
705735,Solapur-Osmanabad - New line via Tuljapur 84.44 km umbrella work PB23/2018- 19/NR,CAOC/CR CR mor,Maharashtra,2026-07,82.5,HIGH,100.0,50.0,100.0,75.0,Physical progress (22.0%) is 51.3 points below expected progress (73.3%). | Completion date has been revised by 12 month(s) (from 03/2027 to 03/2028). | Cost overrun of 82.1% (original Rs. 904.92 Cr -> revised Rs. 1647.87 Cr). | Recent progress growth is stalled or negative (no measurable gain last month).
705741,Jeypore - Navarangpur 38 km,CAO/C/ECOR ECoR mor,Odisha,2026-07,67.5,HIGH,100.0,75.0,0.0,100.0,Physical progress (1.0%) is 64.7 points below expected progress (65.7%). | Completion date has been revised by 17 month(s) (from 07/2028 to 12/2029). | Cost is within (or close to) the originally approved budget. | Recent progress growth is stalled or negative (no measurable gain last month).
705742,Jeypore - Malkangiri 130 km,CAO/C/ECOR ECoR mor,Odisha,2026-07,10.0,LOW,0.0,0.0,0.0,100.0,Physical progress (6.0%) is on track or ahead of expected progress (3.5%). | Completion date has not slipped versus the original plan. | Cost is within (or close to) the originally approved budget. | Recent progress growth is stalled or negative (no measurable gain last month).
705747,Parasnath-Madhuban-Giridih new line,East Central Railway [ECR] - I,Jharkhand,2026-06,65.0,HIGH,100.0,75.0,0.0,75.0,Physical progress (0.1%) is 99.9 points below expected progress (100.0%). | Completion date has been revised by 24 month(s) (from 03/2024 to 03/2026). | Cost is within (or close to) the originally approved budget. | Recent progress growth is stalled or negative (no measurable gain last month).
705752,Gudha-Thathana Mithri - Construction of dedicated test track for testing and trial of rolling stocks and infrastructure components umbrella work PB23/2018-19/NR,CAOC/NWR NWR mor,Rajasthan,2026-07,16.25,LOW,25.0,0.0,0.0,75.0,Completion date has not slipped versus the original plan. | Cost is within (or close to) the originally approved budget. | Recent progress growth is stalled or negative (no measurable gain last month).
705761,Shimoga-Shikaripura-Ranebennur 103 km umbrella work PB23/2018-19/NR,CAOC/SWR SWR mor,Karnataka,2026-07,49.0,MEDIUM,100.0,30.0,0.0,50.0,Physical progress (14.0%) is 50.6 points below expected progress (64.6%). | Completion date has been revised by 6 month(s) (from 12/2027 to 06/2028). | Cost is within (or close to) the originally approved budget. | Recent progress growth is low (~0.10 points/month).
705762,Construction of New BG line between Hassan [Alur] to Belur [ Km 27.34],CAOC/SWR SWR mor,Karnataka,2026-06,60.0,MEDIUM,100.0,50.0,0.0,100.0,Physical progress (0.0%) is 81.8 points below expected progress (81.8%). | Completion date has been revised by 8 month(s) (from 04/2027 to 12/2027). | Cost is within (or close to) the originally approved budget. | Recent progress growth is stalled or negative (no measurable gain last month).
705763,Indore - Budni New Railway Line [198 kms],RVNL - II,Madhya Pradesh,2026-06,17.5,LOW,50.0,0.0,0.0,0.0,Physical progress (41.0%) is 16.1 points below expected progress (57.1%). | Completion date has not slipped versus the original plan. | Cost is within (or close to) the originally approved budget. | Recent progress growth is healthy (~4.00 points/month).
705764,Nimach-Badi Sadri NL Project 48 km,CAOC/NWR NWR mor,"Multi-States (Madhya Pradesh, Rajasthan)",2026-07,67.75,HIGH,75.0,30.0,100.0,75.0,Physical progress (60.0%) is 40.0 points below expected progress (100.0%). | Completion date has been revised by 3 month(s) (from 03/2026 to 06/2026). | Cost overrun of 80.9% (original Rs. 495.00 Cr -> revised Rs. 895.67 Cr). | Recent progress growth is stalled or negative (no measurable gain last month).
705765,Gomoh - Flyover for down trains 20 km,CAO/Con/South/MHX ECR mor,Jharkhand,2026-07,36.25,MEDIUM,75.0,0.0,0.0,100.0,Physical progress (65.0%) is 35.0 points below expected progress (100.0%). | Completion date has not slipped versus the original plan. | Cost is within (or close to) the originally approved budget. | Recent progress growth is stalled or negative (no measurable gain last month).
705766,Lalitpur - Birari with flyover at Lalitpur 15.80 km,CAO/C/NCR NCR mor,Uttar Pradesh,2026-07,66.25,HIGH,50.0,75.0,65.0,100.0,Physical progress (85.0%) is 15.0 points below expected progress (100.0%). | Completion date has been revised by 13 month(s) (from 12/2024 to 01/2026). | Cost overrun of 17.0% (original Rs. 304.44 Cr -> revised Rs. 356.10 Cr). | Recent progress growth is stalled or negative (no measurable gain last month).
705771,Allahabad-Bamhrauli Flyover Construction & 4th Railway Line Project,North Central Railway,Uttar Pradesh,2026-06,25.0,LOW,50.0,0.0,0.0,75.0,Physical progress (80.0%) is 20.0 points below expected progress (100.0%). | Completion date has not slipped versus the original plan. | Cost is within (or close to) the originally approved budget. | Recent progress growth is stalled or negative (no measurable gain last month).
705772,Mughalsarai - Allahabad - 3rd line 150 km,CAO/C/NCR NCR mor,Uttar Pradesh,2026-07,31.5,MEDIUM,50.0,30.0,20.0,0.0,Physical progress (77.0%) is 16.1 points below expected progress (93.1%). | Completion date has been revised by 3 month(s) (from 12/2026 to 03/2027). | Cost is within (or close to) the originally approved budget. | Recent progress growth is healthy (~3.00 points/month).
705774,Aligarh-Daud Khan - 3rd line 6.9 km & construction of flyover at Daud Khan,CAO/C/NCR NCR mor,Uttar Pradesh,2026-07,52.5,MEDIUM,50.0,100.0,20.0,0.0,Physical progress (87.0%) is 13.0 points below expected progress (100.0%). | Completion date has been revised by 26 month(s) (from 01/2025 to 03/2027). | Cost is within (or close to) the originally approved budget. | Recent progress growth is healthy (~4.00 points/month).
705777,Bhandai - Flyover for Etawah bound down trains 10 km,CAO/C/NCR NCR mor,Uttar Pradesh,2026-07,50.0,MEDIUM,100.0,50.0,0.0,0.0,Physical progress (11.0%) is 89.0 points below expected progress (100.0%). | Completion date has been revised by 12 month(s) (from 02/2026 to 02/2027). | Cost is within (or close to) the originally approved budget. | Recent progress growth is healthy (~2.00 points/month).
705780,Bhatni - Aunrihar with electrification 125 km excl Indara - Mau 116.95 km,CMD / RVNL RVNL mor,Uttar Pradesh,2026-07,53.75,MEDIUM,25.0,100.0,20.0,100.0,Completion date has been revised by 27 month(s) (from 03/2024 to 06/2026). | Cost is within (or close to) the originally approved budget. | Recent progress growth is stalled or negative (no measurable gain last month).
705782,Barabanki-Malhaur - 3rd & 4th Line 32.84 km,CAO/C-II/NR NR mor,Uttar Pradesh,2026-07,66.25,HIGH,50.0,75.0,65.0,100.0,Physical progress (77.0%) is 23.0 points below expected progress (100.0%). | Completion date has been revised by 17 month(s) (from 03/2025 to 08/2026). | Cost overrun of 18.0% (original Rs. 407.00 Cr -> revised Rs. 480.13 Cr). | Recent progress growth is stalled or negative (no measurable gain last month).
705783,Ludhiana-Kila Raipur 19 km with freight line at Gill station,CAOC/NR NR mor,Punjab,2026-07,58.75,MEDIUM,75.0,75.0,40.0,0.0,Physical progress (70.0%) is 30.0 points below expected progress (100.0%). | Completion date has been revised by 23 month(s) (from 03/2025 to 02/2027). | Cost overrun of 9.6% (original Rs. 237.64 Cr -> revised Rs. 260.33 Cr). | Recent progress growth is healthy (~13.00 points/month).
705785,Lodhma-Piska - Link line bypassing Hatia / Ranchi with Y connection 17.2 km,CAO/C/SER SER mor,Jharkhand,2026-07,50.0,MEDIUM,100.0,50.0,0.0,0.0,Physical progress (14.0%) is 86.0 points below expected progress (100.0%). | Completion date has been revised by 11 month(s) (from 06/2026 to 05/2027). | Cost is within (or close to) the originally approved budget. | Recent progress growth is healthy (~4.00 points/month).
705793,Raising of speed to 160 kmph/200 kmph on existing New Delhi-Mumbai route incl. Vadodara-Ahmedabad,PCE/WR,"Multi-States (Delhi, Gujarat, Madhya Pradesh, Maharashtra, Rajasthan)",2026-07,72.5,HIGH,75.0,75.0,65.0,75.0,Physical progress (66.3%) is 33.7 points below expected progress (100.0%). | Completion date has been revised by 24 month(s) (from 03/2024 to 03/2026). | Cost overrun of 18.9% (original Rs. 6806.44 Cr -> revised Rs. 8095.12 Cr). | Recent progress growth is stalled or negative (no measurable gain last month).
705794,New Delhi- Howrah Speed Booster[160Kmph] Project,PCE/NCR,"Multi-States (Bihar, Delhi, Jharkhand, Uttar Pradesh, West Bengal)",2026-06,42.5,MEDIUM,100.0,0.0,0.0,75.0,Physical progress (0.0%) is 100.0 points below expected progress (100.0%). | No completion-date revision recorded (schedule risk based on original plan only). | Cost is within (or close to) the originally approved budget. | Recent progress growth is stalled or negative (no measurable gain last month).
705799,Nagpur- Nagbhir Railway Line Gauge Conversion Project,MRIDC,Maharashtra,2026-06,25.0,LOW,50.0,0.0,0.0,75.0,Physical progress (80.0%) is 20.0 points below expected progress (100.0%). | Completion date has not slipped versus the original plan. | Cost is within (or close to) the originally approved budget. | Recent progress growth is stalled or negative (no measurable gain last month).
705912,Sawai Madhopur-Jaipur Railway Line Project,North Western Railway [NWR],Rajasthan,2026-06,42.5,MEDIUM,100.0,0.0,0.0,75.0,Physical progress (19.0%) is 61.9 points below expected progress (80.8%). | No completion-date revision recorded (schedule risk based on original plan only). | Cost is within (or close to) the originally approved budget. | Recent progress growth is stalled or negative (no measurable gain last month).
705918,Allahabad division - Aligarh - Harduaganj Flyover,North Central Railway,Uttar Pradesh,2026-06,51.5,MEDIUM,100.0,30.0,0.0,75.0,Physical progress (36.0%) is 58.1 points below expected progress (94.1%). | Completion date has been revised by 5 month(s) (from 10/2026 to 03/2027). | Cost is within (or close to) the originally approved budget. | Recent progress growth is stalled or negative (no measurable gain last month).
705919,Agra Fort-Bandikui Doubling Line Project,CAO/C/NCR,Rajasthan,2026-07,33.75,MEDIUM,75.0,0.0,0.0,75.0,Physical progress (56.0%) is 29.5 points below expected progress (85.5%). | Completion date has not slipped versus the original plan. | Cost is within (or close to) the originally approved budget. | Recent progress growth is stalled or negative (no measurable gain last month).
705933,Nimach-Ratlam 133 km,CAOCWR WR mor,Madhya Pradesh,2026-07,32.5,MEDIUM,0.0,0.0,100.0,75.0,Physical progress (100.0%) is on track or ahead of expected progress (75.8%). | Completion date has not slipped versus the original plan. | Cost overrun of 61.6% (original Rs. 1095.88 Cr -> revised Rs. 1770.58 Cr). | Recent progress growth is stalled or negative (no measurable gain last month).
705941,Bangalore Suburban Railway Project,Karnataka Rail Infrastructure Development Company Limited [K-RIDE],Karnataka,2026-07,72.5,HIGH,100.0,100.0,0.0,75.0,Physical progress (20.0%) is 73.2 points below expected progress (93.2%). | Completion date has been revised by 39 month(s) (from 12/2026 to 03/2030). | Cost is within (or close to) the originally approved budget. | Recent progress growth is stalled or negative (no measurable gain last month).
706718,C/o NITB Imphal Airport,Airport Authority of India [AAI],Manipur,2026-07,61.25,HIGH,75.0,100.0,0.0,50.0,Physical progress (53.1%) is 46.9 points below expected progress (100.0%). | Completion date has been revised by 29 month(s) (from 07/2024 to 12/2026). | Cost is within (or close to) the originally approved budget. | Recent progress growth is low (~0.50 points/month).
706724,Guwahati Airport New Integrated Terminal Building Construction Project,Adani Airport Holdings Limited,Assam,2026-07,57.5,MEDIUM,25.0,75.0,85.0,50.0,Completion date has been revised by 15 month(s) (from 03/2025 to 06/2026). | Cost overrun of 47.2% (original Rs. 1712.00 Cr -> revised Rs. 2520.00 Cr). | Recent progress growth is low (~0.20 points/month).
706757,Modasa-Shamlaji Road Railway Line Project,Western Railway WR - II,Gujarat,2026-06,48.75,MEDIUM,75.0,50.0,0.0,75.0,Physical progress (64.0%) is 36.0 points below expected progress (100.0%). | Completion date has been revised by 12 month(s) (from 03/2025 to 03/2026). | Cost is within (or close to) the originally approved budget. | Recent progress growth is stalled or negative (no measurable gain last month).
706759,Rampur Dumra-Tal-Rajendrapul - Addl bridge and doubling 14 km,CGM/CIVIL ECR mor,Bihar,2026-07,43.75,MEDIUM,25.0,50.0,40.0,100.0,Completion date has been revised by 12 month(s) (from 12/2024 to 12/2025). | Cost overrun of 6.8% (original Rs. 2373.64 Cr -> revised Rs. 2535.13 Cr). | Recent progress growth is stalled or negative (no measurable gain last month).
706763,Rajkot-Kanalus 111.20 km,CAOCWR WR mor,Gujarat,2026-07,18.75,LOW,25.0,0.0,40.0,0.0,Completion date has not slipped versus the original plan. | Cost overrun of 11.5% (original Rs. 1080.58 Cr -> revised Rs. 1205.18 Cr). | Recent progress growth is healthy (~8.00 points/month).
706775,BharatNet,Department of Telecommunications [DoT],PAN India,2026-07,16.25,LOW,25.0,0.0,0.0,75.0,Completion date has not slipped versus the original plan. | Cost is within (or close to) the originally approved budget. | Recent progress growth is stalled or negative (no measurable gain last month).
706776,Noapara-Barasat via Bimanbandar - Construction of Metro railway [18 km],"Metro Railway, Kolkata",West Bengal,2026-06,72.5,HIGH,100.0,100.0,0.0,75.0,Physical progress (32.2%) is 66.8 points below expected progress (99.0%). | Completion date has been revised by 31 month(s) (from 08/2026 to 03/2029). | Cost is within (or close to) the originally approved budget. | Recent progress growth is stalled or negative (no measurable gain last month).
706777,Baranagar-Barrackpore and Dakshineshwar- Construction of Metro Railway,RVNL - II,West Bengal,2026-06,88.75,HIGH,100.0,100.0,65.0,75.0,Physical progress (17.0%) is 80.0 points below expected progress (97.0%). | Completion date has been revised by 48 month(s) (from 12/2026 to 12/2030). | Cost overrun of 19.0% (original Rs. 2298.00 Cr -> revised Rs. 2734.00 Cr). | Recent progress growth is stalled or negative (no measurable gain last month).
706779,Mumbai Urban Transport Project [MUTP] - PHASE II,Mumbai Rail Vikas Corporation Ltd.[MRVC],Maharashtra,2026-06,46.25,MEDIUM,25.0,100.0,0.0,75.0,Completion date has been revised by 165 month(s) (from 03/2014 to 12/2027). | Cost is within (or close to) the originally approved budget. | Recent progress growth is stalled or negative (no measurable gain last month).
706780,Mumbai Urban Transport Project [MUTP] Phase-IIIA,Mumbai Rail Vikas Corporation Ltd.[MRVC],Maharashtra,2026-06,42.5,MEDIUM,100.0,0.0,0.0,75.0,Physical progress (25.0%) is 57.7 points below expected progress (82.7%). | Completion date has not slipped versus the original plan. | Cost is within (or close to) the originally approved budget. | Recent progress growth is stalled or negative (no measurable gain last month).
706781,Mumbai Urban Transport Project Phase-III,Mumbai Rail Vikas Corporation Ltd.[MRVC],Maharashtra,2026-06,55.0,MEDIUM,50.0,100.0,0.0,75.0,Physical progress (75.0%) is 25.0 points below expected progress (100.0%). | Completion date has been revised by 57 month(s) (from 03/2022 to 12/2026). | Cost is within (or close to) the originally approved budget. | Recent progress growth is stalled or negative (no measurable gain last month).
706811,NMDC Slurry Pipeline Project Phase-1,National Mineral Development Corporation Limited [NMDC],Chhattisgarh,2026-07,68.75,HIGH,25.0,100.0,100.0,50.0,Completion date has been revised by 38 month(s) (from 06/2023 to 08/2026). | Cost overrun of 86.7% (original Rs. 2907.00 Cr -> revised Rs. 5427.00 Cr). | Recent progress growth is low (~0.60 points/month).
706835,Belgaum-Dharwad via Kittur [73.10Km],South Western Railway [SWR] - II,Karnataka,2026-06,56.25,MEDIUM,75.0,75.0,0.0,75.0,Physical progress (0.0%) is 45.5 points below expected progress (45.5%). | Completion date has been revised by 15 month(s) (from 12/2027 to 03/2029). | Cost is within (or close to) the originally approved budget. | Recent progress growth is stalled or negative (no measurable gain last month).
706836,Dedicatedtest track for RDSO Phase-2 34 km Umbrella work PB22/2019-20/NR,CAOC/NWR NWR mor,Rajasthan,2026-07,28.75,LOW,0.0,0.0,85.0,75.0,Physical progress (98.0%) is on track or ahead of expected progress (93.3%). | No completion-date revision recorded (schedule risk based on original plan only). | Cost overrun of 32.8% (original Rs. 466.42 Cr -> revised Rs. 619.19 Cr). | Recent progress growth is stalled or negative (no measurable gain last month).
706837,Pradhan Kuntha Jn Line Doubling Project,East Central Railway [ECR] - I,Jharkhand,2026-07,16.25,LOW,25.0,0.0,0.0,75.0,Completion date has not slipped versus the original plan. | Cost is within (or close to) the originally approved budget. | Recent progress growth is stalled or negative (no measurable gain last month).
706854,Boridand-Ambikapur 118.81 km Umbrella work PB57/2019-20/NR,CAOC/SECR SECR mor,Chhattisgarh,2026-07,10.0,LOW,0.0,0.0,40.0,0.0,Physical progress (38.0%) is on track or ahead of expected progress (37.3%). | Completion date has not slipped versus the original plan. | Cost overrun of 14.6% (original Rs. 1376.00 Cr -> revised Rs. 1576.72 Cr). | Recent progress growth is healthy (~8.00 points/month).
706860,Barauni-Bachwara 16 km - 3rd & 4th line incl Barauni yard remodelling 32 km Umbrella work PB57/2019-20/NR,CAO/Con/North/MHX ECR mor,Bihar,2026-07,67.5,HIGH,100.0,75.0,0.0,100.0,Physical progress (38.0%) is 62.0 points below expected progress (100.0%). | Completion date has been revised by 14 month(s) (from 08/2025 to 10/2026). | Cost is within (or close to) the originally approved budget. | Recent progress growth is stalled or negative (no measurable gain last month).
706865,Chandorgaon-Cansaulim rail flyover 16 km Umbrella work PB57/2019-20/NR,CAOC/SWR SWR mor,Goa,2026-07,33.75,MEDIUM,75.0,0.0,0.0,75.0,Physical progress (0.0%) is 49.1 points below expected progress (49.1%). | No completion-date revision recorded (schedule risk based on original plan only). | Cost is within (or close to) the originally approved budget. | Recent progress growth is stalled or negative (no measurable gain last month).
706866,Sawaimadhopur - Bypass line 6.98 km Umbrella work PB57/2019-20/NR,CAOC/NWR NWR mor,Rajasthan,2026-07,58.75,MEDIUM,75.0,75.0,0.0,100.0,Physical progress (72.0%) is 28.0 points below expected progress (100.0%). | Completion date has been revised by 14 month(s) (from 03/2026 to 05/2027). | Cost is within (or close to) the originally approved budget. | Recent progress growth is stalled or negative (no measurable gain last month).
706898,Khurda Road - Balangir Electrification of Railway Track Project,Ministry of Railways,Odisha,2026-06,42.5,MEDIUM,100.0,0.0,0.0,75.0,Physical progress (0.0%) is 100.0 points below expected progress (100.0%). | No completion-date revision recorded (schedule risk based on original plan only). | Cost is within (or close to) the originally approved budget. | Recent progress growth is stalled or negative (no measurable gain last month).
706922,Guwahati-Dibrugarh via Tinsukia & Simaluguri-Dibrugarh,Central Organisation for Railway Electrification [CORE],Assam,2026-06,55.0,MEDIUM,50.0,100.0,0.0,75.0,Physical progress (89.0%) is 11.0 points below expected progress (100.0%). | Completion date has been revised by 45 month(s) (from 09/2020 to 06/2024). | Cost is within (or close to) the originally approved budget. | Recent progress growth is stalled or negative (no measurable gain last month).
706940,"Mariani-Jorhat, Tinsukia-Dangri and Makum -TirapTrack Electrification Project",GM/C/ NFR,Assam,2026-06,42.5,MEDIUM,100.0,0.0,0.0,75.0,Physical progress (0.0%) is 100.0 points below expected progress (100.0%). | No completion-date revision recorded (schedule risk based on original plan only). | Cost is within (or close to) the originally approved budget. | Recent progress growth is stalled or negative (no measurable gain last month).
706942,Harmuty-Murkongselek Branch Line Electrification Project,GM/C/ NFR,Assam,2026-06,42.5,MEDIUM,100.0,0.0,0.0,75.0,Physical progress (0.0%) is 100.0 points below expected progress (100.0%). | No completion-date revision recorded (schedule risk based on original plan only). | Cost is within (or close to) the originally approved budget. | Recent progress growth is stalled or negative (no measurable gain last month).
706950,Hospet-Hubli-Vasco da Gama Line Electrification Project,RVNL,"Multi-States (Goa, Karnataka)",2026-06,67.5,HIGH,25.0,100.0,85.0,75.0,Completion date has been revised by 39 month(s) (from 03/2023 to 06/2026). | Cost overrun of 50.8% (original Rs. 744.49 Cr -> revised Rs. 1122.62 Cr). | Recent progress growth is stalled or negative (no measurable gain last month).
706965,Establishment of new GMC Saran [Chhapara],"Medical Education, Ministry of Health and Family Welfare",Bihar,2026-07,11.54,LOW,,0.0,0.0,75.0,Progress risk could not be assessed (missing start or completion date). | No completion-date revision recorded (schedule risk based on original plan only). | Cost is within (or close to) the originally approved budget. | Recent progress growth is stalled or negative (no measurable gain last month).
706966,Establishment of new GMC Samastipur,"Medical Education, Ministry of Health and Family Welfare",Bihar,2026-07,11.54,LOW,,0.0,0.0,75.0,Progress risk could not be assessed (missing start or completion date). | No completion-date revision recorded (schedule risk based on original plan only). | Cost is within (or close to) the originally approved budget. | Recent progress growth is stalled or negative (no measurable gain last month).
706988,Establishment of new GMC Gondia,"Medical Education, Ministry of Health and Family Welfare",Maharashtra,2026-07,0.0,LOW,,0.0,0.0,0.0,Progress risk could not be assessed (missing start or completion date). | No completion-date revision recorded (schedule risk based on original plan only). | Cost is within (or close to) the originally approved budget. | Recent progress growth is healthy (~40.14 points/month).
706989,Establishment of new GMC West Garo Hills [Tura],"Medical Education, Ministry of Health and Family Welfare",Meghalaya,2026-07,11.54,LOW,,0.0,0.0,75.0,Progress risk could not be assessed (missing start or completion date). | No completion-date revision recorded (schedule risk based on original plan only). | Cost is within (or close to) the originally approved budget. | Recent progress growth is stalled or negative (no measurable gain last month).
707016,Establishment of new GMC Sitamarhi,"Medical Education, Ministry of Health and Family Welfare",Bihar,2026-07,11.54,LOW,,0.0,0.0,75.0,Progress risk could not be assessed (missing start or completion date). | No completion-date revision recorded (schedule risk based on original plan only). | Cost is within (or close to) the originally approved budget. | Recent progress growth is stalled or negative (no measurable gain last month).
707017,Establishment of new GMC Jhanjharpur,"Medical Education, Ministry of Health and Family Welfare",Bihar,2026-07,11.54,LOW,,0.0,0.0,75.0,Progress risk could not be assessed (missing start or completion date). | No completion-date revision recorded (schedule risk based on original plan only). | Cost is within (or close to) the originally approved budget. | Recent progress growth is stalled or negative (no measurable gain last month).
707018,Establishment of new GMC Siwan,"Medical Education, Ministry of Health and Family Welfare",Bihar,2026-07,11.54,LOW,,0.0,0.0,75.0,Progress risk could not be assessed (missing start or completion date). | No completion-date revision recorded (schedule risk based on original plan only). | Cost is within (or close to) the originally approved budget. | Recent progress growth is stalled or negative (no measurable gain last month).
707019,Establishment of new GMC Buxar,"Medical Education, Ministry of Health and Family Welfare",Bihar,2026-07,11.54,LOW,,0.0,0.0,75.0,Progress risk could not be assessed (missing start or completion date). | No completion-date revision recorded (schedule risk based on original plan only). | Cost is within (or close to) the originally approved budget. | Recent progress growth is stalled or negative (no measurable gain last month).
707020,Establishment of new GMC Jamui,"Medical Education, Ministry of Health and Family Welfare",Bihar,2026-07,58.75,MEDIUM,75.0,0.0,100.0,75.0,Physical progress (50.0%) is 50.0 points below expected progress (100.0%). | No completion-date revision recorded (schedule risk based on original plan only). | Cost overrun of 100.0% (original Rs. 250.00 Cr -> revised Rs. 500.00 Cr). | Recent progress growth is stalled or negative (no measurable gain last month).
707021,Establishment of new GMC Koderma,"Medical Education, Ministry of Health and Family Welfare",Jharkhand,2026-07,67.5,HIGH,100.0,0.0,100.0,75.0,Physical progress (40.0%) is 56.7 points below expected progress (96.7%). | No completion-date revision recorded (schedule risk based on original plan only). | Cost overrun of 101.9% (original Rs. 250.00 Cr -> revised Rs. 504.80 Cr). | Recent progress growth is stalled or negative (no measurable gain last month).
707022,Establishment of new GMC Chaibasa [Singhbhum],"Medical Education, Ministry of Health and Family Welfare",Jharkhand,2026-07,58.75,MEDIUM,75.0,0.0,100.0,75.0,Physical progress (57.0%) is 43.0 points below expected progress (100.0%). | No completion-date revision recorded (schedule risk based on original plan only). | Cost overrun of 81.6% (original Rs. 250.00 Cr -> revised Rs. 454.10 Cr). | Recent progress growth is stalled or negative (no measurable gain last month).
707039,Establishment of new GMC Gangtok,"Medical Education, Ministry of Health and Family Welfare",Sikkim,2026-07,41.25,MEDIUM,25.0,0.0,100.0,75.0,Completion date has not slipped versus the original plan. | Cost overrun of 154.1% (original Rs. 250.00 Cr -> revised Rs. 635.21 Cr). | Recent progress growth is stalled or negative (no measurable gain last month).
707044,Establishment of new GMC Korba,"Medical Education, Ministry of Health and Family Welfare",Chhattisgarh,2026-07,28.75,LOW,75.0,0.0,0.0,25.0,Physical progress (55.0%) is 31.8 points below expected progress (86.8%). | No completion-date revision recorded (schedule risk based on original plan only). | Cost is within (or close to) the originally approved budget. | Recent progress growth is healthy (~1.00 points/month).
707045,Establishment of new GMC Mahasamund,"Medical Education, Ministry of Health and Family Welfare",Chhattisgarh,2026-07,17.5,LOW,50.0,0.0,0.0,0.0,Physical progress (84.0%) is 16.0 points below expected progress (100.0%). | No completion-date revision recorded (schedule risk based on original plan only). | Cost is within (or close to) the originally approved budget. | Recent progress growth is healthy (~2.00 points/month).
707046,Establishment of new GMC Kanker,"Medical Education, Ministry of Health and Family Welfare",Chhattisgarh,2026-07,36.25,MEDIUM,75.0,0.0,0.0,100.0,Physical progress (45.0%) is 28.3 points below expected progress (73.3%). | No completion-date revision recorded (schedule risk based on original plan only). | Cost is within (or close to) the originally approved budget. | Recent progress growth is stalled or negative (no measurable gain last month).
707049,Establishment of new GMC Panchmahal,"Medical Education, Ministry of Health and Family Welfare",Gujarat,2026-07,47.5,MEDIUM,50.0,0.0,100.0,50.0,Physical progress (88.0%) is 12.0 points below expected progress (100.0%). | No completion-date revision recorded (schedule risk based on original plan only). | Cost overrun of 104.2% (original Rs. 325.00 Cr -> revised Rs. 663.50 Cr). | Recent progress growth is low (~0.50 points/month).
707050,Establishment of new GMC Porbandar,"Medical Education, Ministry of Health and Family Welfare",Gujarat,2026-07,50.0,MEDIUM,50.0,0.0,100.0,75.0,Physical progress (81.0%) is 19.0 points below expected progress (100.0%). | No completion-date revision recorded (schedule risk based on original plan only). | Cost overrun of 90.5% (original Rs. 325.00 Cr -> revised Rs. 618.98 Cr). | Recent progress growth is stalled or negative (no measurable gain last month).
707051,Establishment of new GMc Udhampur,"Medical Education, Ministry of Health and Family Welfare",Jammu and Kashmir,2026-07,25.0,LOW,50.0,0.0,0.0,75.0,Physical progress (75.0%) is 12.1 points below expected progress (87.1%). | No completion-date revision recorded (schedule risk based on original plan only). | Cost is within (or close to) the originally approved budget. | Recent progress growth is stalled or negative (no measurable gain last month).
707052,Establishment of new GMC Handwara [Distt. Kupwara],"Medical Education, Ministry of Health and Family Welfare",Jammu and Kashmir,2026-07,11.54,LOW,,0.0,0.0,75.0,Progress risk could not be assessed (missing start or completion date). | No completion-date revision recorded (schedule risk based on original plan only). | Cost is within (or close to) the originally approved budget. | Recent progress growth is stalled or negative (no measurable gain last month).
707057,Establishment of new GMC Leh,"Medical Education, Ministry of Health and Family Welfare",Ladakh,2026-07,11.54,LOW,,0.0,0.0,75.0,Progress risk could not be assessed (missing start or completion date). | No completion-date revision recorded (schedule risk based on original plan only). | Cost is within (or close to) the originally approved budget. | Recent progress growth is stalled or negative (no measurable gain last month).
707058,Establishment of new GMC Rajgarh,"Medical Education, Ministry of Health and Family Welfare",Madhya Pradesh,2026-07,17.5,LOW,50.0,0.0,0.0,0.0,Physical progress (86.0%) is 14.0 points below expected progress (100.0%). | No completion-date revision recorded (schedule risk based on original plan only). | Cost is within (or close to) the originally approved budget. | Recent progress growth is healthy (~2.00 points/month).
707059,Establishment of new GMC Mandla,"Medical Education, Ministry of Health and Family Welfare",Madhya Pradesh,2026-07,35.0,MEDIUM,100.0,0.0,0.0,0.0,Physical progress (45.0%) is 55.0 points below expected progress (100.0%). | No completion-date revision recorded (schedule risk based on original plan only). | Cost is within (or close to) the originally approved budget. | Recent progress growth is healthy (~2.00 points/month).
707067,Establishment of new GMC Mon,"Medical Education, Ministry of Health and Family Welfare",Nagaland,2026-07,11.54,LOW,,0.0,0.0,75.0,Progress risk could not be assessed (missing start or completion date). | No completion-date revision recorded (schedule risk based on original plan only). | Cost is within (or close to) the originally approved budget. | Recent progress growth is stalled or negative (no measurable gain last month).
707069,Establishment of new GMC Kapurthala,"Medical Education, Ministry of Health and Family Welfare",Punjab,2026-07,32.5,MEDIUM,0.0,0.0,100.0,75.0,Physical progress (0.0%) is on track or ahead of expected progress (0.0%). | No completion-date revision recorded (schedule risk based on original plan only). | Cost overrun of 69.2% (original Rs. 325.00 Cr -> revised Rs. 550.00 Cr). | Recent progress growth is stalled or negative (no measurable gain last month).
707070,Establishment of new GMC Hoshiarpur,"Medical Education, Ministry of Health and Family Welfare",Punjab,2026-07,25.0,LOW,25.0,0.0,65.0,0.0,No completion-date revision recorded (schedule risk based on original plan only). | Cost overrun of 15.3% (original Rs. 325.00 Cr -> revised Rs. 374.75 Cr). | Recent progress growth is healthy (~4.00 points/month).
707086,Establishment of new GMC Rudrapur,"Medical Education, Ministry of Health and Family Welfare",Uttarakhand,2026-07,0.0,LOW,0.0,0.0,0.0,0.0,Physical progress (95.0%) is on track or ahead of expected progress (85.3%). | No completion-date revision recorded (schedule risk based on original plan only). | Cost is within (or close to) the originally approved budget. | Recent progress growth is healthy (~35.00 points/month).
707087,Establishment of new GMC Pithoragarh,"Medical Education, Ministry of Health and Family Welfare",Uttarakhand,2026-07,52.5,MEDIUM,50.0,0.0,100.0,100.0,Physical progress (78.0%) is 10.6 points below expected progress (88.6%). | No completion-date revision recorded (schedule risk based on original plan only). | Cost overrun of 136.6% (original Rs. 325.00 Cr -> revised Rs. 768.89 Cr). | Recent progress growth is stalled or negative (no measurable gain last month).
707215,National Maritime Heritage Complex [NMHC] Phase-I,Indian Port Rail & Ropeway Corporation Ltd. [IPRCL],Gujarat,2026-07,47.5,MEDIUM,50.0,0.0,100.0,50.0,Physical progress (79.9%) is 13.2 points below expected progress (93.1%). | Completion date has not slipped versus the original plan. | Cost overrun of 116.1% (original Rs. 573.00 Cr -> revised Rs. 1238.05 Cr). | Recent progress growth is low (~0.95 points/month).
707229,"Integrated Command control Center [ICCC] - Construction and Development of Integrated Command Control Center with Security, Surveillance, ITMS, Connecting Port, Ship Service, Smart Solid Waste Management, Smart Public Transport System",ministry of housing and urban affairs,Andaman & Nicobar,2026-07,56.25,MEDIUM,25.0,100.0,40.0,75.0,Completion date has been revised by 29 month(s) (from 05/2023 to 10/2025). | Cost overrun of 9.6% (original Rs. 209.88 Cr -> revised Rs. 230.00 Cr). | Recent progress growth is stalled or negative (no measurable gain last month).
707410,Integrated Multi Modal Logistics Hub at Nangal Chaudhary in Haryana - Other Trunk Infrastructure Development Phase 1,NICDC,Haryana,2026-07,63.75,HIGH,75.0,100.0,0.0,75.0,Physical progress (60.0%) is 40.0 points below expected progress (100.0%). | Completion date has been revised by 53 month(s) (from 12/2023 to 05/2028). | Cost is within (or close to) the originally approved budget. | Recent progress growth is stalled or negative (no measurable gain last month).
707414,Multi Modal Transport Hub [MMTH] Project at Boraki in Greater Noida - Infrastructure Development - Phase 1,National Industrial Corridor Development Corporation,Uttar Pradesh,2026-05,0.0,LOW,0.0,0.0,0.0,,Physical progress (0.0%) is on track or ahead of expected progress (0.0%). | No completion-date revision recorded (schedule risk based on original plan only). | Cost is within (or close to) the originally approved budget. | Recent progress trend could not be assessed (no prior month to compare).
707419,IMC at Prayagraj,National Industrial Corridor Development Corporation,Uttar Pradesh,2026-07,0.0,LOW,0.0,0.0,0.0,0.0,Physical progress (27.8%) is on track or ahead of expected progress (21.4%). | No completion-date revision recorded (schedule risk based on original plan only). | Cost is within (or close to) the originally approved budget. | Recent progress growth is healthy (~5.25 points/month).
707420,Gaya Integrated Manufacturing Cluster IMC in Bihar,National Industrial Corridor Development Corporation,Bihar,2026-07,9.72,LOW,25.0,0.0,0.0,,No completion-date revision recorded (schedule risk based on original plan only). | Cost is within (or close to) the originally approved budget. | Recent progress trend could not be assessed (no prior month to compare).
708687,Amended BharatNet Program - UP (West),Department of Telecommunications,Uttar Pradesh,2026-07,26.25,LOW,75.0,0.0,0.0,0.0,Physical progress (7.2%) is 40.0 points below expected progress (47.2%). | No completion-date revision recorded (schedule risk based on original plan only). | Cost is within (or close to) the originally approved budget. | Recent progress growth is healthy (~7.20 points/month).
709747,Bagodara Solar Power Project,Satluj Jal Vidyut Nigam [SJVN] Thermal Limited,Gujarat,2026-07,33.75,MEDIUM,75.0,0.0,0.0,75.0,Physical progress (51.9%) is 48.1 points below expected progress (100.0%). | Completion date has not slipped versus the original plan. | Cost is within (or close to) the originally approved budget. | Recent progress growth is stalled or negative (no measurable gain last month).
709750,Laying of new 28 inch Desal Water Pipeline and 10 inch Reject Water Pipeline between CPCL Manali Refinery and CPCL Desalination plant at Ennore,Chennai Petroleum Corporation Limited [CPCL],Tamil Nadu,2026-07,40.0,MEDIUM,50.0,75.0,0.0,0.0,Physical progress (76.9%) is 23.1 points below expected progress (100.0%). | Completion date has been revised by 15 month(s) (from 09/2025 to 12/2026). | Cost is within (or close to) the originally approved budget. | Recent progress growth is healthy (~2.10 points/month).
709752,HP-COAT [Crude to Olefins and Aromatics Technology] demo unit at Visakh Refinery,Hindustan Petroleum Corporation Limited,Andhra Pradesh,2026-07,65.0,HIGH,25.0,100.0,85.0,50.0,Completion date has been revised by 32 month(s) (from 06/2024 to 02/2027). | Cost overrun of 37.5% (original Rs. 160.00 Cr -> revised Rs. 220.00 Cr). | Recent progress growth is low (~0.50 points/month).
709753,Haldia Panagarh Pipeline Project,Hindustan Petroleum Corporation Limited,West Bengal,2026-07,36.25,MEDIUM,25.0,50.0,40.0,25.0,Completion date has been revised by 9 month(s) (from 11/2025 to 08/2026). | Cost overrun of 9.6% (original Rs. 1010.00 Cr -> revised Rs. 1107.00 Cr). | Recent progress growth is healthy (~1.10 points/month).
709754,"Construction of LPG Facilities at Kamardanga, Assam",Hindustan Petroleum Corporation Limited,Assam,2026-07,0.0,LOW,0.0,0.0,0.0,0.0,Physical progress (83.8%) is on track or ahead of expected progress (76.9%). | No completion-date revision recorded (schedule risk based on original plan only). | Cost is within (or close to) the originally approved budget. | Recent progress growth is healthy (~4.00 points/month).
709755,"Setting up of new rail fed POL facility at Kamardanga, Assam",Hindustan Petroleum Corporation Limited,Assam,2026-07,0.0,LOW,0.0,0.0,0.0,0.0,Physical progress (87.5%) is on track or ahead of expected progress (76.9%). | No completion-date revision recorded (schedule risk based on original plan only). | Cost is within (or close to) the originally approved budget. | Recent progress growth is healthy (~2.00 points/month).
709757,"CGD Project in Banka, Dumka, Godda, Jamtara, Pakur, Sahibganj GA ID 11A.02",Hindustan Petroleum Corporation Limited,"Multi-States (Bihar, Jharkhand)",2026-04,19.44,LOW,50.0,0.0,0.0,,Physical progress (37.0%) is 10.9 points below expected progress (47.9%). | Completion date has not slipped versus the original plan. | Cost is within (or close to) the originally approved budget. | Recent progress trend could not be assessed (no prior month to compare).
709758,"CGD Project in Malda, Birbhum, Murshidabad, Dakshin Dinajpur GA ID 11A.03",Hindustan Petroleum Corporation Limited,West Bengal,2026-04,19.44,LOW,50.0,0.0,0.0,,Physical progress (36.3%) is 11.6 points below expected progress (47.9%). | Completion date has not slipped versus the original plan. | Cost is within (or close to) the originally approved budget. | Recent progress trend could not be assessed (no prior month to compare).
709759,"Petrochemical evacuation marketing terminal at Barmer, Rajasthan",Hindustan Petroleum Corporation Limited,Rajasthan,2026-07,2.5,LOW,0.0,0.0,0.0,25.0,Physical progress (97.5%) is on track or ahead of expected progress (86.1%). | No completion-date revision recorded (schedule risk based on original plan only). | Cost is within (or close to) the originally approved budget. | Recent progress growth is healthy (~1.70 points/month).
709760,HP TDAE Unit in Mumbai Refinery,Hindustan Petroleum Corporation Limited,Maharashtra,2026-05,17.75,LOW,25.0,30.0,0.0,0.0,Completion date has been revised by 2 month(s) (from 04/2026 to 06/2026). | Cost is within (or close to) the originally approved budget. | Recent progress growth is healthy (~7.00 points/month).
709770,City Gas Distribution Project at Pathankot District,Indian Oil Corporation Limited [IOCL],Punjab,2026-07,33.75,MEDIUM,75.0,0.0,0.0,75.0,Physical progress (2.0%) is 35.7 points below expected progress (37.7%). | No completion-date revision recorded (schedule risk based on original plan only). | Cost is within (or close to) the originally approved budget. | Recent progress growth is stalled or negative (no measurable gain last month).
709771,"City Gas Distribution Project at Beed, Jalgaon and Jalna Districts",Indian Oil Corporation Limited [IOCL],Maharashtra,2026-07,33.75,MEDIUM,75.0,0.0,0.0,75.0,Physical progress (3.4%) is 42.2 points below expected progress (45.6%). | No completion-date revision recorded (schedule risk based on original plan only). | Cost is within (or close to) the originally approved budget. | Recent progress growth is stalled or negative (no measurable gain last month).
709772,"City Gas Distribution Project at East Mednipore, West Mednipore & Jhargram Districts",Indian Oil Corporation Limited [IOCL],West Bengal,2026-07,31.25,MEDIUM,75.0,0.0,0.0,50.0,Physical progress (3.0%) is 43.9 points below expected progress (46.9%). | No completion-date revision recorded (schedule risk based on original plan only). | Cost is within (or close to) the originally approved budget. | Recent progress growth is low (~0.10 points/month).
709773,"City Gas Distribution Project at Jammu, Udhampur, Reasi, Samba and Kathua Districts",Indian Oil Corporation Limited [IOCL],Jammu and Kashmir,2026-07,33.75,MEDIUM,75.0,0.0,0.0,75.0,Physical progress (0.6%) is 34.1 points below expected progress (34.7%). | No completion-date revision recorded (schedule risk based on original plan only). | Cost is within (or close to) the originally approved budget. | Recent progress growth is stalled or negative (no measurable gain last month).
709774,Revamping/ Augmentation of facilities at existing port terminal at Mangalore,Indian Oil Corporation Limited [IOCL],Karnataka,2026-07,55.0,MEDIUM,50.0,75.0,40.0,50.0,Physical progress (85.6%) is 14.4 points below expected progress (100.0%). | Completion date has been revised by 18 month(s) (from 12/2025 to 06/2027). | Cost overrun of 8.1% (original Rs. 463.00 Cr -> revised Rs. 500.62 Cr). | Recent progress growth is low (~0.60 points/month).
709776,Augmentation/Revamping of Facilities at existing Guwahati Terminal at Betkuchi,Indian Oil Corporation Limited [IOCL],Assam,2026-07,38.75,MEDIUM,50.0,0.0,65.0,50.0,Physical progress (84.3%) is 11.9 points below expected progress (96.2%). | No completion-date revision recorded (schedule risk based on original plan only). | Cost overrun of 16.6% (original Rs. 277.00 Cr -> revised Rs. 323.09 Cr). | Recent progress growth is low (~0.10 points/month).
709777,Installation of Bitumen Manufacturing Unit along with allied facilities at Barauni Refinery,Indian Oil Corporation Limited [IOCL],Bihar,2026-07,68.75,HIGH,75.0,100.0,40.0,25.0,Physical progress (66.3%) is 33.7 points below expected progress (100.0%). | Completion date has been revised by 26 month(s) (from 04/2025 to 06/2027). | Cost overrun of 5.4% (original Rs. 389.35 Cr -> revised Rs. 410.30 Cr). | Recent progress growth is healthy (~1.70 points/month).
709778,Installation of new Biturox Unit along with allied facilities at Gujarat Refinery,Indian Oil Corporation Limited [IOCL],Gujarat,2026-07,50.0,MEDIUM,50.0,75.0,20.0,50.0,Physical progress (87.7%) is 12.3 points below expected progress (100.0%). | Completion date has been revised by 16 month(s) (from 08/2025 to 12/2026). | Cost is within (or close to) the originally approved budget. | Recent progress growth is low (~0.70 points/month).
709779,Capacity Expansion of Digboi Refinery from 0.65 to 1.0 MMTPA,Indian Oil Corporation Limited [IOCL],Assam,2026-07,53.75,MEDIUM,75.0,75.0,0.0,50.0,Physical progress (60.1%) is 39.9 points below expected progress (100.0%). | Completion date has been revised by 16 month(s) (from 03/2026 to 07/2027). | Cost is within (or close to) the originally approved budget. | Recent progress growth is low (~0.70 points/month).
709780,Construction of Additional Tankages and Allied Facilities at JNPT Terminal,Indian Oil Corporation Limited [IOCL],Maharashtra,2026-07,47.5,MEDIUM,75.0,0.0,65.0,50.0,Physical progress (72.9%) is 25.2 points below expected progress (98.1%). | No completion-date revision recorded (schedule risk based on original plan only). | Cost overrun of 27.7% (original Rs. 341.43 Cr -> revised Rs. 436.14 Cr). | Recent progress growth is low (~0.50 points/month).
709781,Revamping / Augmentation of Facilities at Mathura Bitumen Plant,Indian Oil Corporation Limited [IOCL],Uttar Pradesh,2026-07,20.0,LOW,50.0,0.0,0.0,25.0,Physical progress (57.3%) is 25.0 points below expected progress (82.3%). | Completion date has not slipped versus the original plan. | Cost is within (or close to) the originally approved budget. | Recent progress growth is healthy (~1.60 points/month).
709782,ATF Pipeline from Jawaharlal Nehru Port Trust to Navi Mumbai International Airport,Indian Oil Corporation Limited [IOCL],Maharashtra,2026-05,26.25,LOW,25.0,50.0,0.0,25.0,Completion date has been revised by 10 month(s) (from 08/2025 to 06/2026). | Cost is within (or close to) the originally approved budget. | Recent progress growth is healthy (~1.00 points/month).
709783,"Installation of Multiple Effect Evaporator [MEE] for ETP-1, 2 & 4 of Panipat Refinery and Petrochemical Complex.",Indian Oil Corporation Limited [IOCL],Haryana,2026-07,65.0,HIGH,25.0,100.0,85.0,50.0,Completion date has been revised by 40 month(s) (from 06/2023 to 10/2026). | Cost overrun of 50.0% (original Rs. 165.13 Cr -> revised Rs. 247.69 Cr). | Recent progress growth is low (~0.70 points/month).
709785,Laying of Natural Gas Pipeline from Hazaribagh to Ranchi [HRPL],Indian Oil Corporation Limited [IOCL],Jharkhand,2026-07,53.75,MEDIUM,75.0,75.0,0.0,50.0,Physical progress (58.4%) is 41.6 points below expected progress (100.0%). | Completion date has been revised by 13 month(s) (from 02/2026 to 03/2027). | Cost is within (or close to) the originally approved budget. | Recent progress growth is low (~0.30 points/month).
709786,"Augmentation/ Revamping of Dimapur Depot, Dimapur",Indian Oil Corporation Limited [IOCL],Nagaland,2026-07,28.75,LOW,75.0,0.0,0.0,25.0,Physical progress (43.0%) is 25.6 points below expected progress (68.6%). | No completion-date revision recorded (schedule risk based on original plan only). | Cost is within (or close to) the originally approved budget. | Recent progress growth is healthy (~1.40 points/month).
709791,City Gas Distribution Projects at Alipurduar and Cooch Behar,Bharat Petroleum Corporation Limited [BPCL],West Bengal,2026-07,13.75,LOW,25.0,0.0,0.0,50.0,No completion-date revision recorded (schedule risk based on original plan only). | Cost is within (or close to) the originally approved budget. | Recent progress growth is low (~0.10 points/month).
709792,"City Gas Distribution Projects at Darbhanga, Madhubani, Supaul, Sitamarhi and Sheohar districts",Bharat Petroleum Corporation Limited [BPCL],Bihar,2026-07,22.5,LOW,50.0,0.0,0.0,50.0,Physical progress (33.6%) is 15.8 points below expected progress (49.4%). | No completion-date revision recorded (schedule risk based on original plan only). | Cost is within (or close to) the originally approved budget. | Recent progress growth is low (~0.10 points/month).
709793,"City Gas Distribution Projects at Gopalganj, Siwan, West Champaran, East Champaran and Deoria districts",Bharat Petroleum Corporation Limited [BPCL],Bihar,2026-07,22.5,LOW,50.0,0.0,0.0,50.0,Physical progress (30.3%) is 17.5 points below expected progress (47.8%). | No completion-date revision recorded (schedule risk based on original plan only). | Cost is within (or close to) the originally approved budget. | Recent progress growth is low (~0.10 points/month).
709794,"City Gas Distribution Projects at Fazilka [except area already authorized], Ganganagar and Hanumangarh districts",Bharat Petroleum Corporation Limited [BPCL],Rajasthan,2026-07,22.5,LOW,50.0,0.0,0.0,50.0,Physical progress (31.1%) is 16.7 points below expected progress (47.8%). | No completion-date revision recorded (schedule risk based on original plan only). | Cost is within (or close to) the originally approved budget. | Recent progress growth is low (~0.10 points/month).
709795,"City Gas Distribution Projects at Lakhimpur Kheri , Sitapur, Bahraich, Shravasti,Balrampur, Siddharth Nagar & Maharajganj districts",Bharat Petroleum Corporation Limited [BPCL],Uttar Pradesh,2026-07,31.25,MEDIUM,75.0,0.0,0.0,50.0,Physical progress (19.8%) is 28.0 points below expected progress (47.8%). | No completion-date revision recorded (schedule risk based on original plan only). | Cost is within (or close to) the originally approved budget. | Recent progress growth is low (~0.80 points/month).
709796,City Gas Distribution Projects at the Nilgiris and Erode districts,Bharat Petroleum Corporation Limited [BPCL],Tamil Nadu,2026-07,25.0,LOW,50.0,0.0,0.0,75.0,Physical progress (25.5%) is 23.9 points below expected progress (49.4%). | No completion-date revision recorded (schedule risk based on original plan only). | Cost is within (or close to) the originally approved budget. | Recent progress growth is stalled or negative (no measurable gain last month).
709797,POL & LOBS Installations with Receipt Pipelines at Rasayani,Bharat Petroleum Corporation Limited [BPCL],Maharashtra,2026-07,20.0,LOW,50.0,0.0,0.0,25.0,Physical progress (87.3%) is 12.7 points below expected progress (100.0%). | No completion-date revision recorded (schedule risk based on original plan only). | Cost is within (or close to) the originally approved budget. | Recent progress growth is healthy (~1.90 points/month).
709798,Ethylene Cracker Project at Bina Refinery including downstream Petrochemical Plants and expansion of Refinery,Bharat Petroleum Corporation Limited [BPCL],Madhya Pradesh,2026-07,26.25,LOW,75.0,0.0,0.0,0.0,Physical progress (33.5%) is 29.8 points below expected progress (63.3%). | No completion-date revision recorded (schedule risk based on original plan only). | Cost is within (or close to) the originally approved budget. | Recent progress growth is healthy (~2.80 points/month).
709799,Setting up Polypropylene Unit at Kochi Refinery,Bharat Petroleum Corporation Limited [BPCL],Kerala,2026-07,27.5,LOW,50.0,0.0,40.0,0.0,Physical progress (45.2%) is 22.2 points below expected progress (67.4%). | No completion-date revision recorded (schedule risk based on original plan only). | Cost overrun of 8.7% (original Rs. 4460.00 Cr -> revised Rs. 4850.00 Cr). | Recent progress growth is healthy (~4.70 points/month).
709800,"CUF POL Depot at Sadashibpur [Meramundali], Odisha",Bharat Petroleum Corporation Limited [BPCL],Odisha,2026-07,26.5,LOW,50.0,30.0,0.0,0.0,Physical progress (86.0%) is 14.0 points below expected progress (100.0%). | Completion date has been revised by 6 month(s) (from 03/2026 to 09/2026). | Cost is within (or close to) the originally approved budget. | Recent progress growth is healthy (~2.50 points/month).
709811,GANDHAMARDAN IRON ORE MINES TO GOALDIH STATION/12.76kms,East Coast Railway [ECoR] - II,Odisha,2026-06,33.75,MEDIUM,75.0,0.0,0.0,75.0,Physical progress (5.0%) is 41.4 points below expected progress (46.4%). | Completion date has not slipped versus the original plan. | Cost is within (or close to) the originally approved budget. | Recent progress growth is stalled or negative (no measurable gain last month).
709812,Nadiad-Petlad 37.26 km,CAOCWR WR mor,Gujarat,2026-07,8.75,LOW,25.0,0.0,0.0,0.0,Completion date has not slipped versus the original plan. | Cost is within (or close to) the originally approved budget. | Recent progress growth is healthy (~22.00 points/month).
709813,New BG line intersection 5 nos between Geratpur-Sanand & Botad-Ahmedabad 16.51 km PB29/NR/2022-23,CAOCWR WR mor,Gujarat,2026-07,43.75,MEDIUM,75.0,0.0,40.0,75.0,Physical progress (22.0%) is 29.6 points below expected progress (51.6%). | Completion date has not slipped versus the original plan. | Cost overrun of 6.1% (original Rs. 437.21 Cr -> revised Rs. 463.95 Cr). | Recent progress growth is stalled or negative (no measurable gain last month).
709815,4th line - Bhatapara-Hathband 8.8 km PB72/NR/2022-23,CAOC/SECR SECR mor,"Multi-States (Chhattisgarh, Maharashtra)",2026-07,60.0,MEDIUM,100.0,50.0,0.0,100.0,Physical progress (3.0%) is 84.0 points below expected progress (87.0%). | Completion date has been revised by 11 month(s) (from 01/2027 to 12/2027). | Cost is within (or close to) the originally approved budget. | Recent progress growth is stalled or negative (no measurable gain last month).
709816,4th line - Bhilai-Bhilai nagar 8.8 km PB72/NR/2022-23,CAOC/SECR SECR mor,"Multi-States (Chhattisgarh, Maharashtra)",2026-07,45.0,MEDIUM,100.0,0.0,0.0,100.0,Physical progress (3.0%) is 82.1 points below expected progress (85.1%). | Completion date has not slipped versus the original plan. | Cost is within (or close to) the originally approved budget. | Recent progress growth is stalled or negative (no measurable gain last month).
709817,4th line - Dadhapara-Belha 9.2 km PB72/NR/2022-23,CAOC/SECR SECR mor,"Multi-States (Chhattisgarh, Maharashtra)",2026-07,45.0,MEDIUM,100.0,0.0,0.0,100.0,Physical progress (10.0%) is 80.9 points below expected progress (90.9%). | Completion date has not slipped versus the original plan. | Cost is within (or close to) the originally approved budget. | Recent progress growth is stalled or negative (no measurable gain last month).
709818,4th line - Rajnandgaon-Dongarhgarh 31.2 km PB72/NR/2022-23,CAOC/SECR SECR mor,Chhattisgarh,2026-07,45.0,MEDIUM,100.0,0.0,0.0,100.0,Physical progress (5.0%) is 72.8 points below expected progress (77.8%). | Completion date has not slipped versus the original plan. | Cost is within (or close to) the originally approved budget. | Recent progress growth is stalled or negative (no measurable gain last month).
709819,3rd & 4th line - Saragbundia & Madwarani 12.2 km PB72/NR/2022-23,CAOC/SECR SECR mor,Chhattisgarh,2026-07,45.0,MEDIUM,100.0,0.0,0.0,100.0,Physical progress (10.0%) is 78.9 points below expected progress (88.9%). | Completion date has not slipped versus the original plan. | Cost is within (or close to) the originally approved budget. | Recent progress growth is stalled or negative (no measurable gain last month).
709826,SCREENING PLANT-III AT KIRANDUL,National Mineral Development Corporation Limited [NMDC],Chhattisgarh,2026-07,55.0,MEDIUM,50.0,75.0,40.0,50.0,Physical progress (83.4%) is 16.6 points below expected progress (100.0%). | Completion date has been revised by 18 month(s) (from 01/2026 to 07/2027). | Cost overrun of 12.6% (original Rs. 2718.84 Cr -> revised Rs. 3062.39 Cr). | Recent progress growth is low (~0.27 points/month).
709831,SOURCING OF BAUXITE ARRANGEMENT FOR 5TH STREAM ALUMINA REFINERY FROM SOUTH BLOCK MINING LEASE OF PANCHPATMAILI MINES,National Aluminium Company Limited [NALCO],Odisha,2026-07,36.25,MEDIUM,25.0,75.0,0.0,50.0,Completion date has been revised by 13 month(s) (from 05/2025 to 06/2026). | Cost is within (or close to) the originally approved budget. | Recent progress growth is low (~0.08 points/month).
709832,25.5 MW WIND POWER PROJECT AT KAYATHAR IN TAMILNADU,National Aluminium Company Limited [NALCO],Tamil Nadu,2026-07,41.25,MEDIUM,75.0,50.0,0.0,0.0,Physical progress (70.0%) is 30.0 points below expected progress (100.0%). | Completion date has been revised by 12 month(s) (from 03/2025 to 03/2026). | Cost is within (or close to) the originally approved budget. | Recent progress growth is healthy (~3.27 points/month).
709837,"Creation of Gas Dehydration Facilities, Tripura Asset",Oil and Natural Gas Corporation Limited [ONGC],Tripura,2026-07,61.25,HIGH,75.0,100.0,0.0,50.0,Physical progress (71.3%) is 28.7 points below expected progress (100.0%). | Completion date has been revised by 29 month(s) (from 05/2024 to 10/2026). | Cost is within (or close to) the originally approved budget. | Recent progress growth is low (~0.80 points/month).
709838,Commercial Polymer Flooding Project in Bechraji field,Oil and Natural Gas Corporation Limited [ONGC],Gujarat,2026-07,75.0,HIGH,75.0,100.0,65.0,25.0,Physical progress (50.0%) is 50.0 points below expected progress (100.0%). | Completion date has been revised by 30 month(s) (from 11/2024 to 05/2027). | Cost overrun of 18.9% (original Rs. 621.40 Cr -> revised Rs. 739.02 Cr). | Recent progress growth is healthy (~1.80 points/month).
709839,Daman Upside Development Project,Oil and Natural Gas Corporation Limited [ONGC],Offshore,2026-07,62.5,HIGH,25.0,75.0,85.0,100.0,Completion date has been revised by 14 month(s) (from 10/2025 to 12/2026). | Cost overrun of 54.6% (original Rs. 4144.41 Cr -> revised Rs. 6406.90 Cr). | Recent progress growth is stalled or negative (no measurable gain last month).
709840,"Restoration of Gas Terminal, Phase-I [Part-A], Hazira",Oil and Natural Gas Corporation Limited [ONGC],Gujarat,2026-07,13.75,LOW,25.0,0.0,0.0,50.0,No completion-date revision recorded (schedule risk based on original plan only). | Cost is within (or close to) the originally approved budget. | Recent progress growth is low (~0.10 points/month).
709841,Old Pipe Line Replacement [OPRP] Group-A,Oil and Natural Gas Corporation Limited [ONGC],Gujarat,2026-07,36.25,MEDIUM,25.0,75.0,0.0,50.0,Completion date has been revised by 16 month(s) (from 07/2025 to 11/2026). | Cost is within (or close to) the originally approved budget. | Recent progress growth is low (~0.10 points/month).
709842,"Kalol Redevelopment Project, Ahmedabad Asset",Oil and Natural Gas Corporation Limited [ONGC],Gujarat,2026-07,20.0,LOW,50.0,0.0,0.0,25.0,Physical progress (66.0%) is 19.4 points below expected progress (85.5%). | No completion-date revision recorded (schedule risk based on original plan only). | Cost is within (or close to) the originally approved budget. | Recent progress growth is healthy (~1.00 points/month).
709845,"Revamping of SV Stations, Gas Terminal & Kribhco Terminal",Oil and Natural Gas Corporation Limited [ONGC],Gujarat,2026-07,52.5,MEDIUM,75.0,0.0,85.0,50.0,Physical progress (70.9%) is 26.9 points below expected progress (97.8%). | No completion-date revision recorded (schedule risk based on original plan only). | Cost overrun of 33.7% (original Rs. 837.34 Cr -> revised Rs. 1119.86 Cr). | Recent progress growth is low (~0.80 points/month).
709847,Pipeline Network Project Rudrasagar,Oil and Natural Gas Corporation Limited [ONGC],Assam,2026-07,46.25,MEDIUM,75.0,50.0,0.0,50.0,Physical progress (55.4%) is 44.6 points below expected progress (100.0%). | Completion date has been revised by 12 month(s) (from 04/2026 to 04/2027). | Cost is within (or close to) the originally approved budget. | Recent progress growth is low (~0.60 points/month).
709848,MHN TCPP PGC BGC Project [MTPBP],Oil and Natural Gas Corporation Limited [ONGC],Offshore,2026-07,33.75,MEDIUM,25.0,50.0,20.0,50.0,Completion date has been revised by 7 month(s) (from 05/2026 to 12/2026). | Cost is within (or close to) the originally approved budget. | Recent progress growth is low (~0.10 points/month).
709849,PRP-VIII Group B [NH & BS Asset],Oil and Natural Gas Corporation Limited [ONGC],Offshore,2026-07,52.5,MEDIUM,25.0,50.0,85.0,75.0,Completion date has been revised by 10 month(s) (from 02/2026 to 12/2026). | Cost overrun of 31.5% (original Rs. 2546.90 Cr -> revised Rs. 3348.60 Cr). | Recent progress growth is stalled or negative (no measurable gain last month).
709850,Borholla GGS Life Extension Project [BLEP],Oil and Natural Gas Corporation Limited [ONGC],Assam,2026-07,43.75,MEDIUM,75.0,50.0,0.0,25.0,Physical progress (63.5%) is 36.5 points below expected progress (100.0%). | Completion date has been revised by 10 month(s) (from 05/2026 to 03/2027). | Cost is within (or close to) the originally approved budget. | Recent progress growth is healthy (~1.00 points/month).
709851,Integrated Development of 4 Contract Areas under DSF-II,Oil and Natural Gas Corporation Limited [ONGC],Offshore,2026-07,26.25,LOW,75.0,0.0,0.0,0.0,Physical progress (47.4%) is 33.5 points below expected progress (80.8%). | No completion-date revision recorded (schedule risk based on original plan only). | Cost is within (or close to) the originally approved budget. | Recent progress growth is healthy (~3.50 points/month).
709856,MPLS-IP BASED ACCESS AND AGGREGATION NETWORK [MAAN] IN BSNL ALONG WITH TEST AND MEASURING EQUIPMENT,BSNL,PAN India,2026-07,38.75,MEDIUM,25.0,75.0,0.0,75.0,Completion date has been revised by 24 month(s) (from 08/2024 to 08/2026). | Cost is within (or close to) the originally approved budget. | Recent progress growth is stalled or negative (no measurable gain last month).
709857,"Planning, Engineering, Supply, Installation, Testing, Commissioning, Integration & Annual Maintenance of 4G mobile network at 1 Lakh sites on PAN India basis including Mumbai & Delhi LSA on turnkey basis under Phase IX.2 Project.",BSNL,PAN India,2026-07,36.25,MEDIUM,25.0,75.0,0.0,50.0,Completion date has been revised by 15 month(s) (from 06/2025 to 09/2026). | Cost is within (or close to) the originally approved budget. | Recent progress growth is low (~0.15 points/month).
709859,SETTING UP OF PHYSICAL INFRASTRUCTURE FOR THE NATIONAL INSTITUTE OF COMMUNICATION FINANCE [NICF] AT GHITORNI,National Communication Academy - Finance [Erstwhile NICF],Delhi,2026-07,46.25,MEDIUM,25.0,100.0,0.0,75.0,Completion date has been revised by 79 month(s) (from 02/2020 to 09/2026). | Cost is within (or close to) the originally approved budget. | Recent progress growth is stalled or negative (no measurable gain last month).
709864,DCU Revamp Project,Numaligarh Refinery Limited,Assam,2026-07,50.0,MEDIUM,50.0,100.0,0.0,25.0,Physical progress (80.5%) is 19.5 points below expected progress (100.0%). | Completion date has been revised by 32 month(s) (from 07/2024 to 03/2027). | Cost is within (or close to) the originally approved budget. | Recent progress growth is healthy (~1.90 points/month).
709865,Power Recovery Turbine [PRT] in PFCCU unit as an Energy Conservation Scheme,Numaligarh Refinery Limited,Assam,2026-07,38.75,MEDIUM,25.0,75.0,0.0,75.0,Completion date has been revised by 24 month(s) (from 12/2024 to 12/2026). | Cost is within (or close to) the originally approved budget. | Recent progress growth is stalled or negative (no measurable gain last month).
738679,Stamp Charge Battery No.7 Battery Proper at RSP,Steel Authority of India Limited (SAIL),Odisha,2026-07,0.0,LOW,0.0,0.0,0.0,,Physical progress (54.2%) is on track or ahead of expected progress (51.2%). | No completion-date revision recorded (schedule risk based on original plan only). | Cost is within (or close to) the originally approved budget. | Recent progress trend could not be assessed (no prior month to compare).
834015,Stamp Charge Battery No.12 By-product Plant at RSP,Steel Authority of India Limited (SAIL),Odisha,2026-07,29.17,LOW,75.0,0.0,0.0,,Physical progress (22.6%) is 28.6 points below expected progress (51.2%). | No completion-date revision recorded (schedule risk based on original plan only). | Cost is within (or close to) the originally approved budget. | Recent progress trend could not be assessed (no prior month to compare).
900808,Transmission System for Kurnool Wind Energy Zone/ Solar Energy Zone Part-A and Part-B,Power Grid Corporation of India Limited [POWERGRID],"Multi-States (Andhra Pradesh, Telangana)",2026-05,38.75,MEDIUM,25.0,75.0,0.0,75.0,Completion date has been revised by 18 month(s) (from 11/2024 to 05/2026). | Cost is within (or close to) the originally approved budget. | Recent progress growth is stalled or negative (no measurable gain last month).
900874,Jhajha - Batia 20 km Umbrella work PB23/2018-19/NR,CAO/Con/South/MHX ECR mor,Bihar,2026-07,50.0,MEDIUM,50.0,75.0,0.0,100.0,Physical progress (0.0%) is 13.0 points below expected progress (13.0%). | Completion date has been revised by 22 month(s) (from 03/2028 to 01/2030). | Cost is within (or close to) the originally approved budget. | Recent progress growth is stalled or negative (no measurable gain last month).
914467,Amended BharatNet Program - BR,Department of Telecommunications,PAN India,2026-07,29.17,LOW,75.0,0.0,0.0,,Physical progress (17.8%) is 26.7 points below expected progress (44.4%). | No completion-date revision recorded (schedule risk based on original plan only). | Cost is within (or close to) the originally approved budget. | Recent progress trend could not be assessed (no prior month to compare).
938832,Amended BharatNet Program - RJ,Department of Telecommunications,PAN India,2026-07,19.44,LOW,50.0,0.0,0.0,,Physical progress (0.0%) is 11.1 points below expected progress (11.1%). | No completion-date revision recorded (schedule risk based on original plan only). | Cost is within (or close to) the originally approved budget. | Recent progress trend could not be assessed (no prior month to compare).
944288,Super accelerated cooling system (Uniform Cooling) for high strength plates in Plate Mill at BSP,Steel Authority of India Limited (SAIL),Chhattisgarh,2026-07,19.44,LOW,50.0,0.0,0.0,,Physical progress (48.0%) is 24.2 points below expected progress (72.2%). | No completion-date revision recorded (schedule risk based on original plan only). | Cost is within (or close to) the originally approved budget. | Recent progress trend could not be assessed (no prior month to compare).
946208,Amended BharatNet Program - SKM,Department of Telecommunications,PAN India,2026-07,9.72,LOW,25.0,0.0,0.0,,No completion-date revision recorded (schedule risk based on original plan only). | Cost is within (or close to) the originally approved budget. | Recent progress trend could not be assessed (no prior month to compare).
976009,"Amended BharatNet Program - ARP, NGL, MNP",Department of Telecommunications,PAN India,2026-07,29.17,LOW,75.0,0.0,0.0,,Physical progress (0.6%) is 35.5 points below expected progress (36.1%). | No completion-date revision recorded (schedule risk based on original plan only). | Cost is within (or close to) the originally approved budget. | Recent progress trend could not be assessed (no prior month to compare).
